sku,observed_months,seasonality_status,level_qty,anchor_month_index,slope_12,slope_6,stable_trend_per_month,trend_status,latest_observed_month,level_window,leave_one_out_sign_share
010400432_,32,estimated_from_past,4.320527717749246,24318.0,-0.06027617506264313,-0.9823561561720142,0.0,unstable_trend_disabled,2026-08-01,3_calendar_months,0.8333333333333334
010400433_,31,insufficient_history,31.666666666666668,24318.0,3.2545454545454544,9.914285714285715,0.0,unstable_trend_disabled,2026-08-01,3_calendar_months,1.0
010400436_,32,estimated_from_past,17.438480069116192,24318.0,-1.5612760686374285,-0.5553549154226771,0.0,unstable_trend_disabled,2026-08-01,3_calendar_months,1.0
010400437_,31,estimated_from_past,29.697552305530902,24318.0,-1.6985459340284617,2.24575040452363,0.0,unstable_trend_disabled,2026-08-01,3_calendar_months,1.0
010400440_,32,estimated_from_past,15.089628481253646,24318.0,-1.2449613463834515,-0.18406384173718005,0.0,unstable_trend_disabled,2026-08-01,3_calendar_months,1.0
010400441_,30,estimated_from_past,15.289385061007392,24318.0,-0.28915479750079826,-0.5634789727975789,-0.28915479750079826,stable,2026-08-01,3_calendar_months,0.9166666666666666
010400444_,32,estimated_from_past,35.06251020280806,24318.0,-2.01601986197122,-1.0336497977724903,-2.01601986197122,stable,2026-08-01,3_calendar_months,1.0
010400445_,32,estimated_from_past,19.501048916427504,24318.0,-1.3163903661687408,0.7680049025333482,0.0,unstable_trend_disabled,2026-08-01,3_calendar_months,1.0
010400447_,32,estimated_from_past,30.316434132094127,24318.0,-1.084706004750977,-3.8372314898450686,0.0,unstable_trend_disabled,2026-08-01,3_calendar_months,1.0
010400448_,32,estimated_from_past,15.855635764704395,24318.0,-0.31174150419828733,0.8125752515746494,0.0,unstable_trend_disabled,2026-08-01,3_calendar_months,0.9166666666666666
020100158_,32,estimated_from_past,234.79257000142255,24318.0,-6.8940373726781,5.869348548668211,0.0,unstable_trend_disabled,2026-08-01,3_calendar_months,1.0
020100159_,25,insufficient_history,8.5,24317.5,0.0,0.0,0.0,insufficient_recent_history,2026-07-01,3_calendar_months,
020100160_,30,estimated_from_past,136.55741067397403,24318.0,-6.59393135404014,-1.2755518195006061,0.0,unstable_trend_disabled,2026-08-01,3_calendar_months,1.0
020100161_,23,insufficient_history,4.0,24318.0,0.0,0.0,0.0,insufficient_recent_history,2026-08-01,3_calendar_months,
020100162_,31,estimated_from_past,10.541613177522636,24318.0,0.2360697428804804,-0.7713978896396235,0.0,unstable_trend_disabled,2026-08-01,3_calendar_months,0.8181818181818182
020100163_,32,estimated_from_past,90.07885767760854,24318.0,2.9114588926118468,14.684259501531045,0.0,unstable_trend_disabled,2026-08-01,3_calendar_months,0.9166666666666666
030200002_,1,insufficient_history,,,0.0,0.0,0.0,insufficient_history,2025-08-01,none,
030200003_,14,insufficient_history,20.666666666666668,24318.0,1.6101910828025479,1.828571428571428,1.6101910828025479,stable,2026-08-01,3_calendar_months,1.0
030200005_,19,insufficient_history,19.0,24318.0,0.5727636849132176,2.697674418604651,0.0,unstable_trend_disabled,2026-08-01,3_calendar_months,0.9090909090909091
030200006_,5,insufficient_history,1.0,24315.0,0.0,0.0,0.0,insufficient_recent_history,2026-04-01,6_calendar_months,
030200007_,10,insufficient_history,43.0,24317.0,0.0,0.0,0.0,insufficient_recent_history,2026-06-01,3_calendar_months,
030200008_,7,insufficient_history,27.142857142857142,24309.0,0.0,0.0,0.0,insufficient_recent_history,2026-01-01,all_known_history_stale,
030200009_,3,insufficient_history,6.666666666666667,24307.0,0.0,0.0,0.0,insufficient_recent_history,2025-09-01,all_known_history_stale,
030200010_,0,insufficient_history,,,0.0,0.0,0.0,insufficient_history,,none,
030200011_,0,insufficient_history,,,0.0,0.0,0.0,insufficient_history,,none,
030200012_,0,insufficient_history,,,0.0,0.0,0.0,insufficient_history,,none,
030200013_,0,insufficient_history,,,0.0,0.0,0.0,insufficient_history,,none,
030200015_,4,insufficient_history,1.0,24315.0,0.0,0.0,0.0,insufficient_recent_history,2026-04-01,6_calendar_months,
030200016_,0,insufficient_history,,,0.0,0.0,0.0,insufficient_history,,none,
030200025_,4,insufficient_history,17.5,24290.75,0.0,0.0,0.0,insufficient_recent_history,2024-09-01,all_known_history_stale,
030200026_,6,insufficient_history,1.0,24316.0,0.0,0.0,0.0,insufficient_recent_history,2026-05-01,6_calendar_months,
030200027_,12,insufficient_history,2.0,24317.0,0.0,0.0,0.0,insufficient_recent_history,2026-06-01,3_calendar_months,
030200028_,15,insufficient_history,105.93333333333334,24295.0,0.0,0.0,0.0,insufficient_recent_history,2025-03-01,all_known_history_stale,
030200029_,13,insufficient_history,25.0,24294.69230769231,0.0,0.0,0.0,insufficient_recent_history,2025-03-01,all_known_history_stale,
030200030_,14,insufficient_history,177.07142857142858,24294.5,0.0,0.0,0.0,insufficient_recent_history,2025-02-01,all_known_history_stale,
030200031_,13,insufficient_history,103.3076923076923,24294.153846153848,0.0,0.0,0.0,insufficient_recent_history,2025-02-01,all_known_history_stale,
030200032_,14,insufficient_history,43.285714285714285,24294.714285714286,0.0,0.0,0.0,insufficient_recent_history,2025-03-01,all_known_history_stale,
030200034_,17,insufficient_history,32.0,24314.0,0.0,0.0,0.0,insufficient_recent_history,2026-03-01,6_calendar_months,
030200036_,14,insufficient_history,39.92857142857143,24294.928571428572,0.0,0.0,0.0,insufficient_recent_history,2025-03-01,all_known_history_stale,
030200037_,16,insufficient_history,146.875,24295.875,0.0,0.0,0.0,insufficient_recent_history,2025-10-01,all_known_history_stale,
030200038_,17,insufficient_history,317.6470588235294,24296.529411764706,0.0,0.0,0.0,insufficient_recent_history,2026-02-01,all_known_history_stale,
030200039_,17,insufficient_history,15.0,24314.0,0.0,0.0,0.0,insufficient_recent_history,2026-03-01,6_calendar_months,
030200042_,0,insufficient_history,,,0.0,0.0,0.0,insufficient_history,,none,
030200045_,0,insufficient_history,,,0.0,0.0,0.0,insufficient_history,,none,
030200047_,0,insufficient_history,,,0.0,0.0,0.0,insufficient_history,,none,
030200052_,1,insufficient_history,,,0.0,0.0,0.0,insufficient_history,2024-01-01,none,
030200053_,1,insufficient_history,,,0.0,0.0,0.0,insufficient_history,2024-06-01,none,
030200054_,1,insufficient_history,,,0.0,0.0,0.0,insufficient_history,2026-03-01,none,
030200060_,0,insufficient_history,,,0.0,0.0,0.0,insufficient_history,,none,
030200062_,0,insufficient_history,,,0.0,0.0,0.0,insufficient_history,,none,
030200063_,0,insufficient_history,,,0.0,0.0,0.0,insufficient_history,,none,
030200069_,0,insufficient_history,,,0.0,0.0,0.0,insufficient_history,,none,
030200072_,16,insufficient_history,10.5,24315.5,0.0,0.0,0.0,insufficient_recent_history,2026-05-01,6_calendar_months,
030200073_,0,insufficient_history,,,0.0,0.0,0.0,insufficient_history,,none,
030200075_,0,insufficient_history,,,0.0,0.0,0.0,insufficient_history,,none,
030200076_,0,insufficient_history,,,0.0,0.0,0.0,insufficient_history,,none,
030200090_,2,insufficient_history,,,0.0,0.0,0.0,insufficient_history,2025-11-01,none,
030200092_,0,insufficient_history,,,0.0,0.0,0.0,insufficient_history,,none,
030200093_,15,insufficient_history,9.5,24314.5,0.0,0.0,0.0,insufficient_recent_history,2026-04-01,6_calendar_months,
030200094_,2,insufficient_history,,,0.0,0.0,0.0,insufficient_history,2024-09-01,none,
030200095_,1,insufficient_history,,,0.0,0.0,0.0,insufficient_history,2025-08-01,none,
030200096_,2,insufficient_history,,,0.0,0.0,0.0,insufficient_history,2025-07-01,none,
030200097_,1,insufficient_history,,,0.0,0.0,0.0,insufficient_history,2026-03-01,none,
030200105_,0,insufficient_history,,,0.0,0.0,0.0,insufficient_history,,none,
030200125_,0,insufficient_history,,,0.0,0.0,0.0,insufficient_history,,none,
030200126_,0,insufficient_history,,,0.0,0.0,0.0,insufficient_history,,none,
030200127_,1,insufficient_history,,,0.0,0.0,0.0,insufficient_history,2025-10-01,none,
030200128_,2,insufficient_history,,,0.0,0.0,0.0,insufficient_history,2025-10-01,none,
030200129_,0,insufficient_history,,,0.0,0.0,0.0,insufficient_history,,none,
030200134_,13,insufficient_history,22.666666666666668,24318.0,3.05307855626327,-11.4,0.0,unstable_trend_disabled,2026-08-01,3_calendar_months,1.0
030200135_,17,insufficient_history,36.0,24318.0,3.1390977443609027,2.342857142857143,3.1390977443609027,stable,2026-08-01,3_calendar_months,1.0
030200136_,17,insufficient_history,23.5,24318.0,-1.9512195121951221,2.054054054054054,0.0,unstable_trend_disabled,2026-08-01,3_calendar_months,1.0
030200140_,0,insufficient_history,,,0.0,0.0,0.0,insufficient_history,,none,
030200141_,3,insufficient_history,6.0,24311.666666666668,0.0,0.0,0.0,insufficient_recent_history,2026-02-01,all_known_history_stale,
030200142_,6,insufficient_history,1.0,24315.0,0.0,0.0,0.0,insufficient_recent_history,2026-04-01,6_calendar_months,
030200143_,0,insufficient_history,,,0.0,0.0,0.0,insufficient_history,,none,
030200174_,0,insufficient_history,,,0.0,0.0,0.0,insufficient_history,,none,
030200175_,4,insufficient_history,3.5,24295.75,0.0,0.0,0.0,insufficient_recent_history,2025-05-01,all_known_history_stale,
030200176_,14,insufficient_history,2.5,24318.5,0.0,0.0,0.0,insufficient_recent_history,2026-08-01,3_calendar_months,
030200179_,0,insufficient_history,,,0.0,0.0,0.0,insufficient_history,,none,
030200183_,1,insufficient_history,,,0.0,0.0,0.0,insufficient_history,2025-03-01,none,
030200184_,0,insufficient_history,,,0.0,0.0,0.0,insufficient_history,,none,
030200191_,8,insufficient_history,8.5,24299.25,0.0,0.0,0.0,insufficient_recent_history,2026-01-01,all_known_history_stale,
030200192_,32,estimated_from_past,60993.37657738315,24318.0,831.7472507541888,3133.2193048316462,0.0,unstable_trend_disabled,2026-08-01,3_calendar_months,1.0
030200193_,32,estimated_from_past,31932.17773108254,24318.0,1004.6061166742633,2419.676708248907,0.0,unstable_trend_disabled,2026-08-01,3_calendar_months,1.0
030200194_,0,insufficient_history,,,0.0,0.0,0.0,insufficient_history,,none,
030200198_,0,insufficient_history,,,0.0,0.0,0.0,insufficient_history,,none,
030200200_,0,insufficient_history,,,0.0,0.0,0.0,insufficient_history,,none,
030200201_,32,estimated_from_past,24514.085084726437,24318.0,547.0760894748344,651.0245851699711,547.0760894748344,stable,2026-08-01,3_calendar_months,1.0
030200203_,31,estimated_from_past,3863.8561389600436,24318.0,283.36574324924186,308.9166078207125,283.36574324924186,stable,2026-08-01,3_calendar_months,1.0
030200219_,32,estimated_from_past,4135.658856937132,24318.0,46.047400864788365,-35.16501110363593,0.0,unstable_trend_disabled,2026-08-01,3_calendar_months,0.8333333333333334
030200220_,32,estimated_from_past,1546.6708381270917,24318.0,46.43308040445167,31.77476419186652,46.43308040445167,stable,2026-08-01,3_calendar_months,1.0
030200221_,32,estimated_from_past,1043.0567628589145,24318.0,-21.644556985873184,-380.20105874201056,0.0,unstable_trend_disabled,2026-08-01,3_calendar_months,0.9166666666666666
030200222_,32,estimated_from_past,447.48307974288787,24318.0,-13.41650800771113,18.76192940719639,0.0,unstable_trend_disabled,2026-08-01,3_calendar_months,1.0
030200223_,31,estimated_from_past,744.8223852096667,24318.0,-51.89169455826907,-3.575694093159135,0.0,unstable_trend_disabled,2026-08-01,3_calendar_months,1.0
030200224_,32,estimated_from_past,2614.2212056953917,24318.0,77.96278581842334,3.4585947680525804,0.0,unstable_trend_disabled,2026-08-01,3_calendar_months,1.0
030200225_,32,estimated_from_past,1782.9620108896167,24318.0,34.712752027961706,31.21798438390327,34.712752027961706,stable,2026-08-01,3_calendar_months,1.0
030200226_,32,estimated_from_past,46.97671160306273,24318.0,-5.255817841748198,-14.805973566389925,0.0,unstable_trend_disabled,2026-08-01,3_calendar_months,1.0
030200227_,32,estimated_from_past,275.2654824175822,24318.0,3.6593652727017814,21.763639744241818,0.0,unstable_trend_disabled,2026-08-01,3_calendar_months,0.8333333333333334
030200239_,14,insufficient_history,102.07142857142857,24294.5,0.0,0.0,0.0,insufficient_recent_history,2025-02-01,all_known_history_stale,
030200240_,19,insufficient_history,5.0,24314.0,0.0,0.0,0.0,insufficient_recent_history,2026-03-01,6_calendar_months,
030200243_,23,insufficient_history,69.0,24319.0,0.0,0.0,0.0,insufficient_recent_history,2026-08-01,3_calendar_months,
030200244_,12,insufficient_history,1.0,24317.0,0.0,0.0,0.0,insufficient_recent_history,2026-06-01,3_calendar_months,
030200245_,13,insufficient_history,3.0,24317.5,0.0,0.0,0.0,insufficient_recent_history,2026-07-01,3_calendar_months,
030200246_,10,insufficient_history,11.3,24298.3,0.0,0.0,0.0,insufficient_recent_history,2025-12-01,all_known_history_stale,
030200247_,21,insufficient_history,1.0,24315.0,0.0,0.0,0.0,insufficient_recent_history,2026-04-01,6_calendar_months,
030200248_,15,insufficient_history,4.0,24315.5,0.0,0.0,0.0,insufficient_recent_history,2026-05-01,6_calendar_months,
030200249_,18,insufficient_history,10.0,24317.5,0.042424242424242406,2.1000000000000005,0.0,unstable_trend_disabled,2026-07-01,3_calendar_months,0.6
030200250_,27,insufficient_history,2.0,24318.0,-4.488833746898262,-1.4594594594594594,0.0,unstable_trend_disabled,2026-08-01,3_calendar_months,1.0
030200251_,29,insufficient_history,3.6666666666666665,24318.0,-2.445075757575758,-0.45714285714285713,0.0,unstable_trend_disabled,2026-08-01,3_calendar_months,1.0
030200252_,21,insufficient_history,2.0,24319.0,0.0,0.0,0.0,insufficient_recent_history,2026-08-01,3_calendar_months,
030200253_,17,insufficient_history,4.117647058823529,24299.823529411766,0.0,0.0,0.0,insufficient_recent_history,2026-02-01,all_known_history_stale,
030200254_,10,insufficient_history,1.9,24300.3,0.0,0.0,0.0,insufficient_recent_history,2025-12-01,all_known_history_stale,
030200256_,24,insufficient_history,1.0,24315.0,0.0,0.0,0.0,insufficient_recent_history,2026-04-01,6_calendar_months,
030200257_,18,insufficient_history,44.111111111111114,24298.555555555555,0.0,0.0,0.0,insufficient_recent_history,2025-12-01,all_known_history_stale,
030200258_,16,insufficient_history,10.375,24301.125,0.0,0.0,0.0,insufficient_recent_history,2025-12-01,all_known_history_stale,
030200259_,17,insufficient_history,22.294117647058822,24298.41176470588,0.0,0.0,0.0,insufficient_recent_history,2026-02-01,all_known_history_stale,
030200260_,13,insufficient_history,29.692307692307693,24297.076923076922,0.0,0.0,0.0,insufficient_recent_history,2025-12-01,all_known_history_stale,
030200261_,3,insufficient_history,1.0,24294.0,0.0,0.0,0.0,insufficient_recent_history,2025-04-01,all_known_history_stale,
030200262_,5,insufficient_history,1.8,24294.4,0.0,0.0,0.0,insufficient_recent_history,2025-03-01,all_known_history_stale,
030200263_,15,insufficient_history,4.066666666666666,24297.733333333334,0.0,0.0,0.0,insufficient_recent_history,2025-11-01,all_known_history_stale,
030200264_,0,insufficient_history,,,0.0,0.0,0.0,insufficient_history,,none,
030200265_,9,insufficient_history,3.6666666666666665,24296.11111111111,0.0,0.0,0.0,insufficient_recent_history,2025-11-01,all_known_history_stale,
030200266_,0,insufficient_history,,,0.0,0.0,0.0,insufficient_history,,none,
030200292_,5,insufficient_history,5.0,24315.0,0.0,0.0,0.0,insufficient_recent_history,2026-04-01,6_calendar_months,
030200295_,0,insufficient_history,,,0.0,0.0,0.0,insufficient_history,,none,
030200296_,0,insufficient_history,,,0.0,0.0,0.0,insufficient_history,,none,
030200297_,0,insufficient_history,,,0.0,0.0,0.0,insufficient_history,,none,
030200298_,0,insufficient_history,,,0.0,0.0,0.0,insufficient_history,,none,
030200322_,0,insufficient_history,,,0.0,0.0,0.0,insufficient_history,,none,
030200323_,0,insufficient_history,,,0.0,0.0,0.0,insufficient_history,,none,
030200330_,0,insufficient_history,,,0.0,0.0,0.0,insufficient_history,,none,
030200331_,0,insufficient_history,,,0.0,0.0,0.0,insufficient_history,,none,
030200345,0,insufficient_history,,,0.0,0.0,0.0,insufficient_history,,none,
030200372_,0,insufficient_history,,,0.0,0.0,0.0,insufficient_history,,none,
030200375_,0,insufficient_history,,,0.0,0.0,0.0,insufficient_history,,none,
030200379_,2,insufficient_history,,,0.0,0.0,0.0,insufficient_history,2025-10-01,none,
030200381_,0,insufficient_history,,,0.0,0.0,0.0,insufficient_history,,none,
030200382_,21,insufficient_history,4.5,24317.5,0.9320679320679323,-1.2999999999999998,0.0,unstable_trend_disabled,2026-07-01,3_calendar_months,0.9
030200399_,0,insufficient_history,,,0.0,0.0,0.0,insufficient_history,,none,
030201459_,5,insufficient_history,4903.333333333333,24318.0,0.0,0.0,0.0,insufficient_recent_history,2026-08-01,3_calendar_months,
030300013_,19,insufficient_history,58.0,24299.42105263158,0.0,0.0,0.0,insufficient_recent_history,2026-01-01,all_known_history_stale,
030300014_,30,estimated_from_past,106.57105491159194,24318.0,-28.743392161601616,-63.71400969525122,0.0,unstable_trend_disabled,2026-08-01,3_calendar_months,1.0
030300078_,18,insufficient_history,5.0,24318.5,0.0,0.0,0.0,insufficient_recent_history,2026-08-01,3_calendar_months,
130300026_,30,estimated_from_past,418.4037870552194,24318.0,17.05672455486483,48.46499351972632,0.0,unstable_trend_disabled,2026-08-01,3_calendar_months,1.0
130300027_,32,estimated_from_past,596.4083776377907,24318.0,-38.65341814528929,37.75739521503446,0.0,unstable_trend_disabled,2026-08-01,3_calendar_months,1.0
130300028_,27,insufficient_history,261.0,24318.5,-2.424561403508772,42.34883720930231,0.0,unstable_trend_disabled,2026-08-01,3_calendar_months,0.625
280300174_,32,estimated_from_past,1008.4956731715483,24318.0,58.70352328032365,141.1719343145328,0.0,unstable_trend_disabled,2026-08-01,3_calendar_months,1.0
300100003_,8,insufficient_history,5.625,24296.875,0.0,0.0,0.0,insufficient_recent_history,2025-11-01,all_known_history_stale,
300100004_,0,insufficient_history,,,0.0,0.0,0.0,insufficient_history,,none,
300100006_,9,insufficient_history,2.6666666666666665,24297.777777777777,0.0,0.0,0.0,insufficient_recent_history,2025-11-01,all_known_history_stale,
300100012_,1,insufficient_history,,,0.0,0.0,0.0,insufficient_history,2024-01-01,none,
300100015_,5,insufficient_history,17.2,24298.2,0.0,0.0,0.0,insufficient_recent_history,2025-10-01,all_known_history_stale,
300100018_,0,insufficient_history,,,0.0,0.0,0.0,insufficient_history,,none,
300200283_,30,estimated_from_past,56.773539041866286,24318.0,0.383787859321377,3.4014065270119955,0.0,unstable_trend_disabled,2026-08-01,3_calendar_months,0.9090909090909091
300200284_,32,estimated_from_past,51.97649604781489,24318.0,0.5667400534600165,-0.1201847902698142,0.0,unstable_trend_disabled,2026-08-01,3_calendar_months,0.9166666666666666
300200285_,0,insufficient_history,,,0.0,0.0,0.0,insufficient_history,,none,
300200286_,32,estimated_from_past,5074.32723301365,24318.0,-64.92583438947788,108.73568381711146,0.0,unstable_trend_disabled,2026-08-01,3_calendar_months,1.0
300200287_,21,insufficient_history,3.0,24318.5,0.0,0.0,0.0,insufficient_recent_history,2026-08-01,3_calendar_months,
300200288_,31,estimated_from_past,38.62589439647602,24318.0,0.6173123585028927,3.972710017206818,0.0,unstable_trend_disabled,2026-08-01,3_calendar_months,0.9166666666666666
300200289_,32,estimated_from_past,135.3851628762322,24318.0,-6.4754665301994345,-4.978513436010867,-6.4754665301994345,stable,2026-08-01,3_calendar_months,1.0
300200290_,19,insufficient_history,4.0,24318.0,0.0,0.0,0.0,insufficient_recent_history,2026-08-01,3_calendar_months,
300200291_,32,estimated_from_past,36.11416550988522,24318.0,-0.7370067845904207,3.6537340183326394,0.0,unstable_trend_disabled,2026-08-01,3_calendar_months,1.0
300200292_,27,insufficient_history,2.5,24318.5,-0.7115384615384615,0.0847457627118644,0.0,unstable_trend_disabled,2026-08-01,3_calendar_months,1.0
300200293_,32,estimated_from_past,161.99332428524545,24318.0,1.1567422579763038,1.4417288029457604,1.1567422579763038,stable,2026-08-01,3_calendar_months,0.9166666666666666
300200294_,32,estimated_from_past,27.485112791856878,24318.0,-4.544730835158183,-9.654298365414155,0.0,unstable_trend_disabled,2026-08-01,3_calendar_months,1.0
300200295_,32,estimated_from_past,19.504111685206105,24318.0,-1.1274480955874095,1.7041784104393627,0.0,unstable_trend_disabled,2026-08-01,3_calendar_months,1.0
300200296_,32,estimated_from_past,557.7581019141439,24318.0,13.27489925397446,32.56112782567222,0.0,unstable_trend_disabled,2026-08-01,3_calendar_months,1.0
300200297_,32,estimated_from_past,492.7912228724121,24318.0,-12.240017060607435,16.391193156997602,0.0,unstable_trend_disabled,2026-08-01,3_calendar_months,1.0
300200298_,32,estimated_from_past,1057.9597183954627,24318.0,19.935377151873762,104.62884342512659,0.0,unstable_trend_disabled,2026-08-01,3_calendar_months,1.0
300200299_,20,insufficient_history,2.0,24319.0,0.0,0.0,0.0,insufficient_recent_history,2026-08-01,3_calendar_months,
300200300_,21,insufficient_history,2.0,24318.0,0.0,0.0,0.0,insufficient_recent_history,2026-08-01,3_calendar_months,
300200301_,32,estimated_from_past,433.2616301073188,24318.0,-6.280269598960091,39.91873847105872,0.0,unstable_trend_disabled,2026-08-01,3_calendar_months,1.0
300200302_,32,estimated_from_past,249.9502158423683,24318.0,-7.889897950069722,2.6060032215693507,0.0,unstable_trend_disabled,2026-08-01,3_calendar_months,1.0
300200303_,32,estimated_from_past,3553.486817472142,24318.0,-12.917876329700784,128.11834663118535,0.0,unstable_trend_disabled,2026-08-01,3_calendar_months,0.75
300200304_,32,estimated_from_past,1230.7234975889762,24318.0,-32.08649145269792,31.0726256575977,0.0,unstable_trend_disabled,2026-08-01,3_calendar_months,1.0
300200305_,32,estimated_from_past,474.7178583356426,24318.0,-13.530372986927564,0.250942761112073,0.0,unstable_trend_disabled,2026-08-01,3_calendar_months,1.0
300200306_,32,estimated_from_past,178.73815854322572,24318.0,-9.533567747955118,6.829331378702824,0.0,unstable_trend_disabled,2026-08-01,3_calendar_months,1.0
300200307_,31,estimated_from_past,28.99308757219968,24318.0,-3.35523451869472,-0.8119291562705461,0.0,unstable_trend_disabled,2026-08-01,3_calendar_months,1.0
300200308_,32,estimated_from_past,26.305828282037112,24318.0,-0.649804512879071,3.943648865075982,0.0,unstable_trend_disabled,2026-08-01,3_calendar_months,0.9166666666666666
300200309_,30,estimated_from_past,8.916616932867326,24318.0,-0.5426372339299069,1.5586679564608938,0.0,unstable_trend_disabled,2026-08-01,3_calendar_months,1.0
300200310_,22,insufficient_history,15.0,24318.5,0.0,0.0,0.0,insufficient_recent_history,2026-08-01,3_calendar_months,
300200311_,32,estimated_from_past,76.62802586938034,24318.0,-6.464250274354076,9.272182657343633,0.0,unstable_trend_disabled,2026-08-01,3_calendar_months,1.0
300200312_,14,insufficient_history,6.0,24317.5,0.0,0.0,0.0,insufficient_recent_history,2026-07-01,3_calendar_months,
300200313_,32,estimated_from_past,35.14091537702425,24318.0,2.09580374063482,-92.52770159293814,0.0,unstable_trend_disabled,2026-08-01,3_calendar_months,0.8333333333333334
300200314_,31,estimated_from_past,18.113911488913946,24318.0,2.612330496009363,-54.959278548356615,0.0,unstable_trend_disabled,2026-08-01,3_calendar_months,1.0
300200315_,15,insufficient_history,6.0,24317.0,0.0,0.0,0.0,insufficient_recent_history,2026-06-01,3_calendar_months,
300200316_,28,insufficient_history,3.5,24317.5,-0.3926073926073926,0.1,0.0,unstable_trend_disabled,2026-07-01,3_calendar_months,1.0
300200317_,32,estimated_from_past,39.387980540114405,24318.0,4.406640796684586,-83.8677185827659,0.0,unstable_trend_disabled,2026-08-01,3_calendar_months,1.0
300200318_,30,estimated_from_past,47.5305778189645,24318.0,2.4437387494980856,-103.26648760446574,0.0,unstable_trend_disabled,2026-08-01,3_calendar_months,1.0
300200319_,32,estimated_from_past,373.10210059142855,24318.0,-5.541838412130752,10.003090686686457,0.0,unstable_trend_disabled,2026-08-01,3_calendar_months,1.0
300200320_,32,estimated_from_past,107.71875560215888,24318.0,0.7001332793507756,-2.904480252475134,0.0,unstable_trend_disabled,2026-08-01,3_calendar_months,0.75
300200321_,31,estimated_from_past,21.274519491724458,24318.0,-0.15112560300394087,-1.2810618792079567,0.0,unstable_trend_disabled,2026-08-01,3_calendar_months,0.75
300200322_,30,estimated_from_past,88.4547940080753,24318.0,-2.072572340623444,0.49472631609660594,0.0,unstable_trend_disabled,2026-08-01,3_calendar_months,1.0
300200323_,32,estimated_from_past,513.442606545156,24318.0,6.481976706453402,45.44134542712072,0.0,unstable_trend_disabled,2026-08-01,3_calendar_months,0.8333333333333334
300200324_,32,estimated_from_past,934.3173092597258,24318.0,-14.668615100408314,-17.757354050805404,-14.668615100408314,stable,2026-08-01,3_calendar_months,1.0
300200325_,32,estimated_from_past,40.62267977069566,24318.0,-0.1306139188872518,5.781463994723928,0.0,unstable_trend_disabled,2026-08-01,3_calendar_months,0.8333333333333334
300200326_,32,estimated_from_past,419.3553371928908,24318.0,10.617841081839336,12.250842115715217,10.617841081839336,stable,2026-08-01,3_calendar_months,1.0
300200327_,32,estimated_from_past,37.32406728146956,24318.0,-0.4136632086878405,5.12178523340491,0.0,unstable_trend_disabled,2026-08-01,3_calendar_months,0.8333333333333334
300200328_,32,estimated_from_past,277.7144260104658,24318.0,8.348478819442752,10.632699242151924,8.348478819442752,stable,2026-08-01,3_calendar_months,1.0
300200330_,25,insufficient_history,1.5,24318.0,-0.044444444444444446,-0.06756756756756756,0.0,unstable_trend_disabled,2026-08-01,3_calendar_months,0.75
300200331_,32,estimated_from_past,1115.1049590456257,24318.0,-12.369725636109488,36.32020577324743,0.0,unstable_trend_disabled,2026-08-01,3_calendar_months,1.0
300200332_,32,estimated_from_past,492.48800869887276,24318.0,-18.614822095923817,-9.214522081548896,0.0,unstable_trend_disabled,2026-08-01,3_calendar_months,1.0
300200333_,32,estimated_from_past,579.3395471633581,24318.0,-9.729670059829122,47.06069497945298,0.0,unstable_trend_disabled,2026-08-01,3_calendar_months,1.0
300200335_,0,insufficient_history,,,0.0,0.0,0.0,insufficient_history,,none,
300200343_,32,estimated_from_past,1322.6268861342846,24318.0,-60.10061137960501,-15.109824357764728,0.0,unstable_trend_disabled,2026-08-01,3_calendar_months,1.0
300200346_,9,insufficient_history,20.5,24314.5,0.0,0.0,0.0,insufficient_recent_history,2026-04-01,6_calendar_months,
300200347_,20,insufficient_history,19.333333333333332,24318.0,1.1369047619047619,-17.24418604651163,0.0,unstable_trend_disabled,2026-08-01,3_calendar_months,0.75
300200348_,23,insufficient_history,2.3333333333333335,24318.0,0.1312883435582822,0.08108108108108103,0.1312883435582822,stable,2026-08-01,3_calendar_months,1.0
300200350_,13,insufficient_history,7.538461538461538,24299.153846153848,0.0,0.0,0.0,insufficient_recent_history,2026-02-01,all_known_history_stale,
300200351_,0,insufficient_history,,,0.0,0.0,0.0,insufficient_history,,none,
300200352_,2,insufficient_history,,,0.0,0.0,0.0,insufficient_history,2025-07-01,none,
300200362_,0,insufficient_history,,,0.0,0.0,0.0,insufficient_history,,none,
300200363_,20,insufficient_history,2.0,24318.0,0.0,0.0,0.0,insufficient_recent_history,2026-08-01,3_calendar_months,
300200364_,21,insufficient_history,29.0,24315.0,0.0,0.0,0.0,insufficient_recent_history,2026-04-01,6_calendar_months,
300200365_,31,estimated_from_past,206.52587242810878,24318.0,-3.3873566867237344,6.401990282682008,0.0,unstable_trend_disabled,2026-08-01,3_calendar_months,0.9166666666666666
300200366_,23,insufficient_history,25.0,24317.5,0.0,0.0,0.0,insufficient_recent_history,2026-07-01,3_calendar_months,
300200367_,25,insufficient_history,6.0,24318.0,0.0,0.0,0.0,insufficient_recent_history,2026-07-01,3_calendar_months,
300200368_,30,insufficient_history,2.0,24318.0,-0.5874125874125874,-1.3714285714285714,0.0,unstable_trend_disabled,2026-08-01,3_calendar_months,1.0
300200369_,0,insufficient_history,,,0.0,0.0,0.0,insufficient_history,,none,
300200370_,17,insufficient_history,2.0,24319.0,0.0,0.0,0.0,insufficient_recent_history,2026-08-01,3_calendar_months,
300200371_,30,insufficient_history,21.666666666666668,24318.0,0.20629370629370622,3.1142857142857143,0.0,unstable_trend_disabled,2026-08-01,3_calendar_months,0.8333333333333334
300200372_,26,insufficient_history,15.0,24318.0,-1.192241379310345,-2.6,0.0,unstable_trend_disabled,2026-08-01,3_calendar_months,0.8888888888888888
300200373_,26,insufficient_history,29.5,24317.5,1.7868303571428572,-2.4,0.0,unstable_trend_disabled,2026-07-01,3_calendar_months,1.0
300200374_,22,insufficient_history,26.5,24318.5,-1.0580645161290323,0.2,0.0,unstable_trend_disabled,2026-08-01,3_calendar_months,0.75
300200375_,30,estimated_from_past,26.968507840544234,24318.0,-0.029532921256517155,-0.90602098037864,0.0,unstable_trend_disabled,2026-08-01,3_calendar_months,0.6666666666666666
300200376_,32,estimated_from_past,122.04405094883681,24318.0,1.8754357541277877,-0.938230213418713,0.0,unstable_trend_disabled,2026-08-01,3_calendar_months,0.9166666666666666
300200377_,32,estimated_from_past,47.64433897486024,24318.0,-2.9730566526449644,-1.110522115018992,0.0,unstable_trend_disabled,2026-08-01,3_calendar_months,1.0
300200378_,32,estimated_from_past,13.101725426424847,24318.0,-0.39959932190881475,-1.2204032018170867,0.0,unstable_trend_disabled,2026-08-01,3_calendar_months,0.9166666666666666
300200379_,31,estimated_from_past,4.864095195862931,24318.0,-0.46263133930161116,-0.8209218547097362,-0.46263133930161116,stable,2026-08-01,3_calendar_months,1.0
300200380_,21,insufficient_history,1.0,24318.0,0.0,0.0,0.0,insufficient_recent_history,2026-07-01,3_calendar_months,
300200404_,0,insufficient_history,,,0.0,0.0,0.0,insufficient_history,,none,
300200410_,0,insufficient_history,,,0.0,0.0,0.0,insufficient_history,,none,
300200412_,0,insufficient_history,,,0.0,0.0,0.0,insufficient_history,,none,
300200413_,31,estimated_from_past,13.365873100423903,24318.0,0.23178941671104092,0.050076806413109,0.0,unstable_trend_disabled,2026-08-01,3_calendar_months,0.9166666666666666
300200417_,0,insufficient_history,,,0.0,0.0,0.0,insufficient_history,,none,
300200418_,11,insufficient_history,7.0,24301.909090909092,0.0,0.0,0.0,insufficient_recent_history,2026-01-01,all_known_history_stale,
300200419_,2,insufficient_history,,,0.0,0.0,0.0,insufficient_history,2025-10-01,none,
300200420_,18,insufficient_history,20.0,24317.0,0.0,0.0,0.0,insufficient_recent_history,2026-06-01,3_calendar_months,
300200421_,25,insufficient_history,9.0,24317.0,0.0728476821192053,1.1,0.0,unstable_trend_disabled,2026-06-01,3_calendar_months,0.75
300200422_,17,insufficient_history,12.0,24317.5,0.0,0.0,0.0,insufficient_recent_history,2026-07-01,3_calendar_months,
300200423_,0,insufficient_history,,,0.0,0.0,0.0,insufficient_history,,none,
300200424_,17,insufficient_history,1.0,24315.5,0.0,0.0,0.0,insufficient_recent_history,2026-05-01,6_calendar_months,
300200425_,5,insufficient_history,1.0,24315.0,0.0,0.0,0.0,insufficient_recent_history,2026-04-01,6_calendar_months,
300200426_,6,insufficient_history,2.6666666666666665,24297.333333333332,0.0,0.0,0.0,insufficient_recent_history,2025-07-01,all_known_history_stale,
300200427_,0,insufficient_history,,,0.0,0.0,0.0,insufficient_history,,none,
300200428_,32,estimated_from_past,196.3049381720563,24318.0,-28.30672571524395,-29.76021727735275,-19.630493817205632,stable_capped,2026-08-01,3_calendar_months,1.0
300200429_,28,insufficient_history,19.5,24317.5,-1.8693181818181823,-0.11428571428571428,0.0,unstable_trend_disabled,2026-07-01,3_calendar_months,0.9
300200430_,31,insufficient_history,27.0,24318.0,-2.339160839160839,2.657142857142857,0.0,unstable_trend_disabled,2026-08-01,3_calendar_months,1.0
300200431_,30,insufficient_history,14.333333333333334,24318.0,-3.691666666666667,-0.6571428571428571,0.0,unstable_trend_disabled,2026-08-01,3_calendar_months,1.0
300200432_,31,insufficient_history,11.333333333333334,24318.0,-1.776223776223776,1.7142857142857142,0.0,unstable_trend_disabled,2026-08-01,3_calendar_months,1.0
300200433_,30,estimated_from_past,2.42162197750797,24318.0,-1.106567346324449,-1.5040259115750017,-0.24216219775079703,stable_capped,2026-08-01,3_calendar_months,1.0
300200434_,20,insufficient_history,14.0,24317.0,0.0,0.0,0.0,insufficient_recent_history,2026-06-01,3_calendar_months,
300200435_,32,estimated_from_past,90.12928221740242,24318.0,-18.433559289763718,-42.08140769694272,0.0,unstable_trend_disabled,2026-08-01,3_calendar_months,1.0
300200436_,31,estimated_from_past,19.23799645671276,24317.5,-3.9552582798506135,-15.714057697798657,0.0,unstable_trend_disabled,2026-07-01,3_calendar_months,1.0
300200437_,32,estimated_from_past,40.91997713743293,24318.0,-4.114961041932722,-6.437720816613286,-4.091997713743293,stable_capped,2026-08-01,3_calendar_months,1.0
300200438_,32,estimated_from_past,20.36347374872781,24318.0,-3.3482703073688023,-4.161054973997287,-2.036347374872781,stable_capped,2026-08-01,3_calendar_months,1.0
300200439_,28,insufficient_history,7.333333333333333,24318.0,-0.20066889632107024,-1.3378378378378375,0.0,unstable_trend_disabled,2026-08-01,3_calendar_months,0.9
300200440_,29,insufficient_history,19.0,24317.5,-2.190909090909091,2.4,0.0,unstable_trend_disabled,2026-07-01,3_calendar_months,1.0
300200441_,15,insufficient_history,1.5,24318.0,0.0,0.0,0.0,insufficient_recent_history,2026-08-01,3_calendar_months,
300200442_,0,insufficient_history,,,0.0,0.0,0.0,insufficient_history,,none,
300200443_,22,insufficient_history,39.0,24315.0,0.0,0.0,0.0,insufficient_recent_history,2026-04-01,6_calendar_months,
300200444_,15,insufficient_history,10.0,24315.0,0.0,0.0,0.0,insufficient_recent_history,2026-04-01,6_calendar_months,
300200445_,22,insufficient_history,2.0,24317.5,0.0,0.0,0.0,insufficient_recent_history,2026-07-01,3_calendar_months,
300200446_,23,insufficient_history,4.0,24317.0,0.0,0.0,0.0,insufficient_recent_history,2026-06-01,3_calendar_months,
300200447_,1,insufficient_history,,,0.0,0.0,0.0,insufficient_history,2026-01-01,none,
300200448_,11,insufficient_history,1.0,24317.0,0.0,0.0,0.0,insufficient_recent_history,2026-06-01,3_calendar_months,
300200449_,21,insufficient_history,4.0,24317.0,0.0,0.0,0.0,insufficient_recent_history,2026-06-01,3_calendar_months,
300200450_,8,insufficient_history,1.0,24315.0,0.0,0.0,0.0,insufficient_recent_history,2026-04-01,6_calendar_months,
300200451_,5,insufficient_history,6.4,24296.6,0.0,0.0,0.0,insufficient_recent_history,2025-09-01,all_known_history_stale,
300200452_,9,insufficient_history,1.0,24317.0,0.0,0.0,0.0,insufficient_recent_history,2026-06-01,3_calendar_months,
300200454_,0,insufficient_history,,,0.0,0.0,0.0,insufficient_history,,none,
300200456_,0,insufficient_history,,,0.0,0.0,0.0,insufficient_history,,none,
300200458_,0,insufficient_history,,,0.0,0.0,0.0,insufficient_history,,none,
300200459_,31,estimated_from_past,34.05388619957437,24318.0,-5.77771807731868,-7.725950215419855,-3.4053886199574372,stable_capped,2026-08-01,3_calendar_months,1.0
300200460_,32,estimated_from_past,28.86156486289509,24318.0,-5.816945986176268,-3.6324877837456433,-2.8861564862895093,stable_capped,2026-08-01,3_calendar_months,1.0
300200461_,31,estimated_from_past,18.091834099874628,24318.0,-0.6396196343753642,-1.0749068675129219,-0.6396196343753642,stable,2026-08-01,3_calendar_months,1.0
300200462_,32,estimated_from_past,50.84868926374162,24318.0,-3.475555543010491,-1.8762074219486151,-3.475555543010491,stable,2026-08-01,3_calendar_months,1.0
300200463_,32,estimated_from_past,649.3307021296484,24318.0,-26.160096649828226,6.740274837587243,0.0,unstable_trend_disabled,2026-08-01,3_calendar_months,1.0
300200464_,32,estimated_from_past,340.26651786923685,24318.0,-12.482159269132492,-17.36383782273224,-12.482159269132492,stable,2026-08-01,3_calendar_months,1.0
300200465_,32,estimated_from_past,166.27290193341318,24318.0,-2.297571624903295,-4.2167938746998725,-2.297571624903295,stable,2026-08-01,3_calendar_months,1.0
300200466_,32,estimated_from_past,127.41589492544249,24318.0,3.1439249213613594,24.001068903863494,0.0,unstable_trend_disabled,2026-08-01,3_calendar_months,0.9166666666666666
300200467_,31,estimated_from_past,22.67270638633147,24318.0,0.9805017113358715,0.7997322104035934,0.9805017113358715,stable,2026-08-01,3_calendar_months,1.0
300200468_,31,estimated_from_past,60.28788017316261,24318.0,-0.5517078279149532,6.821128083075073,0.0,unstable_trend_disabled,2026-08-01,3_calendar_months,0.75
300200469_,0,insufficient_history,,,0.0,0.0,0.0,insufficient_history,,none,
300200470_,11,insufficient_history,7.636363636363637,24298.636363636364,0.0,0.0,0.0,insufficient_recent_history,2026-01-01,all_known_history_stale,
300200471_,30,estimated_from_past,10.744865702517355,24318.5,0.03026858422875053,1.7857229203654668,0.0,unstable_trend_disabled,2026-08-01,3_calendar_months,0.5
300200472_,32,estimated_from_past,62.556320162204855,24318.0,0.45668244611900655,-5.045920770212769,0.0,unstable_trend_disabled,2026-08-01,3_calendar_months,0.75
300200473_,3,insufficient_history,2.6666666666666665,24298.333333333332,0.0,0.0,0.0,insufficient_recent_history,2025-01-01,all_known_history_stale,
300200474_,0,insufficient_history,,,0.0,0.0,0.0,insufficient_history,,none,
300200495_,0,insufficient_history,,,0.0,0.0,0.0,insufficient_history,,none,
300200496_,16,insufficient_history,25.333333333333332,24318.0,1.6820365033621518,-7.0285714285714285,0.0,unstable_trend_disabled,2026-08-01,3_calendar_months,1.0
300200497_,1,insufficient_history,,,0.0,0.0,0.0,insufficient_history,2026-08-01,none,
300200498_,32,estimated_from_past,106.8499239285281,24318.0,-3.927321383809526,5.6195197534553065,0.0,unstable_trend_disabled,2026-08-01,3_calendar_months,1.0
300200511_,12,insufficient_history,4.0,24319.0,0.0,0.0,0.0,insufficient_recent_history,2026-08-01,3_calendar_months,
300200515_,31,estimated_from_past,86.95232895423317,24318.0,-1.8481558379580234,-3.3966526415562472,-1.8481558379580234,stable,2026-08-01,3_calendar_months,1.0
300200516_,32,estimated_from_past,35.292104450574406,24318.0,-3.0413158563177767,0.5922759673944963,0.0,unstable_trend_disabled,2026-08-01,3_calendar_months,1.0
300200517_,7,insufficient_history,7.857142857142857,24299.285714285714,0.0,0.0,0.0,insufficient_recent_history,2025-10-01,all_known_history_stale,
300200518_,30,insufficient_history,16.666666666666668,24318.0,-0.7202797202797203,-6.7714285714285705,0.0,unstable_trend_disabled,2026-08-01,3_calendar_months,0.9166666666666666
300200519_,32,estimated_from_past,43.40942414942173,24318.0,-2.6127755227850513,-2.206856995830189,-2.6127755227850513,stable,2026-08-01,3_calendar_months,1.0
300200520_,30,estimated_from_past,76.58012959146905,24318.0,-15.255702080736164,-3.7717874949547197,0.0,unstable_trend_disabled,2026-08-01,3_calendar_months,1.0
300200521_,26,insufficient_history,7.0,24317.5,-0.5037878787878788,-2.1142857142857143,0.0,unstable_trend_disabled,2026-07-01,3_calendar_months,0.8
300200522_,2,insufficient_history,,,0.0,0.0,0.0,insufficient_history,2025-10-01,none,
300200523_,32,estimated_from_past,5.861572440121829,24318.0,-0.5363393587548658,-0.7773877323236241,-0.5363393587548658,stable,2026-08-01,3_calendar_months,1.0
300200524_,8,insufficient_history,3.0,24319.0,0.0,0.0,0.0,insufficient_recent_history,2026-08-01,3_calendar_months,
300200525_,16,insufficient_history,1.5,24318.0,0.0,0.0,0.0,insufficient_recent_history,2026-08-01,3_calendar_months,
300200526_,29,estimated_from_past,9.466619323865887,24318.0,-0.5058827872879942,-0.5179183239507547,-0.5058827872879942,stable,2026-08-01,3_calendar_months,1.0
300200527_,21,insufficient_history,3.0,24318.5,-1.6745098039215687,0.4,0.0,unstable_trend_disabled,2026-08-01,3_calendar_months,1.0
300200528_,0,insufficient_history,,,0.0,0.0,0.0,insufficient_history,,none,
300200529_,12,insufficient_history,1.0,24314.0,0.0,0.0,0.0,insufficient_recent_history,2026-03-01,6_calendar_months,
300200530_,15,insufficient_history,5.0,24318.0,0.0,0.0,0.0,insufficient_recent_history,2026-07-01,3_calendar_months,
300200531_,24,insufficient_history,2.0,24318.0,-1.893939393939394,-1.9428571428571428,-0.2,stable_capped,2026-08-01,3_calendar_months,1.0
300200532_,11,insufficient_history,1.0,24318.5,0.0,0.0,0.0,insufficient_recent_history,2026-08-01,3_calendar_months,
300200533_,13,insufficient_history,1.0,24318.0,0.0,0.0,0.0,insufficient_recent_history,2026-07-01,3_calendar_months,
300200534_,17,insufficient_history,3.0,24319.0,0.0,0.0,0.0,insufficient_recent_history,2026-08-01,3_calendar_months,
300200535_,4,insufficient_history,4.75,24300.5,0.0,0.0,0.0,insufficient_recent_history,2025-09-01,all_known_history_stale,
300200536_,30,estimated_from_past,58.19800689003281,24318.0,-6.030975304644931,1.7618669568687055,0.0,unstable_trend_disabled,2026-08-01,3_calendar_months,1.0
300200537_,30,estimated_from_past,21.673004990883044,24318.0,-1.5673730464914293,-1.0475099883672983,-1.5673730464914293,stable,2026-08-01,3_calendar_months,1.0
300200538_,31,estimated_from_past,8.976556343812026,24318.0,-0.44669321301376924,-0.0568899138329414,0.0,unstable_trend_disabled,2026-08-01,3_calendar_months,1.0
300200539_,28,estimated_from_past,6.870456887545842,24318.5,-0.08330596906361847,-1.602072594084608,0.0,unstable_trend_disabled,2026-08-01,3_calendar_months,0.5
300200540_,18,insufficient_history,2.5,24318.5,0.0,0.0,0.0,insufficient_recent_history,2026-08-01,3_calendar_months,
300200541_,16,insufficient_history,1.0,24318.0,0.0,0.0,0.0,insufficient_recent_history,2026-07-01,3_calendar_months,
300200542_,32,estimated_from_past,626.5203154366383,24318.0,2.798129939662279,54.3533072196205,0.0,unstable_trend_disabled,2026-08-01,3_calendar_months,0.8333333333333334
300200543_,32,estimated_from_past,62.4636308039857,24318.0,1.4463960734690628,0.39655142870692606,0.0,unstable_trend_disabled,2026-08-01,3_calendar_months,1.0
300200544_,20,insufficient_history,12.0,24317.5,0.0,0.0,0.0,insufficient_recent_history,2026-07-01,3_calendar_months,
300200545_,31,estimated_from_past,20.955395993116387,24318.0,-0.6060243907499251,2.6235096611701465,0.0,unstable_trend_disabled,2026-08-01,3_calendar_months,1.0
300200546_,19,insufficient_history,2.5,24317.5,0.0,0.0,0.0,insufficient_recent_history,2026-07-01,3_calendar_months,
300200547_,31,estimated_from_past,9.272871723630766,24318.0,0.5265776443934228,2.0103458532424963,0.0,unstable_trend_disabled,2026-08-01,3_calendar_months,1.0
300200548_,32,estimated_from_past,26.0853179478291,24318.0,0.28266180267572155,-5.3036100228662475,0.0,unstable_trend_disabled,2026-08-01,3_calendar_months,0.8333333333333334
300200549_,32,estimated_from_past,24.75741384703538,24318.0,-0.2975871565378012,-0.6920235715746834,0.0,unstable_trend_disabled,2026-08-01,3_calendar_months,0.8333333333333334
300200550_,4,insufficient_history,2.0,24318.0,0.0,0.0,0.0,insufficient_recent_history,2026-08-01,3_calendar_months,
300200551_,28,insufficient_history,5.0,24318.0,-0.8603202846975089,0.2571428571428571,0.0,unstable_trend_disabled,2026-08-01,3_calendar_months,1.0
300200552_,30,insufficient_history,24.666666666666668,24318.0,1.8809831824062102,3.6285714285714286,1.8809831824062102,stable,2026-08-01,3_calendar_months,1.0
300200553_,32,estimated_from_past,41.09304699353569,24318.0,0.9402568484586392,1.7394791274248336,0.9402568484586392,stable,2026-08-01,3_calendar_months,1.0
300200554_,19,insufficient_history,2.5,24318.0,0.0,0.0,0.0,insufficient_recent_history,2026-08-01,3_calendar_months,
300200555_,25,insufficient_history,21.5,24318.0,1.9929435483870965,1.0000000000000002,1.9929435483870965,stable,2026-08-01,3_calendar_months,1.0
300200556_,27,estimated_from_past,3.8003299097638585,24318.0,-0.046030705678186026,0.533225587321885,0.0,unstable_trend_disabled,2026-08-01,3_calendar_months,0.8888888888888888
300200557_,10,insufficient_history,1.5,24315.5,0.0,0.0,0.0,insufficient_recent_history,2026-05-01,6_calendar_months,
300200558_,32,estimated_from_past,339.5647806635921,24318.0,1.0953156064378344,9.604573306555965,0.0,unstable_trend_disabled,2026-08-01,3_calendar_months,0.6666666666666666
300200559_,32,estimated_from_past,179.09186749715104,24318.0,-2.270970145232654,3.2094937604396403,0.0,unstable_trend_disabled,2026-08-01,3_calendar_months,0.9166666666666666
300200560_,32,estimated_from_past,61.52716574658405,24318.0,-1.7705065528791928,3.3519126742310554,0.0,unstable_trend_disabled,2026-08-01,3_calendar_months,1.0
300200561_,31,estimated_from_past,20.769570733900466,24318.0,-0.9914891586933613,1.595117326907691,0.0,unstable_trend_disabled,2026-08-01,3_calendar_months,1.0
300200562_,27,insufficient_history,4.0,24318.0,-0.14469453376205785,1.8,0.0,unstable_trend_disabled,2026-08-01,3_calendar_months,0.7777777777777778
300200563_,32,estimated_from_past,36.106702936600804,24318.0,1.5982284614342441,4.290412759151744,0.0,unstable_trend_disabled,2026-08-01,3_calendar_months,1.0
300200564_,32,estimated_from_past,59.40724306877937,24318.0,-7.682047582285255,6.099750980990106,0.0,unstable_trend_disabled,2026-08-01,3_calendar_months,1.0
300200565_,29,insufficient_history,13.333333333333334,24318.0,0.5979020979020979,2.1714285714285717,0.0,unstable_trend_disabled,2026-08-01,3_calendar_months,0.9166666666666666
300200566_,11,insufficient_history,5.636363636363637,24294.454545454544,0.0,0.0,0.0,insufficient_recent_history,2025-08-01,all_known_history_stale,
300200567_,26,insufficient_history,8.0,24318.5,-0.13802083333333334,0.34883720930232553,0.0,unstable_trend_disabled,2026-08-01,3_calendar_months,0.8888888888888888
300200568_,8,insufficient_history,7.25,24295.0,0.0,0.0,0.0,insufficient_recent_history,2025-12-01,all_known_history_stale,
300200569_,14,insufficient_history,2.0,24318.0,0.0,0.0,0.0,insufficient_recent_history,2026-07-01,3_calendar_months,
300200570_,29,insufficient_history,1.5,24318.0,0.09999999999999999,-0.054054054054054085,0.0,unstable_trend_disabled,2026-08-01,3_calendar_months,0.7272727272727273
300200571_,25,insufficient_history,7.0,24318.0,0.0,0.0,0.0,insufficient_recent_history,2026-07-01,3_calendar_months,
300200572_,2,insufficient_history,,,0.0,0.0,0.0,insufficient_history,2026-07-01,none,
300200573_,9,insufficient_history,1.0,24319.0,0.0,0.0,0.0,insufficient_recent_history,2026-08-01,3_calendar_months,
300200574_,19,insufficient_history,5.0,24319.0,0.0,0.0,0.0,insufficient_recent_history,2026-08-01,3_calendar_months,
300200575_,22,insufficient_history,5.0,24317.0,-0.4257095158597663,-8.1,0.0,unstable_trend_disabled,2026-06-01,3_calendar_months,0.75
300200576_,26,insufficient_history,20.0,24318.0,0.6471861471861474,-1.0540540540540542,0.0,unstable_trend_disabled,2026-08-01,3_calendar_months,0.9
300200577_,11,insufficient_history,3.6363636363636362,24297.090909090908,0.0,0.0,0.0,insufficient_recent_history,2025-11-01,all_known_history_stale,
300200578_,0,insufficient_history,,,0.0,0.0,0.0,insufficient_history,,none,
300200579_,31,estimated_from_past,36.944111134043546,24318.0,-3.8659833415742986,7.799221395843719,0.0,unstable_trend_disabled,2026-08-01,3_calendar_months,1.0
300200580_,30,estimated_from_past,18.31716277598959,24318.0,-0.9402157526820201,-6.38820258004084,0.0,unstable_trend_disabled,2026-08-01,3_calendar_months,0.9
300200581_,31,estimated_from_past,5.411867321379784,24317.5,-0.2532120940882466,-2.8804481105947364,0.0,unstable_trend_disabled,2026-07-01,3_calendar_months,0.9090909090909091
300200582_,28,insufficient_history,1.0,24318.0,-0.6977443609022557,-0.5270270270270271,-0.1,stable_capped,2026-08-01,3_calendar_months,1.0
300200583_,17,insufficient_history,2.0,24317.0,0.0,0.0,0.0,insufficient_recent_history,2026-06-01,3_calendar_months,
300200584_,20,insufficient_history,2.0,24318.0,0.0,0.0,0.0,insufficient_recent_history,2026-08-01,3_calendar_months,
300200586_,0,insufficient_history,,,0.0,0.0,0.0,insufficient_history,,none,
300200588_,30,estimated_from_past,66.90077957874364,24317.5,-4.838600289710447,4.763898948553861,0.0,unstable_trend_disabled,2026-07-01,3_calendar_months,1.0
300200589_,0,insufficient_history,,,0.0,0.0,0.0,insufficient_history,,none,
300200590_,27,insufficient_history,13.0,24318.0,-2.0602928509905256,-4.244186046511628,0.0,unstable_trend_disabled,2026-08-01,3_calendar_months,1.0
300200591_,29,insufficient_history,5.333333333333333,24318.0,-0.8199233716475097,-0.4418604651162792,-0.5333333333333333,stable_capped,2026-08-01,3_calendar_months,1.0
300200592_,30,estimated_from_past,69.17735944056439,24318.0,-2.550786377533995,-10.894767053106543,0.0,unstable_trend_disabled,2026-08-01,3_calendar_months,1.0
300200593_,28,estimated_from_past,71.72620876208207,24318.0,0.973840807890523,0.8563124232049883,0.973840807890523,stable,2026-08-01,3_calendar_months,0.9166666666666666
300200594_,0,insufficient_history,,,0.0,0.0,0.0,insufficient_history,,none,
300200595_,23,insufficient_history,12.5,24318.5,-1.6627634660421546,2.4418604651162785,0.0,unstable_trend_disabled,2026-08-01,3_calendar_months,1.0
300200622_,0,insufficient_history,,,0.0,0.0,0.0,insufficient_history,,none,
300200623_,0,insufficient_history,,,0.0,0.0,0.0,insufficient_history,,none,
300200624_,23,insufficient_history,67.0,24319.0,1.2788461538461537,9.214285714285714,0.0,unstable_trend_disabled,2026-08-01,3_calendar_months,0.8888888888888888
300200627_,0,insufficient_history,,,0.0,0.0,0.0,insufficient_history,,none,
300200632_,29,insufficient_history,68.5,24318.0,2.4583333333333335,15.142857142857142,0.0,unstable_trend_disabled,2026-08-01,3_calendar_months,0.9
300200635_,0,insufficient_history,,,0.0,0.0,0.0,insufficient_history,,none,
300200700_,31,estimated_from_past,84.2433070349369,24318.0,-1.9217047302616586,4.190028836363151,0.0,unstable_trend_disabled,2026-08-01,3_calendar_months,0.9166666666666666
300200704_,24,insufficient_history,7.0,24318.0,-1.5313807531380754,-18.9,0.0,unstable_trend_disabled,2026-08-01,3_calendar_months,1.0
300200718_,31,estimated_from_past,279.71367516696574,24318.0,-1.1933870493410523,-13.746523337365991,0.0,unstable_trend_disabled,2026-08-01,3_calendar_months,0.75
300200719_,21,insufficient_history,18.0,24317.0,0.0,0.0,0.0,insufficient_recent_history,2026-06-01,3_calendar_months,
300200720_,29,estimated_from_past,41.617940630485144,24318.0,0.32732742894248895,7.209220287442695,0.0,unstable_trend_disabled,2026-08-01,3_calendar_months,0.7
300200721_,15,insufficient_history,3.5,24318.0,-0.48148148148148145,-1.3918918918918919,0.0,unstable_trend_disabled,2026-08-01,3_calendar_months,1.0
300200722_,28,insufficient_history,26.666666666666668,24318.0,0.849731663685152,9.885714285714286,0.0,unstable_trend_disabled,2026-08-01,3_calendar_months,0.8888888888888888
300200723_,9,insufficient_history,3.5,24318.0,0.0,0.0,0.0,insufficient_recent_history,2026-08-01,3_calendar_months,
300200724_,24,insufficient_history,4.0,24318.0,0.3348783314020857,0.0540540540540541,0.0,unstable_trend_disabled,2026-08-01,3_calendar_months,1.0
300200725_,31,insufficient_history,17.0,24318.0,1.2987377279102383,2.285714285714286,1.2987377279102383,stable,2026-08-01,3_calendar_months,1.0
300200726_,31,estimated_from_past,32.8199720340521,24318.0,1.0428876195642327,5.66581150580109,0.0,unstable_trend_disabled,2026-08-01,3_calendar_months,0.9090909090909091
300200727_,1,insufficient_history,,,0.0,0.0,0.0,insufficient_history,2025-06-01,none,
300200728_,22,insufficient_history,5.666666666666667,24318.0,0.14163498098859315,0.6,0.0,unstable_trend_disabled,2026-08-01,3_calendar_months,1.0
300200729_,29,insufficient_history,26.0,24318.0,-1.013986013986014,1.5142857142857142,0.0,unstable_trend_disabled,2026-08-01,3_calendar_months,0.9166666666666666
300200730_,30,estimated_from_past,19.162131747783903,24318.0,0.10540735758643247,0.7280117454306242,0.0,unstable_trend_disabled,2026-08-01,3_calendar_months,0.8333333333333334
300200731_,15,insufficient_history,2.0,24319.0,0.0,0.0,0.0,insufficient_recent_history,2026-08-01,3_calendar_months,
300200732_,22,insufficient_history,9.333333333333334,24318.0,-0.31909547738693467,-0.3953488372093023,0.0,unstable_trend_disabled,2026-08-01,3_calendar_months,0.75
300200733_,21,insufficient_history,1.5,24318.0,0.0,0.0,0.0,insufficient_recent_history,2026-08-01,3_calendar_months,
300200734_,7,insufficient_history,1.0,24317.0,0.0,0.0,0.0,insufficient_recent_history,2026-06-01,3_calendar_months,
300200735_,32,estimated_from_past,208.36252918671752,24318.0,4.618978095516019,11.199057146668428,0.0,unstable_trend_disabled,2026-08-01,3_calendar_months,0.9166666666666666
300200736_,32,estimated_from_past,70.44386823386576,24318.0,-2.343157506132341,-4.562625706130618,-2.343157506132341,stable,2026-08-01,3_calendar_months,1.0
300200737_,31,estimated_from_past,36.53040363832943,24318.0,0.8879529578574293,-1.238881753516078,0.0,unstable_trend_disabled,2026-08-01,3_calendar_months,1.0
300200738_,31,insufficient_history,17.333333333333332,24318.0,0.9431977559607292,1.3142857142857143,0.9431977559607292,stable,2026-08-01,3_calendar_months,1.0
300200739_,25,insufficient_history,1.0,24318.0,0.0,0.0,0.0,insufficient_recent_history,2026-07-01,3_calendar_months,
300200740_,30,estimated_from_past,11.728307626425575,24318.0,-0.06907786031979056,0.24250610011227092,0.0,unstable_trend_disabled,2026-08-01,3_calendar_months,0.8333333333333334
300200741_,30,estimated_from_past,42.03167550050764,24318.0,-0.7944308183348547,0.1720062839158946,0.0,unstable_trend_disabled,2026-08-01,3_calendar_months,0.9166666666666666
300200742_,32,estimated_from_past,107.41451320631062,24318.0,-0.012133819908966588,16.1636888160925,0.0,unstable_trend_disabled,2026-08-01,3_calendar_months,0.4166666666666667
300200743_,29,estimated_from_past,22.55353028971688,24318.0,0.18227250356714525,1.9466746068533,0.0,unstable_trend_disabled,2026-08-01,3_calendar_months,0.75
300200744_,32,estimated_from_past,118.3368347307782,24318.0,4.854781288971544,0.6696173625148528,0.0,unstable_trend_disabled,2026-08-01,3_calendar_months,1.0
300200745_,32,estimated_from_past,67.778454463894,24318.0,-1.426053193579267,-1.2519262933659796,-1.426053193579267,stable,2026-08-01,3_calendar_months,0.9166666666666666
300200746_,32,estimated_from_past,120.26470892618126,24318.0,3.4661578969063935,1.5170253141313375,0.0,unstable_trend_disabled,2026-08-01,3_calendar_months,1.0
300200747_,19,insufficient_history,1.0,24319.0,0.0,0.0,0.0,insufficient_recent_history,2026-08-01,3_calendar_months,
300200748_,28,insufficient_history,4.0,24318.0,-0.34734799482535583,0.0,0.0,flat_or_unstable,2026-08-01,3_calendar_months,
300200749_,32,estimated_from_past,46.16063199126986,24318.0,-0.7713558881772248,1.2155648716596799,0.0,unstable_trend_disabled,2026-08-01,3_calendar_months,0.9166666666666666
300200750_,32,estimated_from_past,14.351085168276649,24318.0,-0.6626521204769699,-0.3094073199143935,0.0,unstable_trend_disabled,2026-08-01,3_calendar_months,1.0
300200751_,32,estimated_from_past,125.28090342707566,24318.0,4.6387121182712825,8.455135125096092,4.6387121182712825,stable,2026-08-01,3_calendar_months,1.0
300200752_,32,estimated_from_past,69.10088869579745,24318.0,-1.3147899117663973,3.5847415578476687,0.0,unstable_trend_disabled,2026-08-01,3_calendar_months,1.0
300200753_,32,estimated_from_past,30.5270128369967,24318.0,-0.3615795573942319,0.3879107261523046,0.0,unstable_trend_disabled,2026-08-01,3_calendar_months,0.9166666666666666
300200754_,27,insufficient_history,4.666666666666667,24318.0,-0.2771929824561403,0.8,0.0,unstable_trend_disabled,2026-08-01,3_calendar_months,0.9
300200755_,30,estimated_from_past,7.131702377836381,24318.0,-0.03506485451216254,-0.06763736034173878,0.0,unstable_trend_disabled,2026-08-01,3_calendar_months,0.75
300200767_,21,insufficient_history,1.0,24318.0,0.0,0.0,0.0,insufficient_recent_history,2026-07-01,3_calendar_months,
300200771_,29,estimated_from_past,23.321283029673765,24318.0,0.4464262703382719,0.5668893823083142,0.4464262703382719,stable,2026-08-01,3_calendar_months,0.9166666666666666
300200772_,28,nonpositive_reference_level,7.0,24318.0,-0.07342657342657342,0.34285714285714286,0.0,unstable_trend_disabled,2026-08-01,3_calendar_months,0.8333333333333334
300200773_,27,insufficient_history,2.0,24318.0,-0.15265200517464433,-1.1428571428571428,0.0,unstable_trend_disabled,2026-08-01,3_calendar_months,0.8181818181818182
300200774_,10,insufficient_history,1.5,24318.0,0.0,0.0,0.0,insufficient_recent_history,2026-08-01,3_calendar_months,
300200775_,13,insufficient_history,5.615384615384615,24300.076923076922,0.0,0.0,0.0,insufficient_recent_history,2025-12-01,all_known_history_stale,
300200776_,12,insufficient_history,5.0,24319.0,0.0,0.0,0.0,insufficient_recent_history,2026-08-01,3_calendar_months,
300200777_,28,estimated_from_past,26.55589865694085,24318.0,-0.6004452367057717,-2.1350528616166855,0.0,unstable_trend_disabled,2026-08-01,3_calendar_months,0.8333333333333334
300200778_,21,insufficient_history,9.333333333333334,24318.0,-7.129824561403509,0.5465116279069767,0.0,unstable_trend_disabled,2026-08-01,3_calendar_months,1.0
300200779_,28,estimated_from_past,13.267943203097518,24318.0,-3.183233212492972,-2.9760022308633527,-1.3267943203097519,stable_capped,2026-08-01,3_calendar_months,1.0
300200780_,0,insufficient_history,,,0.0,0.0,0.0,insufficient_history,,none,
300200781_,9,insufficient_history,1.0,24319.0,0.0,0.0,0.0,insufficient_recent_history,2026-08-01,3_calendar_months,
300200782_,21,insufficient_history,4.333333333333333,24318.0,-1.5466237942122185,0.21621621621621614,0.0,unstable_trend_disabled,2026-08-01,3_calendar_months,1.0
300200783_,17,insufficient_history,5.0,24319.0,0.0,0.0,0.0,insufficient_recent_history,2026-08-01,3_calendar_months,
300200784_,19,insufficient_history,64.66666666666667,24318.0,0.0,0.0,0.0,insufficient_recent_history,2026-08-01,3_calendar_months,
300200785_,20,insufficient_history,6.0,24318.5,0.0,0.0,0.0,insufficient_recent_history,2026-08-01,3_calendar_months,
300200786_,2,insufficient_history,,,0.0,0.0,0.0,insufficient_history,2024-09-01,none,
300200787_,15,insufficient_history,11.5,24317.5,0.0,0.0,0.0,insufficient_recent_history,2026-07-01,3_calendar_months,
300200788_,7,insufficient_history,10.0,24319.0,0.0,0.0,0.0,insufficient_recent_history,2026-08-01,3_calendar_months,
300200789_,10,insufficient_history,36.0,24318.0,0.0,0.0,0.0,insufficient_recent_history,2026-07-01,3_calendar_months,
300200790_,14,insufficient_history,6.0,24318.5,0.0,0.0,0.0,insufficient_recent_history,2026-08-01,3_calendar_months,
300200791_,8,insufficient_history,5.75,24301.0,0.0,0.0,0.0,insufficient_recent_history,2025-12-01,all_known_history_stale,
300200792_,2,insufficient_history,,,0.0,0.0,0.0,insufficient_history,2026-07-01,none,
300200793_,5,insufficient_history,8.6,24298.4,0.0,0.0,0.0,insufficient_recent_history,2025-07-01,all_known_history_stale,
300200794_,8,insufficient_history,5.875,24301.375,0.0,0.0,0.0,insufficient_recent_history,2025-11-01,all_known_history_stale,
300200795_,20,insufficient_history,34.0,24318.5,0.0,0.0,0.0,insufficient_recent_history,2026-08-01,3_calendar_months,
300200796_,15,insufficient_history,20.0,24318.5,0.0,0.0,0.0,insufficient_recent_history,2026-08-01,3_calendar_months,
300200797_,17,insufficient_history,5.0,24318.0,0.0,0.0,0.0,insufficient_recent_history,2026-08-01,3_calendar_months,
300200798_,11,insufficient_history,4.0,24318.5,0.0,0.0,0.0,insufficient_recent_history,2026-08-01,3_calendar_months,
300200799_,6,insufficient_history,2.0,24318.5,0.0,0.0,0.0,insufficient_recent_history,2026-08-01,3_calendar_months,
300200800_,10,insufficient_history,8.6,24301.6,0.0,0.0,0.0,insufficient_recent_history,2025-12-01,all_known_history_stale,
300200801_,10,insufficient_history,10.0,24318.0,0.0,0.0,0.0,insufficient_recent_history,2026-07-01,3_calendar_months,
300200802_,4,insufficient_history,20.0,24319.0,0.0,0.0,0.0,insufficient_recent_history,2026-08-01,3_calendar_months,
300200803_,13,insufficient_history,5.5,24317.5,0.0,0.0,0.0,insufficient_recent_history,2026-07-01,3_calendar_months,
300200804_,3,insufficient_history,7.0,24297.0,0.0,0.0,0.0,insufficient_recent_history,2025-01-01,all_known_history_stale,
300200805_,5,insufficient_history,7.0,24318.0,0.0,0.0,0.0,insufficient_recent_history,2026-07-01,3_calendar_months,
300200806_,5,insufficient_history,4.4,24303.4,0.0,0.0,0.0,insufficient_recent_history,2025-11-01,all_known_history_stale,
300200807_,2,insufficient_history,,,0.0,0.0,0.0,insufficient_history,2024-12-01,none,
300200808_,2,insufficient_history,,,0.0,0.0,0.0,insufficient_history,2024-09-01,none,
300200809_,4,insufficient_history,1.75,24301.0,0.0,0.0,0.0,insufficient_recent_history,2025-10-01,all_known_history_stale,
300200810_,25,estimated_from_past,165.0610949866397,24318.0,2.3816337156829075,41.99792317115816,0.0,unstable_trend_disabled,2026-08-01,3_calendar_months,0.75
300200811_,12,insufficient_history,1.0,24317.0,0.0,0.0,0.0,insufficient_recent_history,2026-06-01,3_calendar_months,
300200812_,24,insufficient_history,36.0,24318.0,-0.34615384615384615,9.085714285714285,0.0,unstable_trend_disabled,2026-08-01,3_calendar_months,0.6666666666666666
300200813_,6,insufficient_history,12.0,24319.0,0.0,0.0,0.0,insufficient_recent_history,2026-08-01,3_calendar_months,
300200814_,25,estimated_from_past,23.91499344009083,24318.0,0.00526341445481708,5.213535724871914,0.0,unstable_trend_disabled,2026-08-01,3_calendar_months,0.6666666666666666
300200815_,6,insufficient_history,11.666666666666666,24301.0,0.0,0.0,0.0,insufficient_recent_history,2025-10-01,all_known_history_stale,
300200816_,20,insufficient_history,4.0,24318.0,0.05732484076433121,0.5,0.0,unstable_trend_disabled,2026-08-01,3_calendar_months,0.7272727272727273
300200817_,20,insufficient_history,10.5,24318.5,0.0,0.0,0.0,insufficient_recent_history,2026-08-01,3_calendar_months,
300200818_,14,insufficient_history,2.3333333333333335,24318.0,0.0,0.0,0.0,insufficient_recent_history,2026-08-01,3_calendar_months,
300200819_,7,insufficient_history,1.0,24315.0,0.0,0.0,0.0,insufficient_recent_history,2026-04-01,6_calendar_months,
300200820_,14,insufficient_history,1.0,24318.0,0.0,0.0,0.0,insufficient_recent_history,2026-08-01,3_calendar_months,
300200821_,25,estimated_from_past,80.72867395982797,24318.0,-0.49277028102608256,19.481225993649,0.0,unstable_trend_disabled,2026-08-01,3_calendar_months,0.75
300200822_,25,estimated_from_past,54.013099179375835,24318.0,1.1380166734936117,11.826129610572357,0.0,unstable_trend_disabled,2026-08-01,3_calendar_months,0.9166666666666666
300200823_,24,insufficient_history,15.0,24318.0,-0.06643356643356643,3.8285714285714287,0.0,unstable_trend_disabled,2026-08-01,3_calendar_months,0.6666666666666666
300200824_,23,insufficient_history,13.0,24318.5,0.30504908835904626,1.8720930232558137,0.0,unstable_trend_disabled,2026-08-01,3_calendar_months,0.9090909090909091
300200825_,15,insufficient_history,1.5,24318.5,0.0,0.0,0.0,insufficient_recent_history,2026-08-01,3_calendar_months,
300200826_,21,insufficient_history,12.5,24318.5,0.9599999999999999,-1.3,0.0,unstable_trend_disabled,2026-08-01,3_calendar_months,1.0
300200827_,5,insufficient_history,5.2,24301.4,0.0,0.0,0.0,insufficient_recent_history,2025-06-01,all_known_history_stale,
300200828_,12,insufficient_history,1.5,24318.0,0.0,0.0,0.0,insufficient_recent_history,2026-08-01,3_calendar_months,
300200829_,2,insufficient_history,,,0.0,0.0,0.0,insufficient_history,2024-11-01,none,
300200830_,7,insufficient_history,1.0,24319.0,0.0,0.0,0.0,insufficient_recent_history,2026-08-01,3_calendar_months,
300200831_,2,insufficient_history,,,0.0,0.0,0.0,insufficient_history,2026-05-01,none,
300200832_,17,insufficient_history,11.5,24318.0,0.0,0.0,0.0,insufficient_recent_history,2026-08-01,3_calendar_months,
300200833_,20,insufficient_history,17.666666666666668,24318.0,1.379247015610652,-1.7297297297297298,0.0,unstable_trend_disabled,2026-08-01,3_calendar_months,1.0
300200834_,12,insufficient_history,2.0,24316.0,0.0,0.0,0.0,insufficient_recent_history,2026-05-01,6_calendar_months,
300200835_,21,insufficient_history,15.666666666666666,24318.0,1.2300140252454417,-2.2,0.0,unstable_trend_disabled,2026-08-01,3_calendar_months,1.0
300200836_,10,insufficient_history,3.0,24319.0,0.0,0.0,0.0,insufficient_recent_history,2026-08-01,3_calendar_months,
300200837_,2,insufficient_history,,,0.0,0.0,0.0,insufficient_history,2025-06-01,none,
300200838_,20,insufficient_history,7.333333333333333,24318.0,0.7208448117539027,-2.7972972972972965,0.0,unstable_trend_disabled,2026-08-01,3_calendar_months,1.0
300200839_,18,insufficient_history,6.666666666666667,24318.0,0.41379310344827586,0.7,0.41379310344827586,stable,2026-08-01,3_calendar_months,1.0
300200840_,11,insufficient_history,10.5,24318.0,0.0,0.0,0.0,insufficient_recent_history,2026-08-01,3_calendar_months,
300200841_,7,insufficient_history,5.5,24315.5,0.0,0.0,0.0,insufficient_recent_history,2026-05-01,6_calendar_months,
300200842_,23,insufficient_history,108.33333333333333,24318.0,6.545112781954888,5.6571428571428575,6.545112781954888,stable,2026-08-01,3_calendar_months,1.0
300200843_,15,insufficient_history,18.5,24318.5,0.0,0.0,0.0,insufficient_recent_history,2026-08-01,3_calendar_months,
300200844_,18,insufficient_history,3.3333333333333335,24318.0,0.032490974729241874,0.8285714285714285,0.0,unstable_trend_disabled,2026-08-01,3_calendar_months,0.875
300200845_,9,insufficient_history,3.0,24317.0,0.0,0.0,0.0,insufficient_recent_history,2026-06-01,3_calendar_months,
300200846_,21,insufficient_history,71.0,24318.0,4.127272727272727,15.9,0.0,unstable_trend_disabled,2026-08-01,3_calendar_months,1.0
300200847_,21,insufficient_history,26.666666666666668,24318.0,2.0144927536231885,-2.797297297297297,0.0,unstable_trend_disabled,2026-08-01,3_calendar_months,1.0
300200848_,22,insufficient_history,9.0,24318.0,0.7943722943722945,-3.2,0.0,unstable_trend_disabled,2026-08-01,3_calendar_months,1.0
300200849_,20,insufficient_history,5.0,24318.0,0.3286713286713287,-0.8000000000000002,0.0,unstable_trend_disabled,2026-08-01,3_calendar_months,0.9
300200850_,11,insufficient_history,1.0,24319.0,0.0,0.0,0.0,insufficient_recent_history,2026-08-01,3_calendar_months,
300200851_,17,insufficient_history,10.666666666666666,24318.0,0.9416666666666667,4.9,0.0,unstable_trend_disabled,2026-08-01,3_calendar_months,1.0
300200852_,9,insufficient_history,8.333333333333334,24303.11111111111,0.0,0.0,0.0,insufficient_recent_history,2025-12-01,all_known_history_stale,
300200853_,13,insufficient_history,22.0,24319.0,0.0,0.0,0.0,insufficient_recent_history,2026-08-01,3_calendar_months,
300200854_,7,insufficient_history,7.285714285714286,24299.571428571428,0.0,0.0,0.0,insufficient_recent_history,2025-06-01,all_known_history_stale,
300200855_,4,insufficient_history,3.5,24301.0,0.0,0.0,0.0,insufficient_recent_history,2025-06-01,all_known_history_stale,
300200856_,23,insufficient_history,386.0,24317.5,19.965105601469237,141.6,0.0,unstable_trend_disabled,2026-07-01,3_calendar_months,1.0
300200857_,24,insufficient_history,74.66666666666667,24318.0,3.543949044585987,9.0,0.0,unstable_trend_disabled,2026-08-01,3_calendar_months,1.0
300200858_,12,insufficient_history,10.916666666666666,24300.666666666668,0.0,0.0,0.0,insufficient_recent_history,2025-08-01,all_known_history_stale,
300200859_,23,insufficient_history,41.333333333333336,24318.0,0.1885350318471336,4.3,0.0,unstable_trend_disabled,2026-08-01,3_calendar_months,0.7272727272727273
300200860_,11,insufficient_history,10.0,24316.0,0.0,0.0,0.0,insufficient_recent_history,2026-05-01,6_calendar_months,
300200861_,22,insufficient_history,18.333333333333332,24318.0,1.0999999999999999,-2.3000000000000003,0.0,unstable_trend_disabled,2026-08-01,3_calendar_months,1.0
300200862_,20,insufficient_history,26.0,24318.0,1.2155172413793103,4.0,0.0,unstable_trend_disabled,2026-08-01,3_calendar_months,1.0
300200863_,15,insufficient_history,9.0,24318.0,0.0,0.0,0.0,insufficient_recent_history,2026-08-01,3_calendar_months,
300200864_,10,insufficient_history,1.0,24318.0,0.0,0.0,0.0,insufficient_recent_history,2026-07-01,3_calendar_months,
300200865_,17,insufficient_history,78.0,24318.0,0.0,0.0,0.0,insufficient_recent_history,2026-08-01,3_calendar_months,
300200866_,11,insufficient_history,5.0,24318.5,0.0,0.0,0.0,insufficient_recent_history,2026-08-01,3_calendar_months,
300200867_,11,insufficient_history,4.0,24318.0,0.0,0.0,0.0,insufficient_recent_history,2026-07-01,3_calendar_months,
300200868_,24,insufficient_history,145.0,24318.0,0.40955414012738917,9.7,0.0,unstable_trend_disabled,2026-08-01,3_calendar_months,0.6363636363636364
300200869_,23,insufficient_history,131.5,24317.5,7.144168962350781,45.1,0.0,unstable_trend_disabled,2026-07-01,3_calendar_months,1.0
300200870_,23,insufficient_history,45.666666666666664,24318.0,1.8454545454545455,6.1,0.0,unstable_trend_disabled,2026-08-01,3_calendar_months,0.9
300200871_,21,insufficient_history,22.5,24317.5,0.0,0.0,0.0,insufficient_recent_history,2026-07-01,3_calendar_months,
300200872_,15,insufficient_history,11.0,24318.0,0.0,0.0,0.0,insufficient_recent_history,2026-07-01,3_calendar_months,
300200873_,24,insufficient_history,24.0,24318.0,0.8471337579617833,4.6000000000000005,0.0,unstable_trend_disabled,2026-08-01,3_calendar_months,0.9090909090909091
300200874_,1,insufficient_history,,,0.0,0.0,0.0,insufficient_history,2025-11-01,none,
300200875_,17,insufficient_history,8.5,24318.5,0.0,0.0,0.0,insufficient_recent_history,2026-08-01,3_calendar_months,
300200876_,5,insufficient_history,3.0,24318.0,0.0,0.0,0.0,insufficient_recent_history,2026-07-01,3_calendar_months,
300200877_,3,insufficient_history,1.0,24318.5,0.0,0.0,0.0,insufficient_recent_history,2026-08-01,3_calendar_months,
300200878_,6,insufficient_history,2.0,24318.0,0.0,0.0,0.0,insufficient_recent_history,2026-07-01,3_calendar_months,
300200879_,20,insufficient_history,6.666666666666667,24318.0,0.0,0.0,0.0,insufficient_recent_history,2026-08-01,3_calendar_months,
300200880_,6,insufficient_history,8.833333333333334,24301.166666666668,0.0,0.0,0.0,insufficient_recent_history,2026-01-01,all_known_history_stale,
300200881_,10,insufficient_history,3.0,24318.0,0.0,0.0,0.0,insufficient_recent_history,2026-07-01,3_calendar_months,
300200882_,13,insufficient_history,21.0,24318.5,0.0,0.0,0.0,insufficient_recent_history,2026-08-01,3_calendar_months,
300200883_,11,insufficient_history,14.0,24319.0,0.0,0.0,0.0,insufficient_recent_history,2026-08-01,3_calendar_months,
300200884_,8,insufficient_history,2.0,24318.5,0.0,0.0,0.0,insufficient_recent_history,2026-08-01,3_calendar_months,
300200885_,6,insufficient_history,1.0,24318.0,0.0,0.0,0.0,insufficient_recent_history,2026-07-01,3_calendar_months,
300200886_,3,insufficient_history,4.0,24300.666666666668,0.0,0.0,0.0,insufficient_recent_history,2025-05-01,all_known_history_stale,
300200887_,22,insufficient_history,39.666666666666664,24318.0,-3.3617998163452714,-3.554054054054054,-3.3617998163452714,stable,2026-08-01,3_calendar_months,1.0
300200888_,18,insufficient_history,7.0,24317.5,-0.6545454545454545,-4.0,0.0,unstable_trend_disabled,2026-07-01,3_calendar_months,1.0
300200889_,3,insufficient_history,2.3333333333333335,24301.333333333332,0.0,0.0,0.0,insufficient_recent_history,2025-12-01,all_known_history_stale,
300200890_,17,insufficient_history,3.0,24317.5,-0.6583333333333333,-2.3142857142857145,0.0,unstable_trend_disabled,2026-07-01,3_calendar_months,1.0
300200891_,0,insufficient_history,,,0.0,0.0,0.0,insufficient_history,,none,
300200892_,13,insufficient_history,2.0,24317.0,0.0,0.0,0.0,insufficient_recent_history,2026-06-01,3_calendar_months,
300200893_,13,insufficient_history,1.0,24319.0,0.0,0.0,0.0,insufficient_recent_history,2026-08-01,3_calendar_months,
300200894_,5,insufficient_history,2.6,24304.8,0.0,0.0,0.0,insufficient_recent_history,2025-12-01,all_known_history_stale,
300200895_,3,insufficient_history,7.0,24302.666666666668,0.0,0.0,0.0,insufficient_recent_history,2026-01-01,all_known_history_stale,
300200896_,5,insufficient_history,21.4,24300.8,0.0,0.0,0.0,insufficient_recent_history,2026-01-01,all_known_history_stale,
300200897_,3,insufficient_history,5.0,24301.333333333332,0.0,0.0,0.0,insufficient_recent_history,2025-11-01,all_known_history_stale,
300200898_,24,insufficient_history,15.333333333333334,24318.0,-0.6888111888111887,-7.742857142857143,0.0,unstable_trend_disabled,2026-08-01,3_calendar_months,0.9166666666666666
300200899_,20,insufficient_history,11.333333333333334,24318.0,-0.34734799482535583,-2.5945945945945947,0.0,unstable_trend_disabled,2026-08-01,3_calendar_months,0.9090909090909091
300200900_,17,insufficient_history,3.0,24317.5,-0.5833333333333331,-0.37142857142857144,-0.30000000000000004,stable_capped,2026-07-01,3_calendar_months,1.0
300200901_,14,insufficient_history,2.5,24315.0,0.0,0.0,0.0,insufficient_recent_history,2026-05-01,6_calendar_months,
300200902_,6,insufficient_history,4.666666666666667,24302.666666666668,0.0,0.0,0.0,insufficient_recent_history,2026-01-01,all_known_history_stale,
300200903_,10,insufficient_history,2.0,24314.0,0.0,0.0,0.0,insufficient_recent_history,2026-03-01,6_calendar_months,
300200904_,2,insufficient_history,,,0.0,0.0,0.0,insufficient_history,2026-08-01,none,
300200905_,4,insufficient_history,2.0,24314.0,0.0,0.0,0.0,insufficient_recent_history,2026-03-01,6_calendar_months,
300200906_,1,insufficient_history,,,0.0,0.0,0.0,insufficient_history,2025-02-01,none,
300200907_,3,insufficient_history,2.0,24298.0,0.0,0.0,0.0,insufficient_recent_history,2024-12-01,all_known_history_stale,
300200908_,1,insufficient_history,,,0.0,0.0,0.0,insufficient_history,2026-03-01,none,
300200909_,8,insufficient_history,4.0,24314.0,0.0,0.0,0.0,insufficient_recent_history,2026-03-01,6_calendar_months,
300200910_,25,estimated_from_past,55.052949977508085,24318.0,-6.318668107255673,-0.6530370155893852,0.0,unstable_trend_disabled,2026-08-01,3_calendar_months,1.0
300200911_,6,insufficient_history,3.0,24317.0,0.0,0.0,0.0,insufficient_recent_history,2026-06-01,3_calendar_months,
300200912_,20,insufficient_history,15.5,24317.5,-0.5297297297297298,0.9,0.0,unstable_trend_disabled,2026-07-01,3_calendar_months,0.8888888888888888
300200913_,7,insufficient_history,5.0,24318.0,0.0,0.0,0.0,insufficient_recent_history,2026-08-01,3_calendar_months,
300200914_,19,insufficient_history,15.5,24317.5,-0.6666666666666666,-1.8,0.0,unstable_trend_disabled,2026-07-01,3_calendar_months,0.8888888888888888
300200915_,5,insufficient_history,10.2,24299.0,0.0,0.0,0.0,insufficient_recent_history,2025-10-01,all_known_history_stale,
300200916_,14,insufficient_history,6.0,24317.0,0.0,0.0,0.0,insufficient_recent_history,2026-06-01,3_calendar_months,
300200917_,17,insufficient_history,9.0,24318.0,0.0,0.0,0.0,insufficient_recent_history,2026-08-01,3_calendar_months,
300200918_,10,insufficient_history,4.0,24317.0,0.0,0.0,0.0,insufficient_recent_history,2026-06-01,3_calendar_months,
300200919_,6,insufficient_history,4.333333333333333,24315.0,0.0,0.0,0.0,insufficient_recent_history,2026-05-01,6_calendar_months,
300200920_,11,insufficient_history,1.0,24319.0,0.0,0.0,0.0,insufficient_recent_history,2026-08-01,3_calendar_months,
300200921_,24,insufficient_history,38.333333333333336,24318.0,-2.4222929936305726,-4.7,-2.4222929936305726,stable,2026-08-01,3_calendar_months,0.9090909090909091
300200922_,22,insufficient_history,30.0,24318.0,-0.6389473684210524,-4.6,0.0,unstable_trend_disabled,2026-08-01,3_calendar_months,0.7777777777777778
300200923_,21,insufficient_history,8.0,24318.0,0.0,0.0,0.0,insufficient_recent_history,2026-08-01,3_calendar_months,
300200924_,18,insufficient_history,5.5,24317.5,0.0,0.0,0.0,insufficient_recent_history,2026-07-01,3_calendar_months,
300200925_,8,insufficient_history,6.625,24301.5,0.0,0.0,0.0,insufficient_recent_history,2026-02-01,all_known_history_stale,
300200926_,15,insufficient_history,14.0,24317.5,0.0,0.0,0.0,insufficient_recent_history,2026-07-01,3_calendar_months,
300200927_,5,insufficient_history,9.8,24302.4,0.0,0.0,0.0,insufficient_recent_history,2026-02-01,all_known_history_stale,
300200928_,7,insufficient_history,2.0,24319.0,0.0,0.0,0.0,insufficient_recent_history,2026-08-01,3_calendar_months,
300200929_,5,insufficient_history,4.0,24298.8,0.0,0.0,0.0,insufficient_recent_history,2025-06-01,all_known_history_stale,
300200930_,4,insufficient_history,7.0,24317.0,0.0,0.0,0.0,insufficient_recent_history,2026-06-01,3_calendar_months,
300200931_,2,insufficient_history,,,0.0,0.0,0.0,insufficient_history,2026-08-01,none,
300200932_,9,insufficient_history,11.555555555555555,24302.222222222223,0.0,0.0,0.0,insufficient_recent_history,2026-02-01,all_known_history_stale,
300200933_,25,estimated_from_past,148.19964007081003,24318.0,8.018010038215857,23.616687617179142,0.0,unstable_trend_disabled,2026-08-01,3_calendar_months,1.0
300200934_,25,estimated_from_past,29.259520917896328,24318.0,1.2531241866069072,5.844153374664859,0.0,unstable_trend_disabled,2026-08-01,3_calendar_months,1.0
300200935_,7,insufficient_history,2.0,24319.0,0.0,0.0,0.0,insufficient_recent_history,2026-08-01,3_calendar_months,
300200936_,24,estimated_from_past,12.057637489298822,24318.0,0.025842373044507694,0.18630177905965267,0.0,unstable_trend_disabled,2026-08-01,3_calendar_months,0.4166666666666667
300200937_,6,insufficient_history,1.0,24319.0,0.0,0.0,0.0,insufficient_recent_history,2026-08-01,3_calendar_months,
300200938_,17,insufficient_history,10.0,24318.0,0.44061302681992337,1.5084745762711864,0.0,unstable_trend_disabled,2026-08-01,3_calendar_months,1.0
300200939_,19,insufficient_history,13.5,24318.0,0.4892334194659776,3.540540540540541,0.0,unstable_trend_disabled,2026-08-01,3_calendar_months,0.9
300200940_,11,insufficient_history,3.0,24318.0,0.0,0.0,0.0,insufficient_recent_history,2026-08-01,3_calendar_months,
300200941_,6,insufficient_history,4.666666666666667,24304.666666666668,0.0,0.0,0.0,insufficient_recent_history,2026-02-01,all_known_history_stale,
300200942_,14,insufficient_history,26.0,24318.0,0.0,0.0,0.0,insufficient_recent_history,2026-08-01,3_calendar_months,
300200943_,16,insufficient_history,6.0,24318.0,0.0,0.0,0.0,insufficient_recent_history,2026-08-01,3_calendar_months,
300200944_,6,insufficient_history,3.5,24305.833333333332,0.0,0.0,0.0,insufficient_recent_history,2026-02-01,all_known_history_stale,
300200945_,24,estimated_from_past,64.1193876087082,24318.0,-0.9134345629329947,10.388057647100547,0.0,unstable_trend_disabled,2026-08-01,3_calendar_months,0.9166666666666666
300200946_,23,insufficient_history,45.0,24318.0,1.1830294530154277,9.885714285714286,0.0,unstable_trend_disabled,2026-08-01,3_calendar_months,0.9090909090909091
300200947_,24,estimated_from_past,14.341582101297794,24318.0,0.9311902890668221,2.0387534179676337,0.0,unstable_trend_disabled,2026-08-01,3_calendar_months,1.0
300200948_,21,insufficient_history,10.0,24318.0,0.6655948553054662,0.813953488372093,0.6655948553054662,stable,2026-08-01,3_calendar_months,1.0
300200949_,12,insufficient_history,3.0,24318.0,0.0,0.0,0.0,insufficient_recent_history,2026-08-01,3_calendar_months,
300200950_,20,insufficient_history,6.5,24318.0,-0.13852813852813853,-0.3142857142857143,0.0,unstable_trend_disabled,2026-08-01,3_calendar_months,0.875
300200951_,4,insufficient_history,2.5,24308.0,0.0,0.0,0.0,insufficient_recent_history,2026-01-01,all_known_history_stale,
300200952_,5,insufficient_history,1.0,24317.0,0.0,0.0,0.0,insufficient_recent_history,2026-06-01,3_calendar_months,
300200953_,12,insufficient_history,3.0,24317.5,0.0,0.0,0.0,insufficient_recent_history,2026-07-01,3_calendar_months,
300200954_,5,insufficient_history,7.0,24316.0,0.0,0.0,0.0,insufficient_recent_history,2026-05-01,6_calendar_months,
300200955_,3,insufficient_history,2.0,24319.0,0.0,0.0,0.0,insufficient_recent_history,2026-08-01,3_calendar_months,
300200956_,0,insufficient_history,,,0.0,0.0,0.0,insufficient_history,,none,
300200959_,21,insufficient_history,24.333333333333332,24318.0,-0.646853146853147,0.22857142857142856,0.0,unstable_trend_disabled,2026-08-01,3_calendar_months,0.9166666666666666
300200961_,0,insufficient_history,,,0.0,0.0,0.0,insufficient_history,,none,
300200962_,0,insufficient_history,,,0.0,0.0,0.0,insufficient_history,,none,
300200963_,0,insufficient_history,,,0.0,0.0,0.0,insufficient_history,,none,
300200964_,0,insufficient_history,,,0.0,0.0,0.0,insufficient_history,,none,
300200965_,0,insufficient_history,,,0.0,0.0,0.0,insufficient_history,,none,
300200966_,0,insufficient_history,,,0.0,0.0,0.0,insufficient_history,,none,
300200967_,16,insufficient_history,175.33333333333334,24318.0,1.5874125874125877,-3.4857142857142858,0.0,unstable_trend_disabled,2026-08-01,3_calendar_months,0.8333333333333334
300200968_,17,insufficient_history,58.0,24318.0,-3.097902097902098,-0.42857142857142855,0.0,unstable_trend_disabled,2026-08-01,3_calendar_months,1.0
300201148_,16,insufficient_history,50.0,24318.0,-2.5,2.257142857142857,0.0,unstable_trend_disabled,2026-08-01,3_calendar_months,1.0
300201149_,16,insufficient_history,28.333333333333332,24318.0,-1.2272727272727273,2.7714285714285714,0.0,unstable_trend_disabled,2026-08-01,3_calendar_months,1.0
300201150_,16,insufficient_history,8.0,24318.0,-0.29370629370629375,1.8857142857142857,0.0,unstable_trend_disabled,2026-08-01,3_calendar_months,0.9166666666666666
300201151_,17,insufficient_history,16.0,24318.0,-9.416083916083917,0.4857142857142857,0.0,unstable_trend_disabled,2026-08-01,3_calendar_months,1.0
300201152_,14,insufficient_history,13.666666666666666,24318.0,-1.2178030303030305,1.7558139534883723,0.0,unstable_trend_disabled,2026-08-01,3_calendar_months,1.0
300201153_,17,insufficient_history,43.333333333333336,24318.0,-4.90909090909091,2.8857142857142857,0.0,unstable_trend_disabled,2026-08-01,3_calendar_months,1.0
300201154_,16,insufficient_history,10.0,24318.0,-0.7832167832167832,2.4571428571428573,0.0,unstable_trend_disabled,2026-08-01,3_calendar_months,1.0
300201155_,16,insufficient_history,27.333333333333332,24318.0,0.052447552447552476,-18.37142857142857,0.0,unstable_trend_disabled,2026-08-01,3_calendar_months,0.5833333333333334
ATN000108,7,insufficient_history,61.0,24318.0,0.0,0.0,0.0,insufficient_recent_history,2026-07-01,3_calendar_months,
ATN000109,20,insufficient_history,4.0,24318.0,-1.858695652173913,-1.081081081081081,-0.4,stable_capped,2026-08-01,3_calendar_months,1.0
ATN000139,0,insufficient_history,,,0.0,0.0,0.0,insufficient_history,,none,
ATN000330,0,insufficient_history,,,0.0,0.0,0.0,insufficient_history,,none,
ATN000389,2,insufficient_history,,,0.0,0.0,0.0,insufficient_history,2025-08-01,none,
ATN000393,0,insufficient_history,,,0.0,0.0,0.0,insufficient_history,,none,
ATN000399,4,insufficient_history,7.0,24308.25,0.0,0.0,0.0,insufficient_recent_history,2026-01-01,all_known_history_stale,
ATN000439,0,insufficient_history,,,0.0,0.0,0.0,insufficient_history,,none,
ATN000446,25,insufficient_history,3.0,24317.5,-0.30612244897959184,-1.5,0.0,unstable_trend_disabled,2026-07-01,3_calendar_months,1.0
ATN000449,0,insufficient_history,,,0.0,0.0,0.0,insufficient_history,,none,
ATN000487,0,insufficient_history,,,0.0,0.0,0.0,insufficient_history,,none,
ATN000493,0,insufficient_history,,,0.0,0.0,0.0,insufficient_history,,none,
ATN000499,0,insufficient_history,,,0.0,0.0,0.0,insufficient_history,,none,
ATN000532,1,insufficient_history,,,0.0,0.0,0.0,insufficient_history,2025-05-01,none,
ATN000539,0,insufficient_history,,,0.0,0.0,0.0,insufficient_history,,none,
ATN000724,0,insufficient_history,,,0.0,0.0,0.0,insufficient_history,,none,
ATN001105,0,insufficient_history,,,0.0,0.0,0.0,insufficient_history,,none,
ATN001130,0,insufficient_history,,,0.0,0.0,0.0,insufficient_history,,none,
ATN001132,0,insufficient_history,,,0.0,0.0,0.0,insufficient_history,,none,
ATN001133,0,insufficient_history,,,0.0,0.0,0.0,insufficient_history,,none,
ATN001209,0,insufficient_history,,,0.0,0.0,0.0,insufficient_history,,none,
ATN001230,0,insufficient_history,,,0.0,0.0,0.0,insufficient_history,,none,
ATN001232,2,insufficient_history,,,0.0,0.0,0.0,insufficient_history,2026-06-01,none,
ATN001233,0,insufficient_history,,,0.0,0.0,0.0,insufficient_history,,none,
ATN001239,0,insufficient_history,,,0.0,0.0,0.0,insufficient_history,,none,
ATN001302,0,insufficient_history,,,0.0,0.0,0.0,insufficient_history,,none,
ATN001420,0,insufficient_history,,,0.0,0.0,0.0,insufficient_history,,none,
ATN200101,0,insufficient_history,,,0.0,0.0,0.0,insufficient_history,,none,
ATN200102,0,insufficient_history,,,0.0,0.0,0.0,insufficient_history,,none,
ATN200111,0,insufficient_history,,,0.0,0.0,0.0,insufficient_history,,none,
ATN200145,0,insufficient_history,,,0.0,0.0,0.0,insufficient_history,,none,
ATN540113,0,insufficient_history,,,0.0,0.0,0.0,insufficient_history,,none,
ATN540115,2,insufficient_history,,,0.0,0.0,0.0,insufficient_history,2026-05-01,none,
ATN544013,0,insufficient_history,,,0.0,0.0,0.0,insufficient_history,,none,
ATN544015,1,insufficient_history,,,0.0,0.0,0.0,insufficient_history,2026-03-01,none,
BLNIA045003,0,insufficient_history,,,0.0,0.0,0.0,insufficient_history,,none,
BLNRA000315,0,insufficient_history,,,0.0,0.0,0.0,insufficient_history,,none,
BLNRA000415,0,insufficient_history,,,0.0,0.0,0.0,insufficient_history,,none,
BLNRA010213,0,insufficient_history,,,0.0,0.0,0.0,insufficient_history,,none,
BLNRA010215,0,insufficient_history,,,0.0,0.0,0.0,insufficient_history,,none,
BLNRA010312,0,insufficient_history,,,0.0,0.0,0.0,insufficient_history,,none,
BLNRA010313,0,insufficient_history,,,0.0,0.0,0.0,insufficient_history,,none,
BLNRA010314,0,insufficient_history,,,0.0,0.0,0.0,insufficient_history,,none,
BLNRA010315,0,insufficient_history,,,0.0,0.0,0.0,insufficient_history,,none,
BLNRA110115,0,insufficient_history,,,0.0,0.0,0.0,insufficient_history,,none,
BLNVA101013,0,insufficient_history,,,0.0,0.0,0.0,insufficient_history,,none,
BLNVA101014,0,insufficient_history,,,0.0,0.0,0.0,insufficient_history,,none,
BLNVA101015,0,insufficient_history,,,0.0,0.0,0.0,insufficient_history,,none,
BLNVA105013,0,insufficient_history,,,0.0,0.0,0.0,insufficient_history,,none,
BLNVA105014,0,insufficient_history,,,0.0,0.0,0.0,insufficient_history,,none,
BLNVA105015,0,insufficient_history,,,0.0,0.0,0.0,insufficient_history,,none,
BLNVA106012,0,insufficient_history,,,0.0,0.0,0.0,insufficient_history,,none,
BLNVA106013,0,insufficient_history,,,0.0,0.0,0.0,insufficient_history,,none,
BLNVA106014,0,insufficient_history,,,0.0,0.0,0.0,insufficient_history,,none,
GAL000584,0,insufficient_history,,,0.0,0.0,0.0,insufficient_history,,none,
GSL000185KK,0,insufficient_history,,,0.0,0.0,0.0,insufficient_history,,none,
KD-2-48,0,insufficient_history,,,0.0,0.0,0.0,insufficient_history,,none,
KD-2-88,0,insufficient_history,,,0.0,0.0,0.0,insufficient_history,,none,
KD-3-48,0,insufficient_history,,,0.0,0.0,0.0,insufficient_history,,none,
KD-RS254-18,0,insufficient_history,,,0.0,0.0,0.0,insufficient_history,,none,
LNVA105011,19,insufficient_history,11.0,24318.0,-0.4969696969696969,0.7142857142857143,0.0,unstable_trend_disabled,2026-08-01,3_calendar_months,1.0
RA10-164-BI,0,insufficient_history,,,0.0,0.0,0.0,insufficient_history,,none,
RA16-213-BI,0,insufficient_history,,,0.0,0.0,0.0,insufficient_history,,none,
RAT-1A3-B,0,insufficient_history,,,0.0,0.0,0.0,insufficient_history,,none,
RS16-212-S,0,insufficient_history,,,0.0,0.0,0.0,insufficient_history,,none,
RS6-253-18,0,insufficient_history,,,0.0,0.0,0.0,insufficient_history,,none,
RSI-251KK5E-28,0,insufficient_history,,,0.0,0.0,0.0,insufficient_history,,none,
RT-4A3-B,0,insufficient_history,,,0.0,0.0,0.0,insufficient_history,,none,
S56-043-BI,0,insufficient_history,,,0.0,0.0,0.0,insufficient_history,,none,
VA1U-112-B,0,insufficient_history,,,0.0,0.0,0.0,insufficient_history,,none,
VA510-228B-BI,0,insufficient_history,,,0.0,0.0,0.0,insufficient_history,,none,
VS116-153-1-86,0,insufficient_history,,,0.0,0.0,0.0,insufficient_history,,none,
VS116-154-1-86,0,insufficient_history,,,0.0,0.0,0.0,insufficient_history,,none,
VS516-252-18,0,insufficient_history,,,0.0,0.0,0.0,insufficient_history,,none,
WDE000151,0,insufficient_history,,,0.0,0.0,0.0,insufficient_history,,none,
WDE000185,0,insufficient_history,,,0.0,0.0,0.0,insufficient_history,,none,
WDE000193,0,insufficient_history,,,0.0,0.0,0.0,insufficient_history,,none,
WDE000195,0,insufficient_history,,,0.0,0.0,0.0,insufficient_history,,none,
WDE000302,0,insufficient_history,,,0.0,0.0,0.0,insufficient_history,,none,
WDE000303,0,insufficient_history,,,0.0,0.0,0.0,insufficient_history,,none,
WDE000304,0,insufficient_history,,,0.0,0.0,0.0,insufficient_history,,none,
WDE000311,0,insufficient_history,,,0.0,0.0,0.0,insufficient_history,,none,
WDE000351,0,insufficient_history,,,0.0,0.0,0.0,insufficient_history,,none,
WDE000381,0,insufficient_history,,,0.0,0.0,0.0,insufficient_history,,none,
WDE000391,0,insufficient_history,,,0.0,0.0,0.0,insufficient_history,,none,
WDE000403,0,insufficient_history,,,0.0,0.0,0.0,insufficient_history,,none,
WDE000404,0,insufficient_history,,,0.0,0.0,0.0,insufficient_history,,none,
WDE000411,0,insufficient_history,,,0.0,0.0,0.0,insufficient_history,,none,
WDE000413,0,insufficient_history,,,0.0,0.0,0.0,insufficient_history,,none,
WDE000431,0,insufficient_history,,,0.0,0.0,0.0,insufficient_history,,none,
WDE000436,0,insufficient_history,,,0.0,0.0,0.0,insufficient_history,,none,
WDE000441,0,insufficient_history,,,0.0,0.0,0.0,insufficient_history,,none,
WDE000448,0,insufficient_history,,,0.0,0.0,0.0,insufficient_history,,none,
WDE000451,0,insufficient_history,,,0.0,0.0,0.0,insufficient_history,,none,
WDE000461,0,insufficient_history,,,0.0,0.0,0.0,insufficient_history,,none,
WDE000471,0,insufficient_history,,,0.0,0.0,0.0,insufficient_history,,none,
WDE000481,0,insufficient_history,,,0.0,0.0,0.0,insufficient_history,,none,
WDE000493,0,insufficient_history,,,0.0,0.0,0.0,insufficient_history,,none,
щщщ0116254,6,insufficient_history,2.0,24319.0,0.0,0.0,0.0,insufficient_recent_history,2026-08-01,3_calendar_months,
яярп5490,0,insufficient_history,,,0.0,0.0,0.0,insufficient_history,,none,
