sku,unit,target_month,predicted_qty,status,model,supplier_id
010400432_,шт,2026-09-01,3.5654025642190508,forecast,decomposition,SYSTEME
010400433_,шт,2026-09-01,31.666666666666668,forecast,decomposition,SYSTEME
010400436_,шт,2026-09-01,20.114719947814194,forecast,decomposition,SYSTEME
010400437_,шт,2026-09-01,41.719632649908284,forecast,decomposition,SYSTEME
010400440_,шт,2026-09-01,14.605818566386574,forecast,decomposition,SYSTEME
010400441_,шт,2026-09-01,12.451567249628686,forecast,decomposition,SYSTEME
010400444_,шт,2026-09-01,39.55974962228634,forecast,decomposition,SYSTEME
010400445_,шт,2026-09-01,24.121699655651387,forecast,decomposition,SYSTEME
010400447_,шт,2026-09-01,30.052993551950095,forecast,decomposition,SYSTEME
010400448_,шт,2026-09-01,16.615585051781338,forecast,decomposition,SYSTEME
020100158_,шт,2026-09-01,295.33634034417696,forecast,decomposition,SYSTEME
020100159_,шт,2026-09-01,8.5,forecast,decomposition,SYSTEME
020100160_,шт,2026-09-01,133.37172899319486,forecast,decomposition,SYSTEME
020100161_,шт,2026-09-01,4.0,forecast,decomposition,SYSTEME
020100162_,шт,2026-09-01,7.611402813822908,forecast,decomposition,SYSTEME
020100163_,шт,2026-09-01,91.40979399545152,forecast,decomposition,SYSTEME
030200002_,шт,2026-09-01,,insufficient_history,decomposition,SYSTEME
030200003_,шт,2026-09-01,20.666666666666668,forecast,decomposition,SYSTEME
030200005_,шт,2026-09-01,19.0,forecast,decomposition,SYSTEME
030200006_,шт,2026-09-01,1.0,forecast,decomposition,SYSTEME
030200007_,шт,2026-09-01,43.0,forecast,decomposition,SYSTEME
030200008_,шт,2026-09-01,27.142857142857142,forecast,decomposition,SYSTEME
030200009_,шт,2026-09-01,6.666666666666667,forecast,decomposition,SYSTEME
030200010_,шт,2026-09-01,,insufficient_history,decomposition,SYSTEME
030200011_,шт,2026-09-01,,insufficient_history,decomposition,SYSTEME
030200012_,шт,2026-09-01,,insufficient_history,decomposition,SYSTEME
030200013_,шт,2026-09-01,,insufficient_history,decomposition,SYSTEME
030200015_,шт,2026-09-01,1.0,forecast,decomposition,SYSTEME
030200016_,шт,2026-09-01,,insufficient_history,decomposition,SYSTEME
030200025_,шт,2026-09-01,17.5,forecast,decomposition,SYSTEME
030200026_,шт,2026-09-01,1.0,forecast,decomposition,SYSTEME
030200027_,шт,2026-09-01,2.0,forecast,decomposition,SYSTEME
030200028_,шт,2026-09-01,105.93333333333334,forecast,decomposition,SYSTEME
030200029_,шт,2026-09-01,25.0,forecast,decomposition,SYSTEME
030200030_,шт,2026-09-01,177.07142857142858,forecast,decomposition,SYSTEME
030200031_,шт,2026-09-01,103.3076923076923,forecast,decomposition,SYSTEME
030200032_,шт,2026-09-01,43.285714285714285,forecast,decomposition,SYSTEME
030200034_,шт,2026-09-01,32.0,forecast,decomposition,SYSTEME
030200036_,шт,2026-09-01,39.92857142857143,forecast,decomposition,SYSTEME
030200037_,шт,2026-09-01,146.875,forecast,decomposition,SYSTEME
030200038_,шт,2026-09-01,317.6470588235294,forecast,decomposition,SYSTEME
030200039_,шт,2026-09-01,15.0,forecast,decomposition,SYSTEME
030200042_,шт,2026-09-01,,insufficient_history,decomposition,SYSTEME
030200045_,шт,2026-09-01,,insufficient_history,decomposition,SYSTEME
030200047_,шт,2026-09-01,,insufficient_history,decomposition,SYSTEME
030200052_,шт,2026-09-01,,insufficient_history,decomposition,SYSTEME
030200053_,шт,2026-09-01,,insufficient_history,decomposition,SYSTEME
030200054_,шт,2026-09-01,,insufficient_history,decomposition,SYSTEME
030200060_,шт,2026-09-01,,insufficient_history,decomposition,SYSTEME
030200062_,шт,2026-09-01,,insufficient_history,decomposition,SYSTEME
030200063_,шт,2026-09-01,,insufficient_history,decomposition,SYSTEME
030200069_,шт,2026-09-01,,insufficient_history,decomposition,SYSTEME
030200072_,шт,2026-09-01,10.5,forecast,decomposition,SYSTEME
030200073_,шт,2026-09-01,,insufficient_history,decomposition,SYSTEME
030200075_,шт,2026-09-01,,insufficient_history,decomposition,SYSTEME
030200076_,шт,2026-09-01,,insufficient_history,decomposition,SYSTEME
030200090_,шт,2026-09-01,,insufficient_history,decomposition,SYSTEME
030200092_,шт,2026-09-01,,insufficient_history,decomposition,SYSTEME
030200093_,шт,2026-09-01,9.5,forecast,decomposition,SYSTEME
030200094_,шт,2026-09-01,,insufficient_history,decomposition,SYSTEME
030200095_,шт,2026-09-01,,insufficient_history,decomposition,SYSTEME
030200096_,шт,2026-09-01,,insufficient_history,decomposition,SYSTEME
030200097_,шт,2026-09-01,,insufficient_history,decomposition,SYSTEME
030200105_,шт,2026-09-01,,insufficient_history,decomposition,SYSTEME
030200125_,шт,2026-09-01,,insufficient_history,decomposition,SYSTEME
030200126_,шт,2026-09-01,,insufficient_history,decomposition,SYSTEME
030200127_,шт,2026-09-01,,insufficient_history,decomposition,SYSTEME
030200128_,шт,2026-09-01,,insufficient_history,decomposition,SYSTEME
030200129_,шт,2026-09-01,,insufficient_history,decomposition,SYSTEME
030200134_,шт,2026-09-01,22.666666666666668,forecast,decomposition,SYSTEME
030200135_,шт,2026-09-01,36.0,forecast,decomposition,SYSTEME
030200136_,шт,2026-09-01,23.5,forecast,decomposition,SYSTEME
030200140_,шт,2026-09-01,,insufficient_history,decomposition,SYSTEME
030200141_,шт,2026-09-01,6.0,forecast,decomposition,SYSTEME
030200142_,шт,2026-09-01,1.0,forecast,decomposition,SYSTEME
030200143_,шт,2026-09-01,,insufficient_history,decomposition,SYSTEME
030200174_,шт,2026-09-01,,insufficient_history,decomposition,SYSTEME
030200175_,шт,2026-09-01,3.5,forecast,decomposition,SYSTEME
030200176_,шт,2026-09-01,2.5,forecast,decomposition,SYSTEME
030200179_,шт,2026-09-01,,insufficient_history,decomposition,SYSTEME
030200183_,шт,2026-09-01,,insufficient_history,decomposition,SYSTEME
030200184_,шт,2026-09-01,,insufficient_history,decomposition,SYSTEME
030200191_,шт,2026-09-01,8.5,forecast,decomposition,SYSTEME
030200192_,шт,2026-09-01,71443.49916954634,forecast,decomposition,SYSTEME
030200193_,шт,2026-09-01,29215.09816100598,forecast,decomposition,SYSTEME
030200194_,шт,2026-09-01,,insufficient_history,decomposition,SYSTEME
030200198_,шт,2026-09-01,,insufficient_history,decomposition,SYSTEME
030200200_,шт,2026-09-01,,insufficient_history,decomposition,SYSTEME
030200201_,шт,2026-09-01,28503.74507742775,forecast,decomposition,SYSTEME
030200203_,шт,2026-09-01,4181.5171397611175,forecast,decomposition,SYSTEME
030200219_,шт,2026-09-01,3901.1346524171095,forecast,decomposition,SYSTEME
030200220_,шт,2026-09-01,1557.5699787647923,forecast,decomposition,SYSTEME
030200221_,шт,2026-09-01,872.9446527453421,forecast,decomposition,SYSTEME
030200222_,шт,2026-09-01,557.9334400278102,forecast,decomposition,SYSTEME
030200223_,шт,2026-09-01,959.216932625522,forecast,decomposition,SYSTEME
030200224_,шт,2026-09-01,2951.285897919086,forecast,decomposition,SYSTEME
030200225_,шт,2026-09-01,2507.381282174734,forecast,decomposition,SYSTEME
030200226_,шт,2026-09-01,47.544475943096764,forecast,decomposition,SYSTEME
030200227_,шт,2026-09-01,177.45873891736252,forecast,decomposition,SYSTEME
030200239_,шт,2026-09-01,102.07142857142857,forecast,decomposition,SYSTEME
030200240_,шт,2026-09-01,5.0,forecast,decomposition,SYSTEME
030200243_,шт,2026-09-01,69.0,forecast,decomposition,SYSTEME
030200244_,шт,2026-09-01,1.0,forecast,decomposition,SYSTEME
030200245_,шт,2026-09-01,3.0,forecast,decomposition,SYSTEME
030200246_,шт,2026-09-01,11.3,forecast,decomposition,SYSTEME
030200247_,шт,2026-09-01,1.0,forecast,decomposition,SYSTEME
030200248_,шт,2026-09-01,4.0,forecast,decomposition,SYSTEME
030200249_,шт,2026-09-01,10.0,forecast,decomposition,SYSTEME
030200250_,шт,2026-09-01,2.0,forecast,decomposition,SYSTEME
030200251_,шт,2026-09-01,3.6666666666666665,forecast,decomposition,SYSTEME
030200252_,шт,2026-09-01,2.0,forecast,decomposition,SYSTEME
030200253_,шт,2026-09-01,4.117647058823529,forecast,decomposition,SYSTEME
030200254_,шт,2026-09-01,1.9,forecast,decomposition,SYSTEME
030200256_,шт,2026-09-01,1.0,forecast,decomposition,SYSTEME
030200257_,шт,2026-09-01,44.111111111111114,forecast,decomposition,SYSTEME
030200258_,шт,2026-09-01,10.375,forecast,decomposition,SYSTEME
030200259_,шт,2026-09-01,22.294117647058822,forecast,decomposition,SYSTEME
030200260_,шт,2026-09-01,29.692307692307693,forecast,decomposition,SYSTEME
030200261_,шт,2026-09-01,1.0,forecast,decomposition,SYSTEME
030200262_,шт,2026-09-01,1.8,forecast,decomposition,SYSTEME
030200263_,шт,2026-09-01,4.066666666666666,forecast,decomposition,SYSTEME
030200264_,шт,2026-09-01,,insufficient_history,decomposition,SYSTEME
030200265_,шт,2026-09-01,3.6666666666666665,forecast,decomposition,SYSTEME
030200266_,шт,2026-09-01,,insufficient_history,decomposition,SYSTEME
030200292_,шт,2026-09-01,5.0,forecast,decomposition,SYSTEME
030200295_,шт,2026-09-01,,insufficient_history,decomposition,SYSTEME
030200296_,шт,2026-09-01,,insufficient_history,decomposition,SYSTEME
030200297_,шт,2026-09-01,,insufficient_history,decomposition,SYSTEME
030200298_,шт,2026-09-01,,insufficient_history,decomposition,SYSTEME
030200322_,шт,2026-09-01,,insufficient_history,decomposition,SYSTEME
030200323_,шт,2026-09-01,,insufficient_history,decomposition,SYSTEME
030200330_,шт,2026-09-01,,insufficient_history,decomposition,SYSTEME
030200331_,шт,2026-09-01,,insufficient_history,decomposition,SYSTEME
030200345,шт,2026-09-01,,insufficient_history,decomposition,SYSTEME
030200372_,шт,2026-09-01,,insufficient_history,decomposition,SYSTEME
030200375_,,2026-09-01,,insufficient_history,decomposition,SYSTEME
030200379_,шт,2026-09-01,,insufficient_history,decomposition,SYSTEME
030200381_,,2026-09-01,,insufficient_history,decomposition,SYSTEME
030200382_,шт,2026-09-01,4.5,forecast,decomposition,SYSTEME
030200399_,шт,2026-09-01,,insufficient_history,decomposition,SYSTEME
030201459_,шт,2026-09-01,4903.333333333333,forecast,decomposition,SYSTEME
030300013_,шт,2026-09-01,58.0,forecast,decomposition,SYSTEME
030300014_,шт,2026-09-01,111.7666621828678,forecast,decomposition,SYSTEME
030300078_,шт,2026-09-01,5.0,forecast,decomposition,SYSTEME
130300026_,шт,2026-09-01,460.83861719795243,forecast,decomposition,SYSTEME
130300027_,шт,2026-09-01,876.2291742518584,forecast,decomposition,SYSTEME
130300028_,шт,2026-09-01,261.0,forecast,decomposition,SYSTEME
280300174_,шт,2026-09-01,1169.8971099394723,forecast,decomposition,SYSTEME
300100003_,шт,2026-09-01,5.625,forecast,decomposition,SYSTEME
300100004_,шт,2026-09-01,,insufficient_history,decomposition,SYSTEME
300100006_,шт,2026-09-01,2.6666666666666665,forecast,decomposition,SYSTEME
300100012_,шт,2026-09-01,,insufficient_history,decomposition,SYSTEME
300100015_,шт,2026-09-01,17.2,forecast,decomposition,SYSTEME
300100018_,шт,2026-09-01,,insufficient_history,decomposition,SYSTEME
300200283_,шт,2026-09-01,51.10777727101642,forecast,decomposition,SYSTEME
300200284_,шт,2026-09-01,50.27472451249615,forecast,decomposition,SYSTEME
300200285_,шт,2026-09-01,,insufficient_history,decomposition,SYSTEME
300200286_,шт,2026-09-01,5394.203964673943,forecast,decomposition,SYSTEME
300200287_,шт,2026-09-01,3.0,forecast,decomposition,SYSTEME
300200288_,шт,2026-09-01,56.82590764317892,forecast,decomposition,SYSTEME
300200289_,шт,2026-09-01,152.7953516934931,forecast,decomposition,SYSTEME
300200290_,шт,2026-09-01,4.0,forecast,decomposition,SYSTEME
300200291_,шт,2026-09-01,37.58872410686978,forecast,decomposition,SYSTEME
300200292_,шт,2026-09-01,2.5,forecast,decomposition,SYSTEME
300200293_,шт,2026-09-01,174.98487092762898,forecast,decomposition,SYSTEME
300200294_,шт,2026-09-01,32.975753889452946,forecast,decomposition,SYSTEME
300200295_,шт,2026-09-01,25.147835465487926,forecast,decomposition,SYSTEME
300200296_,шт,2026-09-01,545.5687799117352,forecast,decomposition,SYSTEME
300200297_,шт,2026-09-01,562.0367363898907,forecast,decomposition,SYSTEME
300200298_,шт,2026-09-01,1082.3697896024596,forecast,decomposition,SYSTEME
300200299_,шт,2026-09-01,2.0,forecast,decomposition,SYSTEME
300200300_,шт,2026-09-01,2.0,forecast,decomposition,SYSTEME
300200301_,шт,2026-09-01,463.458078310111,forecast,decomposition,SYSTEME
300200302_,шт,2026-09-01,268.0242092672863,forecast,decomposition,SYSTEME
300200303_,шт,2026-09-01,3675.7434858250435,forecast,decomposition,SYSTEME
300200304_,шт,2026-09-01,1348.0115629213196,forecast,decomposition,SYSTEME
300200305_,шт,2026-09-01,496.68096416554755,forecast,decomposition,SYSTEME
300200306_,шт,2026-09-01,212.2981824821658,forecast,decomposition,SYSTEME
300200307_,шт,2026-09-01,32.332227633354265,forecast,decomposition,SYSTEME
300200308_,шт,2026-09-01,34.99388388812494,forecast,decomposition,SYSTEME
300200309_,шт,2026-09-01,7.001684177688958,forecast,decomposition,SYSTEME
300200310_,шт,2026-09-01,15.0,forecast,decomposition,SYSTEME
300200311_,шт,2026-09-01,78.24532568483947,forecast,decomposition,SYSTEME
300200312_,шт,2026-09-01,6.0,forecast,decomposition,SYSTEME
300200313_,шт,2026-09-01,34.49454789466793,forecast,decomposition,SYSTEME
300200314_,шт,2026-09-01,18.13716535265114,forecast,decomposition,SYSTEME
300200315_,шт,2026-09-01,6.0,forecast,decomposition,SYSTEME
300200316_,шт,2026-09-01,3.5,forecast,decomposition,SYSTEME
300200317_,шт,2026-09-01,31.49412184725747,forecast,decomposition,SYSTEME
300200318_,шт,2026-09-01,58.648782393322506,forecast,decomposition,SYSTEME
300200319_,шт,2026-09-01,424.49353431302404,forecast,decomposition,SYSTEME
300200320_,шт,2026-09-01,122.9510738322201,forecast,decomposition,SYSTEME
300200321_,шт,2026-09-01,24.346565090645388,forecast,decomposition,SYSTEME
300200322_,шт,2026-09-01,104.06333963100988,forecast,decomposition,SYSTEME
300200323_,шт,2026-09-01,507.6622166235705,forecast,decomposition,SYSTEME
300200324_,шт,2026-09-01,1054.0437293550933,forecast,decomposition,SYSTEME
300200325_,шт,2026-09-01,66.24374992505354,forecast,decomposition,SYSTEME
300200326_,шт,2026-09-01,490.63289327345615,forecast,decomposition,SYSTEME
300200327_,шт,2026-09-01,70.51394393017466,forecast,decomposition,SYSTEME
300200328_,шт,2026-09-01,317.45955091775147,forecast,decomposition,SYSTEME
300200330_,шт,2026-09-01,1.5,forecast,decomposition,SYSTEME
300200331_,шт,2026-09-01,1312.5025506529848,forecast,decomposition,SYSTEME
300200332_,шт,2026-09-01,624.3135013803379,forecast,decomposition,SYSTEME
300200333_,шт,2026-09-01,653.1707160921213,forecast,decomposition,SYSTEME
300200335_,,2026-09-01,,insufficient_history,decomposition,SYSTEME
300200343_,шт,2026-09-01,1521.4038913836384,forecast,decomposition,SYSTEME
300200346_,шт,2026-09-01,20.5,forecast,decomposition,SYSTEME
300200347_,шт,2026-09-01,19.333333333333332,forecast,decomposition,SYSTEME
300200348_,шт,2026-09-01,2.3333333333333335,forecast,decomposition,SYSTEME
300200350_,шт,2026-09-01,7.538461538461538,forecast,decomposition,SYSTEME
300200351_,шт,2026-09-01,,insufficient_history,decomposition,SYSTEME
300200352_,шт,2026-09-01,,insufficient_history,decomposition,SYSTEME
300200362_,,2026-09-01,,insufficient_history,decomposition,SYSTEME
300200363_,шт,2026-09-01,2.0,forecast,decomposition,SYSTEME
300200364_,шт,2026-09-01,29.0,forecast,decomposition,SYSTEME
300200365_,шт,2026-09-01,188.28599286784677,forecast,decomposition,SYSTEME
300200366_,шт,2026-09-01,25.0,forecast,decomposition,SYSTEME
300200367_,шт,2026-09-01,6.0,forecast,decomposition,SYSTEME
300200368_,шт,2026-09-01,2.0,forecast,decomposition,SYSTEME
300200369_,,2026-09-01,,insufficient_history,decomposition,SYSTEME
300200370_,шт,2026-09-01,2.0,forecast,decomposition,SYSTEME
300200371_,шт,2026-09-01,21.666666666666668,forecast,decomposition,SYSTEME
300200372_,шт,2026-09-01,15.0,forecast,decomposition,SYSTEME
300200373_,шт,2026-09-01,29.5,forecast,decomposition,SYSTEME
300200374_,шт,2026-09-01,26.5,forecast,decomposition,SYSTEME
300200375_,шт,2026-09-01,30.94842956094393,forecast,decomposition,SYSTEME
300200376_,шт,2026-09-01,139.96370506887274,forecast,decomposition,SYSTEME
300200377_,шт,2026-09-01,50.74371447795739,forecast,decomposition,SYSTEME
300200378_,шт,2026-09-01,11.190407991087595,forecast,decomposition,SYSTEME
300200379_,шт,2026-09-01,5.05281301561951,forecast,decomposition,SYSTEME
300200380_,шт,2026-09-01,1.0,forecast,decomposition,SYSTEME
300200404_,шт,2026-09-01,,insufficient_history,decomposition,SYSTEME
300200410_,шт,2026-09-01,,insufficient_history,decomposition,SYSTEME
300200412_,шт,2026-09-01,,insufficient_history,decomposition,SYSTEME
300200413_,шт,2026-09-01,18.97251750242968,forecast,decomposition,SYSTEME
300200417_,шт,2026-09-01,,insufficient_history,decomposition,SYSTEME
300200418_,шт,2026-09-01,7.0,forecast,decomposition,SYSTEME
300200419_,шт,2026-09-01,,insufficient_history,decomposition,SYSTEME
300200420_,шт,2026-09-01,20.0,forecast,decomposition,SYSTEME
300200421_,шт,2026-09-01,9.0,forecast,decomposition,SYSTEME
300200422_,шт,2026-09-01,12.0,forecast,decomposition,SYSTEME
300200423_,шт,2026-09-01,,insufficient_history,decomposition,SYSTEME
300200424_,шт,2026-09-01,1.0,forecast,decomposition,SYSTEME
300200425_,шт,2026-09-01,1.0,forecast,decomposition,SYSTEME
300200426_,шт,2026-09-01,2.6666666666666665,forecast,decomposition,SYSTEME
300200427_,,2026-09-01,,insufficient_history,decomposition,SYSTEME
300200428_,шт,2026-09-01,255.33038112436776,forecast,decomposition,SYSTEME
300200429_,шт,2026-09-01,19.5,forecast,decomposition,SYSTEME
300200430_,шт,2026-09-01,27.0,forecast,decomposition,SYSTEME
300200431_,шт,2026-09-01,14.333333333333334,forecast,decomposition,SYSTEME
300200432_,шт,2026-09-01,11.333333333333334,forecast,decomposition,SYSTEME
300200433_,шт,2026-09-01,3.114725740021857,forecast,decomposition,SYSTEME
300200434_,шт,2026-09-01,14.0,forecast,decomposition,SYSTEME
300200435_,шт,2026-09-01,111.91550739348042,forecast,decomposition,SYSTEME
300200436_,шт,2026-09-01,18.051205475182638,forecast,decomposition,SYSTEME
300200437_,шт,2026-09-01,54.483676682751316,forecast,decomposition,SYSTEME
300200438_,шт,2026-09-01,26.68302248576449,forecast,decomposition,SYSTEME
300200439_,шт,2026-09-01,7.333333333333333,forecast,decomposition,SYSTEME
300200440_,шт,2026-09-01,19.0,forecast,decomposition,SYSTEME
300200441_,шт,2026-09-01,1.5,forecast,decomposition,SYSTEME
300200442_,шт,2026-09-01,,insufficient_history,decomposition,SYSTEME
300200443_,шт,2026-09-01,39.0,forecast,decomposition,SYSTEME
300200444_,шт,2026-09-01,10.0,forecast,decomposition,SYSTEME
300200445_,шт,2026-09-01,2.0,forecast,decomposition,SYSTEME
300200446_,шт,2026-09-01,4.0,forecast,decomposition,SYSTEME
300200447_,шт,2026-09-01,,insufficient_history,decomposition,SYSTEME
300200448_,шт,2026-09-01,1.0,forecast,decomposition,SYSTEME
300200449_,шт,2026-09-01,4.0,forecast,decomposition,SYSTEME
300200450_,шт,2026-09-01,1.0,forecast,decomposition,SYSTEME
300200451_,шт,2026-09-01,6.4,forecast,decomposition,SYSTEME
300200452_,шт,2026-09-01,1.0,forecast,decomposition,SYSTEME
300200454_,шт,2026-09-01,,insufficient_history,decomposition,SYSTEME
300200456_,шт,2026-09-01,,insufficient_history,decomposition,SYSTEME
300200458_,шт,2026-09-01,,insufficient_history,decomposition,SYSTEME
300200459_,шт,2026-09-01,42.50994921887636,forecast,decomposition,SYSTEME
300200460_,шт,2026-09-01,39.324311786217464,forecast,decomposition,SYSTEME
300200461_,шт,2026-09-01,22.732361592535508,forecast,decomposition,SYSTEME
300200462_,шт,2026-09-01,59.2095379494725,forecast,decomposition,SYSTEME
300200463_,шт,2026-09-01,660.7043830239867,forecast,decomposition,SYSTEME
300200464_,шт,2026-09-01,410.9847361581803,forecast,decomposition,SYSTEME
300200465_,шт,2026-09-01,170.57378470265343,forecast,decomposition,SYSTEME
300200466_,шт,2026-09-01,155.98602989799863,forecast,decomposition,SYSTEME
300200467_,шт,2026-09-01,20.736356169170293,forecast,decomposition,SYSTEME
300200468_,шт,2026-09-01,68.42048435146768,forecast,decomposition,SYSTEME
300200469_,шт,2026-09-01,,insufficient_history,decomposition,SYSTEME
300200470_,шт,2026-09-01,7.636363636363637,forecast,decomposition,SYSTEME
300200471_,шт,2026-09-01,9.28683931439651,forecast,decomposition,SYSTEME
300200472_,шт,2026-09-01,54.8350074897369,forecast,decomposition,SYSTEME
300200473_,шт,2026-09-01,2.6666666666666665,forecast,decomposition,SYSTEME
300200474_,,2026-09-01,,insufficient_history,decomposition,SYSTEME
300200495_,шт,2026-09-01,,insufficient_history,decomposition,SYSTEME
300200496_,шт,2026-09-01,25.333333333333332,forecast,decomposition,SYSTEME
300200497_,шт,2026-09-01,,insufficient_history,decomposition,SYSTEME
300200498_,шт,2026-09-01,123.44173035094599,forecast,decomposition,SYSTEME
300200511_,шт,2026-09-01,4.0,forecast,decomposition,SYSTEME
300200515_,шт,2026-09-01,94.23407176377773,forecast,decomposition,SYSTEME
300200516_,шт,2026-09-01,35.086863406976946,forecast,decomposition,SYSTEME
300200517_,шт,2026-09-01,7.857142857142857,forecast,decomposition,SYSTEME
300200518_,шт,2026-09-01,16.666666666666668,forecast,decomposition,SYSTEME
300200519_,шт,2026-09-01,45.529495950739886,forecast,decomposition,SYSTEME
300200520_,шт,2026-09-01,121.64045945514003,forecast,decomposition,SYSTEME
300200521_,шт,2026-09-01,7.0,forecast,decomposition,SYSTEME
300200522_,шт,2026-09-01,,insufficient_history,decomposition,SYSTEME
300200523_,шт,2026-09-01,6.886520402031774,forecast,decomposition,SYSTEME
300200524_,шт,2026-09-01,3.0,forecast,decomposition,SYSTEME
300200525_,шт,2026-09-01,1.5,forecast,decomposition,SYSTEME
300200526_,шт,2026-09-01,19.493715130369804,forecast,decomposition,SYSTEME
300200527_,шт,2026-09-01,3.0,forecast,decomposition,SYSTEME
300200528_,,2026-09-01,,insufficient_history,decomposition,SYSTEME
300200529_,шт,2026-09-01,1.0,forecast,decomposition,SYSTEME
300200530_,шт,2026-09-01,5.0,forecast,decomposition,SYSTEME
300200531_,шт,2026-09-01,2.0,forecast,decomposition,SYSTEME
300200532_,шт,2026-09-01,1.0,forecast,decomposition,SYSTEME
300200533_,шт,2026-09-01,1.0,forecast,decomposition,SYSTEME
300200534_,шт,2026-09-01,3.0,forecast,decomposition,SYSTEME
300200535_,шт,2026-09-01,4.75,forecast,decomposition,SYSTEME
300200536_,шт,2026-09-01,77.37261581779369,forecast,decomposition,SYSTEME
300200537_,шт,2026-09-01,23.832203916569007,forecast,decomposition,SYSTEME
300200538_,шт,2026-09-01,10.747771267820156,forecast,decomposition,SYSTEME
300200539_,шт,2026-09-01,10.78930391967057,forecast,decomposition,SYSTEME
300200540_,шт,2026-09-01,2.5,forecast,decomposition,SYSTEME
300200541_,шт,2026-09-01,1.0,forecast,decomposition,SYSTEME
300200542_,шт,2026-09-01,646.7585823249009,forecast,decomposition,SYSTEME
300200543_,шт,2026-09-01,64.27782904762815,forecast,decomposition,SYSTEME
300200544_,шт,2026-09-01,12.0,forecast,decomposition,SYSTEME
300200545_,шт,2026-09-01,17.176404527832663,forecast,decomposition,SYSTEME
300200546_,шт,2026-09-01,2.5,forecast,decomposition,SYSTEME
300200547_,шт,2026-09-01,12.328267002906728,forecast,decomposition,SYSTEME
300200548_,шт,2026-09-01,25.84170598342984,forecast,decomposition,SYSTEME
300200549_,шт,2026-09-01,23.080387478606863,forecast,decomposition,SYSTEME
300200550_,шт,2026-09-01,2.0,forecast,decomposition,SYSTEME
300200551_,шт,2026-09-01,5.0,forecast,decomposition,SYSTEME
300200552_,шт,2026-09-01,24.666666666666668,forecast,decomposition,SYSTEME
300200553_,шт,2026-09-01,42.886978166067834,forecast,decomposition,SYSTEME
300200554_,шт,2026-09-01,2.5,forecast,decomposition,SYSTEME
300200555_,шт,2026-09-01,21.5,forecast,decomposition,SYSTEME
300200556_,шт,2026-09-01,3.5867422741838597,forecast,decomposition,SYSTEME
300200557_,шт,2026-09-01,1.5,forecast,decomposition,SYSTEME
300200558_,шт,2026-09-01,346.4050713151636,forecast,decomposition,SYSTEME
300200559_,шт,2026-09-01,203.49910777070028,forecast,decomposition,SYSTEME
300200560_,шт,2026-09-01,73.60048197778399,forecast,decomposition,SYSTEME
300200561_,шт,2026-09-01,27.260855470266293,forecast,decomposition,SYSTEME
300200562_,шт,2026-09-01,4.0,forecast,decomposition,SYSTEME
300200563_,шт,2026-09-01,34.925714279760065,forecast,decomposition,SYSTEME
300200564_,шт,2026-09-01,64.5313235550032,forecast,decomposition,SYSTEME
300200565_,шт,2026-09-01,13.333333333333334,forecast,decomposition,SYSTEME
300200566_,шт,2026-09-01,5.636363636363637,forecast,decomposition,SYSTEME
300200567_,шт,2026-09-01,8.0,forecast,decomposition,SYSTEME
300200568_,шт,2026-09-01,7.25,forecast,decomposition,SYSTEME
300200569_,шт,2026-09-01,2.0,forecast,decomposition,SYSTEME
300200570_,шт,2026-09-01,1.5,forecast,decomposition,SYSTEME
300200571_,шт,2026-09-01,7.0,forecast,decomposition,SYSTEME
300200572_,шт,2026-09-01,,insufficient_history,decomposition,SYSTEME
300200573_,шт,2026-09-01,1.0,forecast,decomposition,SYSTEME
300200574_,шт,2026-09-01,5.0,forecast,decomposition,SYSTEME
300200575_,шт,2026-09-01,5.0,forecast,decomposition,SYSTEME
300200576_,шт,2026-09-01,20.0,forecast,decomposition,SYSTEME
300200577_,шт,2026-09-01,3.6363636363636362,forecast,decomposition,SYSTEME
300200578_,,2026-09-01,,insufficient_history,decomposition,SYSTEME
300200579_,шт,2026-09-01,44.512543144809726,forecast,decomposition,SYSTEME
300200580_,шт,2026-09-01,19.483220860855457,forecast,decomposition,SYSTEME
300200581_,шт,2026-09-01,5.206704483776599,forecast,decomposition,SYSTEME
300200582_,шт,2026-09-01,1.0,forecast,decomposition,SYSTEME
300200583_,шт,2026-09-01,2.0,forecast,decomposition,SYSTEME
300200584_,шт,2026-09-01,2.0,forecast,decomposition,SYSTEME
300200586_,,2026-09-01,,insufficient_history,decomposition,SYSTEME
300200588_,шт,2026-09-01,70.07608936390159,forecast,decomposition,SYSTEME
300200589_,,2026-09-01,,insufficient_history,decomposition,SYSTEME
300200590_,шт,2026-09-01,13.0,forecast,decomposition,SYSTEME
300200591_,шт,2026-09-01,5.333333333333333,forecast,decomposition,SYSTEME
300200592_,шт,2026-09-01,78.53768980631921,forecast,decomposition,SYSTEME
300200593_,шт,2026-09-01,86.26701871076955,forecast,decomposition,SYSTEME
300200594_,,2026-09-01,,insufficient_history,decomposition,SYSTEME
300200595_,шт,2026-09-01,12.5,forecast,decomposition,SYSTEME
300200622_,,2026-09-01,,insufficient_history,decomposition,SYSTEME
300200623_,,2026-09-01,,insufficient_history,decomposition,SYSTEME
300200624_,шт,2026-09-01,67.0,forecast,decomposition,SYSTEME
300200627_,,2026-09-01,,insufficient_history,decomposition,SYSTEME
300200632_,шт,2026-09-01,68.5,forecast,decomposition,SYSTEME
300200635_,шт,2026-09-01,,insufficient_history,decomposition,SYSTEME
300200700_,шт,2026-09-01,78.76918043515447,forecast,decomposition,SYSTEME
300200704_,шт,2026-09-01,7.0,forecast,decomposition,SYSTEME
300200718_,шт,2026-09-01,272.5717664957247,forecast,decomposition,SYSTEME
300200719_,шт,2026-09-01,18.0,forecast,decomposition,SYSTEME
300200720_,шт,2026-09-01,33.0595190555847,forecast,decomposition,SYSTEME
300200721_,шт,2026-09-01,3.5,forecast,decomposition,SYSTEME
300200722_,шт,2026-09-01,26.666666666666668,forecast,decomposition,SYSTEME
300200723_,шт,2026-09-01,3.5,forecast,decomposition,SYSTEME
300200724_,шт,2026-09-01,4.0,forecast,decomposition,SYSTEME
300200725_,шт,2026-09-01,17.0,forecast,decomposition,SYSTEME
300200726_,шт,2026-09-01,41.07559574978566,forecast,decomposition,SYSTEME
300200727_,шт,2026-09-01,,insufficient_history,decomposition,SYSTEME
300200728_,шт,2026-09-01,5.666666666666667,forecast,decomposition,SYSTEME
300200729_,шт,2026-09-01,26.0,forecast,decomposition,SYSTEME
300200730_,шт,2026-09-01,17.991104935351927,forecast,decomposition,SYSTEME
300200731_,шт,2026-09-01,2.0,forecast,decomposition,SYSTEME
300200732_,шт,2026-09-01,9.333333333333334,forecast,decomposition,SYSTEME
300200733_,шт,2026-09-01,1.5,forecast,decomposition,SYSTEME
300200734_,шт,2026-09-01,1.0,forecast,decomposition,SYSTEME
300200735_,шт,2026-09-01,204.92754350253566,forecast,decomposition,SYSTEME
300200736_,шт,2026-09-01,65.54531584493196,forecast,decomposition,SYSTEME
300200737_,шт,2026-09-01,37.615235108669786,forecast,decomposition,SYSTEME
300200738_,шт,2026-09-01,17.333333333333332,forecast,decomposition,SYSTEME
300200739_,шт,2026-09-01,1.0,forecast,decomposition,SYSTEME
300200740_,шт,2026-09-01,8.615287119223119,forecast,decomposition,SYSTEME
300200741_,шт,2026-09-01,49.64776840573893,forecast,decomposition,SYSTEME
300200742_,шт,2026-09-01,127.34366334584467,forecast,decomposition,SYSTEME
300200743_,шт,2026-09-01,36.102889957404976,forecast,decomposition,SYSTEME
300200744_,шт,2026-09-01,145.29779494924807,forecast,decomposition,SYSTEME
300200745_,шт,2026-09-01,93.29512095989718,forecast,decomposition,SYSTEME
300200746_,шт,2026-09-01,110.2513868122889,forecast,decomposition,SYSTEME
300200747_,шт,2026-09-01,1.0,forecast,decomposition,SYSTEME
300200748_,шт,2026-09-01,4.0,forecast,decomposition,SYSTEME
300200749_,шт,2026-09-01,43.203865028265824,forecast,decomposition,SYSTEME
300200750_,шт,2026-09-01,16.311734098324585,forecast,decomposition,SYSTEME
300200751_,шт,2026-09-01,122.11513512736619,forecast,decomposition,SYSTEME
300200752_,шт,2026-09-01,99.12584087101496,forecast,decomposition,SYSTEME
300200753_,шт,2026-09-01,37.17384276279276,forecast,decomposition,SYSTEME
300200754_,шт,2026-09-01,4.666666666666667,forecast,decomposition,SYSTEME
300200755_,шт,2026-09-01,10.172591005528323,forecast,decomposition,SYSTEME
300200767_,шт,2026-09-01,1.0,forecast,decomposition,SYSTEME
300200771_,шт,2026-09-01,34.4508337794448,forecast,decomposition,SYSTEME
300200772_,шт,2026-09-01,7.0,forecast,decomposition,SYSTEME
300200773_,шт,2026-09-01,2.0,forecast,decomposition,SYSTEME
300200774_,шт,2026-09-01,1.5,forecast,decomposition,SYSTEME
300200775_,шт,2026-09-01,5.615384615384615,forecast,decomposition,SYSTEME
300200776_,шт,2026-09-01,5.0,forecast,decomposition,SYSTEME
300200777_,шт,2026-09-01,22.631552443949207,forecast,decomposition,SYSTEME
300200778_,шт,2026-09-01,9.333333333333334,forecast,decomposition,SYSTEME
300200779_,шт,2026-09-01,12.87395184370968,forecast,decomposition,SYSTEME
300200780_,,2026-09-01,,insufficient_history,decomposition,SYSTEME
300200781_,шт,2026-09-01,1.0,forecast,decomposition,SYSTEME
300200782_,шт,2026-09-01,4.333333333333333,forecast,decomposition,SYSTEME
300200783_,шт,2026-09-01,5.0,forecast,decomposition,SYSTEME
300200784_,шт,2026-09-01,64.66666666666667,forecast,decomposition,SYSTEME
300200785_,шт,2026-09-01,6.0,forecast,decomposition,SYSTEME
300200786_,шт,2026-09-01,,insufficient_history,decomposition,SYSTEME
300200787_,шт,2026-09-01,11.5,forecast,decomposition,SYSTEME
300200788_,шт,2026-09-01,10.0,forecast,decomposition,SYSTEME
300200789_,шт,2026-09-01,36.0,forecast,decomposition,SYSTEME
300200790_,шт,2026-09-01,6.0,forecast,decomposition,SYSTEME
300200791_,шт,2026-09-01,5.75,forecast,decomposition,SYSTEME
300200792_,шт,2026-09-01,,insufficient_history,decomposition,SYSTEME
300200793_,шт,2026-09-01,8.6,forecast,decomposition,SYSTEME
300200794_,шт,2026-09-01,5.875,forecast,decomposition,SYSTEME
300200795_,шт,2026-09-01,34.0,forecast,decomposition,SYSTEME
300200796_,шт,2026-09-01,20.0,forecast,decomposition,SYSTEME
300200797_,шт,2026-09-01,5.0,forecast,decomposition,SYSTEME
300200798_,шт,2026-09-01,4.0,forecast,decomposition,SYSTEME
300200799_,шт,2026-09-01,2.0,forecast,decomposition,SYSTEME
300200800_,шт,2026-09-01,8.6,forecast,decomposition,SYSTEME
300200801_,шт,2026-09-01,10.0,forecast,decomposition,SYSTEME
300200802_,шт,2026-09-01,20.0,forecast,decomposition,SYSTEME
300200803_,шт,2026-09-01,5.5,forecast,decomposition,SYSTEME
300200804_,шт,2026-09-01,7.0,forecast,decomposition,SYSTEME
300200805_,шт,2026-09-01,7.0,forecast,decomposition,SYSTEME
300200806_,шт,2026-09-01,4.4,forecast,decomposition,SYSTEME
300200807_,шт,2026-09-01,,insufficient_history,decomposition,SYSTEME
300200808_,шт,2026-09-01,,insufficient_history,decomposition,SYSTEME
300200809_,шт,2026-09-01,1.75,forecast,decomposition,SYSTEME
300200810_,шт,2026-09-01,158.13563907897498,forecast,decomposition,SYSTEME
300200811_,шт,2026-09-01,1.0,forecast,decomposition,SYSTEME
300200812_,шт,2026-09-01,36.0,forecast,decomposition,SYSTEME
300200813_,шт,2026-09-01,12.0,forecast,decomposition,SYSTEME
300200814_,шт,2026-09-01,22.580690160913942,forecast,decomposition,SYSTEME
300200815_,шт,2026-09-01,11.666666666666666,forecast,decomposition,SYSTEME
300200816_,шт,2026-09-01,4.0,forecast,decomposition,SYSTEME
300200817_,шт,2026-09-01,10.5,forecast,decomposition,SYSTEME
300200818_,шт,2026-09-01,2.3333333333333335,forecast,decomposition,SYSTEME
300200819_,шт,2026-09-01,1.0,forecast,decomposition,SYSTEME
300200820_,шт,2026-09-01,1.0,forecast,decomposition,SYSTEME
300200821_,шт,2026-09-01,83.08720365939573,forecast,decomposition,SYSTEME
300200822_,шт,2026-09-01,60.12844157017928,forecast,decomposition,SYSTEME
300200823_,шт,2026-09-01,15.0,forecast,decomposition,SYSTEME
300200824_,шт,2026-09-01,13.0,forecast,decomposition,SYSTEME
300200825_,шт,2026-09-01,1.5,forecast,decomposition,SYSTEME
300200826_,шт,2026-09-01,12.5,forecast,decomposition,SYSTEME
300200827_,шт,2026-09-01,5.2,forecast,decomposition,SYSTEME
300200828_,шт,2026-09-01,1.5,forecast,decomposition,SYSTEME
300200829_,шт,2026-09-01,,insufficient_history,decomposition,SYSTEME
300200830_,шт,2026-09-01,1.0,forecast,decomposition,SYSTEME
300200831_,шт,2026-09-01,,insufficient_history,decomposition,SYSTEME
300200832_,шт,2026-09-01,11.5,forecast,decomposition,SYSTEME
300200833_,шт,2026-09-01,17.666666666666668,forecast,decomposition,SYSTEME
300200834_,шт,2026-09-01,2.0,forecast,decomposition,SYSTEME
300200835_,шт,2026-09-01,15.666666666666666,forecast,decomposition,SYSTEME
300200836_,шт,2026-09-01,3.0,forecast,decomposition,SYSTEME
300200837_,шт,2026-09-01,,insufficient_history,decomposition,SYSTEME
300200838_,шт,2026-09-01,7.333333333333333,forecast,decomposition,SYSTEME
300200839_,шт,2026-09-01,6.666666666666667,forecast,decomposition,SYSTEME
300200840_,шт,2026-09-01,10.5,forecast,decomposition,SYSTEME
300200841_,шт,2026-09-01,5.5,forecast,decomposition,SYSTEME
300200842_,шт,2026-09-01,108.33333333333333,forecast,decomposition,SYSTEME
300200843_,шт,2026-09-01,18.5,forecast,decomposition,SYSTEME
300200844_,шт,2026-09-01,3.3333333333333335,forecast,decomposition,SYSTEME
300200845_,шт,2026-09-01,3.0,forecast,decomposition,SYSTEME
300200846_,шт,2026-09-01,71.0,forecast,decomposition,SYSTEME
300200847_,шт,2026-09-01,26.666666666666668,forecast,decomposition,SYSTEME
300200848_,шт,2026-09-01,9.0,forecast,decomposition,SYSTEME
300200849_,шт,2026-09-01,5.0,forecast,decomposition,SYSTEME
300200850_,шт,2026-09-01,1.0,forecast,decomposition,SYSTEME
300200851_,шт,2026-09-01,10.666666666666666,forecast,decomposition,SYSTEME
300200852_,шт,2026-09-01,8.333333333333334,forecast,decomposition,SYSTEME
300200853_,шт,2026-09-01,22.0,forecast,decomposition,SYSTEME
300200854_,шт,2026-09-01,7.285714285714286,forecast,decomposition,SYSTEME
300200855_,шт,2026-09-01,3.5,forecast,decomposition,SYSTEME
300200856_,шт,2026-09-01,386.0,forecast,decomposition,SYSTEME
300200857_,шт,2026-09-01,74.66666666666667,forecast,decomposition,SYSTEME
300200858_,шт,2026-09-01,10.916666666666666,forecast,decomposition,SYSTEME
300200859_,шт,2026-09-01,41.333333333333336,forecast,decomposition,SYSTEME
300200860_,шт,2026-09-01,10.0,forecast,decomposition,SYSTEME
300200861_,шт,2026-09-01,18.333333333333332,forecast,decomposition,SYSTEME
300200862_,шт,2026-09-01,26.0,forecast,decomposition,SYSTEME
300200863_,шт,2026-09-01,9.0,forecast,decomposition,SYSTEME
300200864_,шт,2026-09-01,1.0,forecast,decomposition,SYSTEME
300200865_,шт,2026-09-01,78.0,forecast,decomposition,SYSTEME
300200866_,шт,2026-09-01,5.0,forecast,decomposition,SYSTEME
300200867_,шт,2026-09-01,4.0,forecast,decomposition,SYSTEME
300200868_,шт,2026-09-01,145.0,forecast,decomposition,SYSTEME
300200869_,шт,2026-09-01,131.5,forecast,decomposition,SYSTEME
300200870_,шт,2026-09-01,45.666666666666664,forecast,decomposition,SYSTEME
300200871_,шт,2026-09-01,22.5,forecast,decomposition,SYSTEME
300200872_,шт,2026-09-01,11.0,forecast,decomposition,SYSTEME
300200873_,шт,2026-09-01,24.0,forecast,decomposition,SYSTEME
300200874_,шт,2026-09-01,,insufficient_history,decomposition,SYSTEME
300200875_,шт,2026-09-01,8.5,forecast,decomposition,SYSTEME
300200876_,шт,2026-09-01,3.0,forecast,decomposition,SYSTEME
300200877_,шт,2026-09-01,1.0,forecast,decomposition,SYSTEME
300200878_,шт,2026-09-01,2.0,forecast,decomposition,SYSTEME
300200879_,шт,2026-09-01,6.666666666666667,forecast,decomposition,SYSTEME
300200880_,шт,2026-09-01,8.833333333333334,forecast,decomposition,SYSTEME
300200881_,шт,2026-09-01,3.0,forecast,decomposition,SYSTEME
300200882_,шт,2026-09-01,21.0,forecast,decomposition,SYSTEME
300200883_,шт,2026-09-01,14.0,forecast,decomposition,SYSTEME
300200884_,шт,2026-09-01,2.0,forecast,decomposition,SYSTEME
300200885_,шт,2026-09-01,1.0,forecast,decomposition,SYSTEME
300200886_,шт,2026-09-01,4.0,forecast,decomposition,SYSTEME
300200887_,шт,2026-09-01,39.666666666666664,forecast,decomposition,SYSTEME
300200888_,шт,2026-09-01,7.0,forecast,decomposition,SYSTEME
300200889_,шт,2026-09-01,2.3333333333333335,forecast,decomposition,SYSTEME
300200890_,шт,2026-09-01,3.0,forecast,decomposition,SYSTEME
300200891_,шт,2026-09-01,,insufficient_history,decomposition,SYSTEME
300200892_,шт,2026-09-01,2.0,forecast,decomposition,SYSTEME
300200893_,шт,2026-09-01,1.0,forecast,decomposition,SYSTEME
300200894_,шт,2026-09-01,2.6,forecast,decomposition,SYSTEME
300200895_,шт,2026-09-01,7.0,forecast,decomposition,SYSTEME
300200896_,шт,2026-09-01,21.4,forecast,decomposition,SYSTEME
300200897_,шт,2026-09-01,5.0,forecast,decomposition,SYSTEME
300200898_,шт,2026-09-01,15.333333333333334,forecast,decomposition,SYSTEME
300200899_,шт,2026-09-01,11.333333333333334,forecast,decomposition,SYSTEME
300200900_,шт,2026-09-01,3.0,forecast,decomposition,SYSTEME
300200901_,шт,2026-09-01,2.5,forecast,decomposition,SYSTEME
300200902_,шт,2026-09-01,4.666666666666667,forecast,decomposition,SYSTEME
300200903_,шт,2026-09-01,2.0,forecast,decomposition,SYSTEME
300200904_,шт,2026-09-01,,insufficient_history,decomposition,SYSTEME
300200905_,шт,2026-09-01,2.0,forecast,decomposition,SYSTEME
300200906_,шт,2026-09-01,,insufficient_history,decomposition,SYSTEME
300200907_,шт,2026-09-01,2.0,forecast,decomposition,SYSTEME
300200908_,шт,2026-09-01,,insufficient_history,decomposition,SYSTEME
300200909_,шт,2026-09-01,4.0,forecast,decomposition,SYSTEME
300200910_,шт,2026-09-01,55.241718050410554,forecast,decomposition,SYSTEME
300200911_,шт,2026-09-01,3.0,forecast,decomposition,SYSTEME
300200912_,шт,2026-09-01,15.5,forecast,decomposition,SYSTEME
300200913_,шт,2026-09-01,5.0,forecast,decomposition,SYSTEME
300200914_,шт,2026-09-01,15.5,forecast,decomposition,SYSTEME
300200915_,шт,2026-09-01,10.2,forecast,decomposition,SYSTEME
300200916_,шт,2026-09-01,6.0,forecast,decomposition,SYSTEME
300200917_,шт,2026-09-01,9.0,forecast,decomposition,SYSTEME
300200918_,шт,2026-09-01,4.0,forecast,decomposition,SYSTEME
300200919_,шт,2026-09-01,4.333333333333333,forecast,decomposition,SYSTEME
300200920_,шт,2026-09-01,1.0,forecast,decomposition,SYSTEME
300200921_,шт,2026-09-01,38.333333333333336,forecast,decomposition,SYSTEME
300200922_,шт,2026-09-01,30.0,forecast,decomposition,SYSTEME
300200923_,шт,2026-09-01,8.0,forecast,decomposition,SYSTEME
300200924_,шт,2026-09-01,5.5,forecast,decomposition,SYSTEME
300200925_,шт,2026-09-01,6.625,forecast,decomposition,SYSTEME
300200926_,шт,2026-09-01,14.0,forecast,decomposition,SYSTEME
300200927_,шт,2026-09-01,9.8,forecast,decomposition,SYSTEME
300200928_,шт,2026-09-01,2.0,forecast,decomposition,SYSTEME
300200929_,шт,2026-09-01,4.0,forecast,decomposition,SYSTEME
300200930_,шт,2026-09-01,7.0,forecast,decomposition,SYSTEME
300200931_,шт,2026-09-01,,insufficient_history,decomposition,SYSTEME
300200932_,шт,2026-09-01,11.555555555555555,forecast,decomposition,SYSTEME
300200933_,шт,2026-09-01,141.14841491424085,forecast,decomposition,SYSTEME
300200934_,шт,2026-09-01,38.33145150140338,forecast,decomposition,SYSTEME
300200935_,шт,2026-09-01,2.0,forecast,decomposition,SYSTEME
300200936_,шт,2026-09-01,10.460218683518436,forecast,decomposition,SYSTEME
300200937_,шт,2026-09-01,1.0,forecast,decomposition,SYSTEME
300200938_,шт,2026-09-01,10.0,forecast,decomposition,SYSTEME
300200939_,шт,2026-09-01,13.5,forecast,decomposition,SYSTEME
300200940_,шт,2026-09-01,3.0,forecast,decomposition,SYSTEME
300200941_,шт,2026-09-01,4.666666666666667,forecast,decomposition,SYSTEME
300200942_,шт,2026-09-01,26.0,forecast,decomposition,SYSTEME
300200943_,шт,2026-09-01,6.0,forecast,decomposition,SYSTEME
300200944_,шт,2026-09-01,3.5,forecast,decomposition,SYSTEME
300200945_,шт,2026-09-01,64.00125022660757,forecast,decomposition,SYSTEME
300200946_,шт,2026-09-01,45.0,forecast,decomposition,SYSTEME
300200947_,шт,2026-09-01,11.334165558046783,forecast,decomposition,SYSTEME
300200948_,шт,2026-09-01,10.0,forecast,decomposition,SYSTEME
300200949_,шт,2026-09-01,3.0,forecast,decomposition,SYSTEME
300200950_,шт,2026-09-01,6.5,forecast,decomposition,SYSTEME
300200951_,шт,2026-09-01,2.5,forecast,decomposition,SYSTEME
300200952_,шт,2026-09-01,1.0,forecast,decomposition,SYSTEME
300200953_,шт,2026-09-01,3.0,forecast,decomposition,SYSTEME
300200954_,шт,2026-09-01,7.0,forecast,decomposition,SYSTEME
300200955_,шт,2026-09-01,2.0,forecast,decomposition,SYSTEME
300200956_,шт,2026-09-01,,insufficient_history,decomposition,SYSTEME
300200959_,шт,2026-09-01,24.333333333333332,forecast,decomposition,SYSTEME
300200961_,,2026-09-01,,insufficient_history,decomposition,SYSTEME
300200962_,,2026-09-01,,insufficient_history,decomposition,SYSTEME
300200963_,,2026-09-01,,insufficient_history,decomposition,SYSTEME
300200964_,,2026-09-01,,insufficient_history,decomposition,SYSTEME
300200965_,,2026-09-01,,insufficient_history,decomposition,SYSTEME
300200966_,,2026-09-01,,insufficient_history,decomposition,SYSTEME
300200967_,шт,2026-09-01,175.33333333333334,forecast,decomposition,SYSTEME
300200968_,шт,2026-09-01,58.0,forecast,decomposition,SYSTEME
300201148_,шт,2026-09-01,50.0,forecast,decomposition,SYSTEME
300201149_,шт,2026-09-01,28.333333333333332,forecast,decomposition,SYSTEME
300201150_,шт,2026-09-01,8.0,forecast,decomposition,SYSTEME
300201151_,шт,2026-09-01,16.0,forecast,decomposition,SYSTEME
300201152_,шт,2026-09-01,13.666666666666666,forecast,decomposition,SYSTEME
300201153_,шт,2026-09-01,43.333333333333336,forecast,decomposition,SYSTEME
300201154_,шт,2026-09-01,10.0,forecast,decomposition,SYSTEME
300201155_,шт,2026-09-01,27.333333333333332,forecast,decomposition,SYSTEME
ATN000108,шт,2026-09-01,61.0,forecast,decomposition,SYSTEME
ATN000109,шт,2026-09-01,4.0,forecast,decomposition,SYSTEME
ATN000139,шт,2026-09-01,,insufficient_history,decomposition,SYSTEME
ATN000330,шт,2026-09-01,,insufficient_history,decomposition,SYSTEME
ATN000389,шт,2026-09-01,,insufficient_history,decomposition,SYSTEME
ATN000393,шт,2026-09-01,,insufficient_history,decomposition,SYSTEME
ATN000399,шт,2026-09-01,7.0,forecast,decomposition,SYSTEME
ATN000439,шт,2026-09-01,,insufficient_history,decomposition,SYSTEME
ATN000446,шт,2026-09-01,3.0,forecast,decomposition,SYSTEME
ATN000449,шт,2026-09-01,,insufficient_history,decomposition,SYSTEME
ATN000487,шт,2026-09-01,,insufficient_history,decomposition,SYSTEME
ATN000493,шт,2026-09-01,,insufficient_history,decomposition,SYSTEME
ATN000499,шт,2026-09-01,,insufficient_history,decomposition,SYSTEME
ATN000532,шт,2026-09-01,,insufficient_history,decomposition,SYSTEME
ATN000539,,2026-09-01,,insufficient_history,decomposition,SYSTEME
ATN000724,шт,2026-09-01,,insufficient_history,decomposition,SYSTEME
ATN001105,шт,2026-09-01,,insufficient_history,decomposition,SYSTEME
ATN001130,шт,2026-09-01,,insufficient_history,decomposition,SYSTEME
ATN001132,шт,2026-09-01,,insufficient_history,decomposition,SYSTEME
ATN001133,шт,2026-09-01,,insufficient_history,decomposition,SYSTEME
ATN001209,шт,2026-09-01,,insufficient_history,decomposition,SYSTEME
ATN001230,шт,2026-09-01,,insufficient_history,decomposition,SYSTEME
ATN001232,шт,2026-09-01,,insufficient_history,decomposition,SYSTEME
ATN001233,шт,2026-09-01,,insufficient_history,decomposition,SYSTEME
ATN001239,шт,2026-09-01,,insufficient_history,decomposition,SYSTEME
ATN001302,шт,2026-09-01,,insufficient_history,decomposition,SYSTEME
ATN001420,шт,2026-09-01,,insufficient_history,decomposition,SYSTEME
ATN200101,шт,2026-09-01,,insufficient_history,decomposition,SYSTEME
ATN200102,шт,2026-09-01,,insufficient_history,decomposition,SYSTEME
ATN200111,шт,2026-09-01,,insufficient_history,decomposition,SYSTEME
ATN200145,шт,2026-09-01,,insufficient_history,decomposition,SYSTEME
ATN540113,шт,2026-09-01,,insufficient_history,decomposition,SYSTEME
ATN540115,шт,2026-09-01,,insufficient_history,decomposition,SYSTEME
ATN544013,шт,2026-09-01,,insufficient_history,decomposition,SYSTEME
ATN544015,шт,2026-09-01,,insufficient_history,decomposition,SYSTEME
BLNIA045003,шт,2026-09-01,,insufficient_history,decomposition,SYSTEME
BLNRA000315,шт,2026-09-01,,insufficient_history,decomposition,SYSTEME
BLNRA000415,шт,2026-09-01,,insufficient_history,decomposition,SYSTEME
BLNRA010213,шт,2026-09-01,,insufficient_history,decomposition,SYSTEME
BLNRA010215,шт,2026-09-01,,insufficient_history,decomposition,SYSTEME
BLNRA010312,шт,2026-09-01,,insufficient_history,decomposition,SYSTEME
BLNRA010313,шт,2026-09-01,,insufficient_history,decomposition,SYSTEME
BLNRA010314,шт,2026-09-01,,insufficient_history,decomposition,SYSTEME
BLNRA010315,шт,2026-09-01,,insufficient_history,decomposition,SYSTEME
BLNRA110115,шт,2026-09-01,,insufficient_history,decomposition,SYSTEME
BLNVA101013,шт,2026-09-01,,insufficient_history,decomposition,SYSTEME
BLNVA101014,шт,2026-09-01,,insufficient_history,decomposition,SYSTEME
BLNVA101015,шт,2026-09-01,,insufficient_history,decomposition,SYSTEME
BLNVA105013,шт,2026-09-01,,insufficient_history,decomposition,SYSTEME
BLNVA105014,шт,2026-09-01,,insufficient_history,decomposition,SYSTEME
BLNVA105015,шт,2026-09-01,,insufficient_history,decomposition,SYSTEME
BLNVA106012,шт,2026-09-01,,insufficient_history,decomposition,SYSTEME
BLNVA106013,шт,2026-09-01,,insufficient_history,decomposition,SYSTEME
BLNVA106014,шт,2026-09-01,,insufficient_history,decomposition,SYSTEME
GAL000584,шт,2026-09-01,,insufficient_history,decomposition,SYSTEME
GSL000185KK,шт,2026-09-01,,insufficient_history,decomposition,SYSTEME
KD-2-48,шт,2026-09-01,,insufficient_history,decomposition,SYSTEME
KD-2-88,шт,2026-09-01,,insufficient_history,decomposition,SYSTEME
KD-3-48,шт,2026-09-01,,insufficient_history,decomposition,SYSTEME
KD-RS254-18,шт,2026-09-01,,insufficient_history,decomposition,SYSTEME
LNVA105011,шт,2026-09-01,11.0,forecast,decomposition,SYSTEME
RA10-164-BI,шт,2026-09-01,,insufficient_history,decomposition,SYSTEME
RA16-213-BI,шт,2026-09-01,,insufficient_history,decomposition,SYSTEME
RAT-1A3-B,шт,2026-09-01,,insufficient_history,decomposition,SYSTEME
RS16-212-S,шт,2026-09-01,,insufficient_history,decomposition,SYSTEME
RS6-253-18,шт,2026-09-01,,insufficient_history,decomposition,SYSTEME
RSI-251KK5E-28,шт,2026-09-01,,insufficient_history,decomposition,SYSTEME
RT-4A3-B,шт,2026-09-01,,insufficient_history,decomposition,SYSTEME
S56-043-BI,шт,2026-09-01,,insufficient_history,decomposition,SYSTEME
VA1U-112-B,шт,2026-09-01,,insufficient_history,decomposition,SYSTEME
VA510-228B-BI,шт,2026-09-01,,insufficient_history,decomposition,SYSTEME
VS116-153-1-86,шт,2026-09-01,,insufficient_history,decomposition,SYSTEME
VS116-154-1-86,шт,2026-09-01,,insufficient_history,decomposition,SYSTEME
VS516-252-18,шт,2026-09-01,,insufficient_history,decomposition,SYSTEME
WDE000151,шт,2026-09-01,,insufficient_history,decomposition,SYSTEME
WDE000185,шт,2026-09-01,,insufficient_history,decomposition,SYSTEME
WDE000193,шт,2026-09-01,,insufficient_history,decomposition,SYSTEME
WDE000195,шт,2026-09-01,,insufficient_history,decomposition,SYSTEME
WDE000302,шт,2026-09-01,,insufficient_history,decomposition,SYSTEME
WDE000303,шт,2026-09-01,,insufficient_history,decomposition,SYSTEME
WDE000304,шт,2026-09-01,,insufficient_history,decomposition,SYSTEME
WDE000311,шт,2026-09-01,,insufficient_history,decomposition,SYSTEME
WDE000351,шт,2026-09-01,,insufficient_history,decomposition,SYSTEME
WDE000381,шт,2026-09-01,,insufficient_history,decomposition,SYSTEME
WDE000391,шт,2026-09-01,,insufficient_history,decomposition,SYSTEME
WDE000403,шт,2026-09-01,,insufficient_history,decomposition,SYSTEME
WDE000404,шт,2026-09-01,,insufficient_history,decomposition,SYSTEME
WDE000411,шт,2026-09-01,,insufficient_history,decomposition,SYSTEME
WDE000413,шт,2026-09-01,,insufficient_history,decomposition,SYSTEME
WDE000431,шт,2026-09-01,,insufficient_history,decomposition,SYSTEME
WDE000436,шт,2026-09-01,,insufficient_history,decomposition,SYSTEME
WDE000441,шт,2026-09-01,,insufficient_history,decomposition,SYSTEME
WDE000448,шт,2026-09-01,,insufficient_history,decomposition,SYSTEME
WDE000451,шт,2026-09-01,,insufficient_history,decomposition,SYSTEME
WDE000461,шт,2026-09-01,,insufficient_history,decomposition,SYSTEME
WDE000471,шт,2026-09-01,,insufficient_history,decomposition,SYSTEME
WDE000481,шт,2026-09-01,,insufficient_history,decomposition,SYSTEME
WDE000493,шт,2026-09-01,,insufficient_history,decomposition,SYSTEME
щщщ0116254,шт,2026-09-01,2.0,forecast,decomposition,SYSTEME
яярп5490,шт,2026-09-01,,insufficient_history,decomposition,SYSTEME
