sku,supplier_sku,min_order_qty,moq_known
081100768_,LDPA0-5030-1H-K01,1.0,True
081100769_,LDPA0-5030-3H-K01,1.0,True
130200381_,LDBA0-3926-30-K01,1.0,True
081100762_,LDBA0-3927-90-K01,1.0,True
130200378_,LDBA0-3928-60-K01,1.0,True
081100766_,LDRO1-2060-04-10-K02,1.0,True
081100767_,LDRO1-2061-09-10-K02,1.0,True
081100760_,LDNN5-001-SQ-P-00-S-K01,1.0,True
081100759_,LDNN1-002-OV-P-00-S-K01,1.0,True
081100758_,LDNN0-005-OV-P-00-S-K01,1.0,True
081100761_,LDNN8-018-SQ-P-00-S-K01,1.0,True
150101182_,LT-UBU0-5100-E27-1-K02,1.0,True
150101183_,LT-UBU0-5101-E27-2-K02,1.0,True
150101200_,LT-UPU0-5104-GX53-1-K01,1.0,True
150101202_,LT-UPU0-5104-GX53-1-K03,1.0,True
150101201_,LT-UPU0-5104-GX53-1-K02,1.0,True
150101188_,LT-UBU0-5107-GU10-1-K01,1.0,True
150101190_,LT-UBU0-5107-GU10-1-K03,1.0,True
150101189_,LT-UBU0-5107-GU10-1-K02,1.0,True
150101191_,LT-UBU0-5108-GU10-2-K01,1.0,True
150101193_,LT-UBU0-5108-GU10-2-K03,1.0,True
150101192_,LT-UBU0-5108-GU10-2-K02,1.0,True
150101205_,LT-UPU0-5110-GU10-1-K03,1.0,True
150101204_,LT-UPU0-5110-GU10-1-K02,1.0,True
150101207_,LT-UPU0-5112-GU10-1-K03,1.0,True
150101209_,LT-UPU0-5113-GU10-2-K03,1.0,True
150101208_,LT-UPU0-5113-GU10-2-K02,1.0,True
150101194_,LT-UBU0-5220-GU10-1-K01,1.0,True
150101196_,LT-UBU0-5220-GU10-1-K03,1.0,True
150101195_,LT-UBU0-5220-GU10-1-K02,1.0,True
150101197_,LT-UBU0-5221-GU10-2-K01,1.0,True
150101199_,LT-UBU0-5221-GU10-2-K03,1.0,True
150101198_,LT-UBU0-5221-GU10-2-K02,1.0,True
150101210_,LT-UPU0-5222-GU10-1-K01,1.0,True
150101178_,LT-DBU0-5103-010-40-K03,1.0,True
150101177_,LT-DBU0-5103-010-40-K02,1.0,True
150101179_,LT-DBU0-5111-006-40-K01,1.0,True
150101181_,LT-DBU0-5111-006-40-K03,1.0,True
150101180_,LT-DBU0-5111-006-40-K02,1.0,True
080800137_,LSR5-1-120-65-2-10-S0,1.0,True
080800139_,LSR5-2-120-65-2-10-S0,1.0,True
080800141_,LSR5-RGB-060-65-2-10-S0,1.0,True
080800138_,LSR5-2-120-65-2-05-S0,1.0,True
080800136_,LSR5-1-120-65-2-05-S0,1.0,True
080800140_,LSR5-RGB-060-65-2-05-S0,1.0,True
080800130_,LSR1-1-060-20-1-D12-S3,1.0,True
080800129_,LSR1-1-060-20-1-2XD12-S3,1.0,True
080800132_,LSR1-2-060-20-1-05-S1,1.0,True
080800133_,LSR1-2-060-65-1-05-S1,1.0,True
080800128_,LSR1-1-060-20-1-05-S1,1.0,True
080800131_,LSR1-1-060-65-1-05-S1,1.0,True
080800134_,LSR2-3-060-20-1-05-S2,1.0,True
080800135_,LSR2-3-060-65-1-05-S2,1.0,True
151000059_,LNPP0-1101-1-100-K01,1.0,True
151000061_,LNPP0-1102-1-100-K01,1.0,True
151000082_,LNPP0-1401-1-060-K01,1.0,True
151000175_,WSP20-10-K09,1.0,True
151000137_,WSP20-05-K09,1.0,True
081100277_,LLE-A60-11-230-30-E27,10.0,True
081100278_,LLE-A60-11-230-40-E27,10.0,True
081100745_,LLE-T80-10-230-40-GX53,10.0,True
081100746_,LLE-T80-10-230-65-GX53,10.0,True
081100747_,LLE-T80-15-230-40-GX53,10.0,True
081100635_,LLE-T80-15-230-65-GX53,10.0,True
081100743_,LLE-T80-6-230-40-GX53,10.0,True
081100744_,LLE-T80-6-230-65-GX53,10.0,True
081100749_,LUVB0-GX53-1-K01,10.0,True
081100750_,LUPB0-GX53-1-K01,10.0,True
081100706_,LLF-A60-9-230-30-E27-CLG,10.0,True
081100702_,LLF-A60-11-230-30-E27-CLG,10.0,True
081100703_,LLF-A60-7-230-30-E27-CL,10.0,True
081100704_,LLF-A60-7-230-40-E27-CL,10.0,True
081100705_,LLF-A60-7-230-65-E27-CL,10.0,True
081100707_,LLF-A60-9-230-40-E27-CL,10.0,True
081100708_,LLF-A60-9-230-65-E27-CL,10.0,True
081100641_,LLF-A60-11-230-40-E27-CL,10.0,True
151300040_,LLF-A60-11-230-65-E27-CL,,False
081100709_,LLF-C35-5-230-30-E14-CLG,10.0,True
081100712_,LLF-C35-7-230-30-E14-CLG,10.0,True
081100710_,LLF-C35-5-230-40-E14-CL,10.0,True
081100711_,LLF-C35-5-230-40-E27-CL,10.0,True
081100713_,LLF-C35-7-230-30-E27-CL,10.0,True
151300041_,LLF-C35-7-230-40-E14-CL,10.0,True
081100714_,LLF-C35-7-230-40-E27-CL,10.0,True
081100715_,LLF-CT35-5-230-30-E14-CL,,False
081100717_,LLF-CT35-5-230-40-E14-CL,10.0,True
081100718_,LLF-CT35-5-230-40-E27-CL,10.0,True
081100719_,LLF-CT35-7-230-30-E14-CL,,False
081100720_,LLF-CT35-7-230-30-E27-CL,10.0,True
081100721_,LLF-CT35-7-230-40-E14-CL,10.0,True
081100722_,LLF-CT35-7-230-40-E27-CL,10.0,True
081100723_,LLF-G95-6-230-30-E27-CLG,1.0,True
081100642_,LLF-G95-8-230-30-E27-CLG,1.0,True
081100724_,LLF-ST64-6-230-30-E27-CLG,,False
081100643_,LLF-ST64-8-230-30-E27-CLG,1.0,True
151000558_,LLVPOD-EPK-58-1H,1.0,True
150101155_,EPA12-04-02-K02,10.0,True
130300287_,LDD10-008-1100-001,1.0,True
151000369_,LDD10-008-1100-002,1.0,True
151000691_,LDD10-009-1100-002,1.0,True
130300288_,LDD10-010-1100-001,1.0,True
151000692_,LDD10-010-1100-002,1.0,True
130200298_,LDD10-013-1100-001,1.0,True
130200299_,LDD11-016-800-001,1.0,True
081100779_,LDD13-017-1100-001,,False
081100771_,LDD10-018B-1100-001,1.0,True
081100772_,LDD11-022-2000-001,1.0,True
130200128_,LDD11-024-1100-001,1.0,True
130200300_,LDD11-026-2000-001,1.0,True
081100778_,LDD12-035-500-001,1.0,True
081100774_,LDD11-201-1200-001,1.0,True
130200302_,LDD11-401-800-001,1.0,True
130300764_,LDD11-301MB-1200-001,1.0,True
130300765_,LDD11-401MB-500-001,1.0,True
130300102_,MTA10-16,1.0,True
130300302_,MTA20-16,1.0,True
130300220_,LFR20-601-2200-003,20.0,True
130300221_,LFR20-602-4400-003,20.0,True
081100780_,LFR20-603-2200-K01,1.0,True
081100781_,LFR20-604-3300-K01,1.0,True
010500001_,MVA20-1-001-C,12.0,True
010500003_,MVA20-1-002-C,12.0,True
010500068_,MVA20-1-003-C,12.0,True
010500044_,MVA20-1-004-C,12.0,True
010500054_,MVA20-1-005-C,12.0,True
010500004_,MVA20-1-006-C,12.0,True
010500005_,MVA20-1-010-C,12.0,True
010500006_,MVA20-1-016-C,12.0,True
010500007_,MVA20-1-020-C,12.0,True
010500008_,MVA20-1-025-C,12.0,True
010500009_,MVA20-1-032-C,12.0,True
010500010_,MVA20-1-040-C,12.0,True
010500011_,MVA20-1-050-C,12.0,True
010500012_,MVA20-1-063-C,12.0,True
010500103_,MVA20-2-006-C,6.0,True
010500018_,MVA20-2-010-C,6.0,True
010500019_,MVA20-2-016-C,6.0,True
010500020_,MVA20-2-020-C,6.0,True
010500021_,MVA20-2-025-C,6.0,True
010500022_,MVA20-2-032-C,6.0,True
010500023_,MVA20-2-040-C,6.0,True
010500024_,MVA20-2-050-C,6.0,True
010500025_,MVA20-2-063-C,6.0,True
010500046_,MVA20-3-002-C,4.0,True
010500053_,MVA20-3-003-C,4.0,True
010500047_,MVA20-3-004-C,4.0,True
010500048_,MVA20-3-006-C,4.0,True
010500032_,MVA20-3-010-C,4.0,True
010500033_,MVA20-3-016-C,4.0,True
010500034_,MVA20-3-020-C,4.0,True
010500035_,MVA20-3-025-C,4.0,True
010500036_,MVA20-3-032-C,4.0,True
010500037_,MVA20-3-040-C,4.0,True
010500038_,MVA20-3-050-C,4.0,True
010500039_,MVA20-3-063-C,4.0,True
010500090_,MVA20-4-016-C,3.0,True
010500091_,MVA20-4-020-C,3.0,True
010500092_,MVA20-4-025-C,3.0,True
010500093_,MVA20-4-032-C,3.0,True
010500094_,MVA20-4-040-C,3.0,True
010500063_,MVA20-4-050-C,3.0,True
010500095_,MVA20-4-063-C,3.0,True
010700029_,MVA40-3-025-C,4.0,True
010700030_,MVA40-3-032-C,4.0,True
010700031_,MVA40-3-040-C,4.0,True
010700032_,MVA40-3-050-C,4.0,True
010700001_,MVA40-3-063-C,4.0,True
010700003_,MVA40-3-080-C,4.0,True
010700002_,MVA40-3-100-C,4.0,True
010700103_,MVA50-3-100-C,1.0,True
010700102_,MVA50-3-125-C,1.0,True
010800009_,SVA10-3-0016,1.0,True
010800018_,SVA10-3-0025,1.0,True
010800010_,SVA10-3-0032,1.0,True
010800011_,SVA10-3-0040,1.0,True
010800015_,SVA10-3-0050,1.0,True
010800016_,SVA10-3-0063,1.0,True
010800017_,SVA10-3-0080,1.0,True
010800001_,SVA10-3-0100,1.0,True
010800002_,SVA10-3-0125,1.0,True
010800033_,SVA20-3-0080,1.0,True
010800027_,SVA20-3-0100,1.0,True
010800028_,SVA20-3-0125,1.0,True
010800003_,SVA20-3-0160,1.0,True
010800034_,SVA30-3-0125,1.0,True
010800035_,SVA30-3-0160,1.0,True
010800012_,SVA30-3-0200,1.0,True
010800004_,SVA30-3-0250,1.0,True
010800055_,SVA40-3-0250,1.0,True
010800029_,SVA40-3-0315,1.0,True
010800005_,SVA40-3-0400,1.0,True
010800030_,SVA50-3-0500,1.0,True
010800006_,SVA50-3-0630,1.0,True
010800031_,SVA50-3-0800,1.0,True
010800044_,SVA61-3-1000,1.0,True
010800045_,SVA61-3-1250,1.0,True
010800046_,SVA61-3-1600,1.0,True
010700055_,SVA4410-3-0080,1.0,True
010800139_,SVA4410-3-0250,1.0,True
010300094_,MAD22-5-006-C-30,1.0,True
010300074_,MAD22-5-010-C-30,1.0,True
010300075_,MAD22-5-016-C-30,1.0,True
010300095_,MAD22-5-020-C-30,1.0,True
010300053_,MAD22-5-025-C-30,1.0,True
010300121_,MAD22-5-032-C-30,1.0,True
010300096_,MAD22-5-040-C-30,1.0,True
010300001_,MAD10-2-010-C-030,1.0,True
010300002_,MAD10-2-016-C-030,1.0,True
010300123_,MAD10-2-020-C-030,1.0,True
010300003_,MAD10-2-025-C-030,1.0,True
010300004_,MAD10-2-032-C-030,1.0,True
010300005_,MAD10-2-040-C-030,1.0,True
010300006_,MAD10-2-050-C-030,1.0,True
010300007_,MAD10-2-063-C-030,1.0,True
010300124_,MAD10-4-010-C-030,3.0,True
010300008_,MAD10-4-016-C-030,1.0,True
010300009_,MAD10-4-025-C-030,1.0,True
010300010_,MAD10-4-032-C-030,1.0,True
010300011_,MAD10-4-040-C-030,1.0,True
010300012_,MAD10-4-050-C-030,3.0,True
010300013_,MAD10-4-063-C-030,1.0,True
010300068_,MAD12-2-025-C-030,1.0,True
010300069_,MAD12-2-032-C-030,1.0,True
010300014_,MDV10-2-016-030,1.0,True
010300015_,MDV10-2-025-030,1.0,True
010300016_,MDV10-2-032-030,1.0,True
010300017_,MDV10-2-040-030,1.0,True
010300018_,MDV10-2-050-030,1.0,True
010300057_,MDV10-2-063-030,1.0,True
010300052_,MDV10-4-016-030,1.0,True
010300019_,MDV10-4-025-030,1.0,True
010300020_,MDV10-4-032-030,1.0,True
010300023_,MDV10-4-040-030,1.0,True
010300024_,MDV10-4-050-030,1.0,True
010300021_,MDV10-4-063-030,1.0,True
010700168_,AR-B06S-1N-C10C030,12.0,True
010700169_,AR-B06S-1N-C16C030,12.0,True
010700170_,AR-B06S-1N-C20C030,12.0,True
010700171_,AR-B06S-1N-C25C030,12.0,True
010700172_,AR-B06S-1N-C32C030,1.0,True
010700167_,AR-B06S-1N-C06C030,12.0,True
010700161_,AR-R10N-2-025C030,1.0,True
010700162_,AR-R10N-2-040C030,6.0,True
010700163_,AR-R10N-2-063C030,6.0,True
010700164_,AR-R10N-4-025C030,3.0,True
010700165_,AR-R10N-4-040C030,3.0,True
010700166_,AR-R10N-4-063A030,3.0,True
010700134_,AR-M06N-1-C010,1.0,True
010700135_,AR-M06N-1-C016,1.0,True
010700136_,AR-M06N-1-C020,1.0,True
010700137_,AR-M06N-1-C025,1.0,True
010700138_,AR-M06N-1-C032,1.0,True
010700139_,AR-M06N-1-C040,1.0,True
010700140_,AR-M06N-1-C050,1.0,True
010700141_,AR-M06N-1-C063,1.0,True
010700133_,AR-M06N-1-C006,1.0,True
010700143_,AR-M06N-2-C010,1.0,True
010700144_,AR-M06N-2-C016,1.0,True
010700145_,AR-M06N-2-C020,1.0,True
010700146_,AR-M06N-2-C025,1.0,True
010700147_,AR-M06N-2-C032,1.0,True
010700148_,AR-M06N-2-C040,1.0,True
010700149_,AR-M06N-2-C050,1.0,True
010700150_,AR-M06N-2-C063,1.0,True
010700142_,AR-M06N-2-C006,1.0,True
010700152_,AR-M06N-3-C010,1.0,True
010700153_,AR-M06N-3-C016,1.0,True
010700154_,AR-M06N-3-C020,1.0,True
010700155_,AR-M06N-3-C025,1.0,True
010700156_,AR-M06N-3-C032,1.0,True
010700158_,AR-M06N-3-C040,1.0,True
010700159_,AR-M06N-3-C050,1.0,True
010700160_,AR-M06N-3-C063,1.0,True
010700151_,AR-M06N-3-C006,1.0,True
AR-M06N-4-C025,AR-M06N-4-C025,1.0,True
010500111_,MNV10-3-020,4.0,True
010500102_,MNV10-3-032,4.0,True
010500041_,MNV10-3-040,4.0,True
010500042_,MNV10-3-063,4.0,True
010500040_,MNV10-3-100,4.0,True
130500098_,MOP20-1-B,1.0,True
130500137_,MOP20-1-D,10.0,True
200400050_,KMM11-006-230-10,1.0,True
120100001_,KKM11-009-230-10,5.0,True
120100032_,KKM11-009-400-10,1.0,True
120100002_,KKM11-012-230-10,1.0,True
120100033_,KKM11-012-400-10,1.0,True
120100004_,KKM11-018-230-10,5.0,True
120100034_,KKM11-018-400-10,1.0,True
120100006_,KKM21-025-230-10,1.0,True
120100035_,KKM21-025-400-10,1.0,True
120100030_,KKM21-032-230-10,1.0,True
120100036_,KKM21-032-400-10,1.0,True
120100011_,KKM31-040-230-11,1.0,True
120100037_,KKM31-040-400-11,1.0,True
120100013_,KKM31-050-230-11,1.0,True
120100038_,KKM31-050-400-11,1.0,True
120100118_,KKM41-065-230-11,1.0,True
120100119_,KKM41-065-400-11,1.0,True
120100041_,KKM41-080-230-11,1.0,True
120100042_,KKM41-080-400-11,1.0,True
120100016_,KKM41-095-230-11,1.0,True
120100081_,KKM41-095-400-11,1.0,True
120100055_,KKM16-009-220-00,1.0,True
120100045_,KKM16-009-380-00,1.0,True
120100056_,KKM16-012-220-00,1.0,True
120100003_,KKM16-012-380-00,1.0,True
120100057_,KKM16-018-220-00,1.0,True
120100005_,KKM16-018-380-00,1.0,True
120100058_,KKM26-025-220-00,1.0,True
120100008_,KKM26-025-380-00,1.0,True
120100059_,KKM26-032-220-00,1.0,True
120100010_,KKM26-032-380-00,1.0,True
120100080_,KKM36-040-220-00,1.0,True
120100012_,KKM36-040-380-00,1.0,True
120100060_,KKM36-050-220-00,1.0,True
120100122_,KKM46-065-380-00,1.0,True
120300008_,KKT50-115-230-10,1.0,True
120300023_,KKT50-115-400-10,1.0,True
120100043_,KKT50-150-230-10,1.0,True
120100044_,KKT50-150-400-10,1.0,True
120100085_,KKT50-185-230-10,1.0,True
120100088_,KKT50-185-400-10,1.0,True
120100047_,KKT50-225-230-10,1.0,True
120100046_,KKT50-225-400-10,1.0,True
120100086_,KKT50-265-230-10,1.0,True
120100089_,KKT50-265-400-10,1.0,True
120100087_,KKT60-400-230-10,1.0,True
120100050_,KKT60-400-400-10,1.0,True
120100320_,MKK11-20-11,1.0,True
120100306_,MKK11-20-20,1.0,True
MKK11-20-22,MKK11-20-22,1.0,True
120100307_,MKK11-20-40,1.0,True
120100322_,MKK11-25-22,1.0,True
MKK11-40-11,MKK11-40-11,1.0,True
120100325_,MKK11-40-20,1.0,True
120100308_,MKK21-40-40,1.0,True
MKK11-63-20,MKK11-63-20,1.0,True
120100309_,MKK21-63-40,1.0,True
130300103_,KPK10-11,1.0,True
130300152_,KPK10-22,1.0,True
120100070_,DMS11-010,1.0,True
120100071_,DMS11-014,1.0,True
120100072_,DMS11-018,1.0,True
120100073_,DMS11-025,1.0,True
120100069_,DMS11-D63,1.0,True
080800070_,BLS10-ADDS-230-K05,10.0,True
080800071_,BLS10-ADDS-230-K06,10.0,True
080800072_,BLS10-ADDS-230-K04,10.0,True
080800024_,BLS30-ALTE-K06,10.0,True
130200019_,MIF10-400,24.0,True
130900014_,KVK10-06-3,10.0,True
130900013_,KVK20-10-3,10.0,True
130900001_,KVK30-16-3,10.0,True
130200085_,MBD10-11-K51,12.0,True
130300021_,BBT30-ABLFS-K06,10.0,True
130300022_,BBT30-ABLFS-K04,10.0,True
130900065_,BBG30-AEA-K04,10.0,True
130900017_,BBG60-AEAL-K04,10.0,True
130900031_,BBG20-AELA-K06,10.0,True
130900030_,BBG20-AELA-K04,10.0,True
130900008_,BSW10-ALCLR-3-K02,10.0,True
130900009_,BBG40-ANE-K04,10.0,True
130300154_,BBD11-APBB-K51,10.0,True
130300080_,BBD21-PPBB-K51,10.0,True
130900020_,BBT40-SB7-K06,10.0,True
130900019_,BBT40-SB7-K04,10.0,True
130300101_,BSW10-AKS-2-K02,10.0,True
130900012_,BSW10-ANC-2-K06,10.0,True
130900010_,BSW10-ANC-2-K04,10.0,True
130900006_,BSW10-ANCLR-3-K06,10.0,True
130900007_,BSW10-ANCLR-3-K04,10.0,True
010500124_,BSW60-BD-2-K02,20.0,True
010500122_,BSW60-BD-3-K02,20.0,True
130301133_,BBG90-BS-K04,20.0,True
270300134_,BCS13-025-2,,False
250600030_,BKP10-1-K01,10.0,True
250600013_,BKP10-2-K01,10.0,True
250600014_,BKP10-3-K01,10.0,True
250600015_,BKP10-4-K01,10.0,True
130300204_,BPU10-2,5.0,True
130300004_,BPU10-4,5.0,True
130300003_,BPU10-6,5.0,True
080800062_,MLS10-230-K05,12.0,True
080800030_,MLS10-230-K06,12.0,True
080800031_,MLS10-230-K04,12.0,True
130600078_,DRT10-D004-C063,1.0,True
130600079_,DRT10-C063-0001,1.0,True
130600080_,DRT10-0001-D016,1.0,True
130600031_,DRT10-D016-D025,1.0,True
130600052_,DRT10-D025-0004,1.0,True
130600032_,DRT10-0004-0006,1.0,True
130600086_,DRT10-D055-0008,1.0,True
130600021_,DRT10-0007-0010,1.0,True
130600022_,DRT10-0009-0013,1.0,True
130600053_,DRT10-0012-0018,1.0,True
130600023_,DRT10-0017-0025,1.0,True
130600024_,DRT20-0028-0036,1.0,True
130600066_,DRT30-0023-0032,1.0,True
130600025_,DRT30-0030-0040,1.0,True
130600051_,DRT30-0037-0050,1.0,True
130600067_,DRT30-0055-0070,1.0,True
130600064_,DRT30-0063-0080,1.0,True
130300020_,MVA01D-RN,12.0,True
270300112_,ITT10-2-05-0050,1.0,True
270300098_,ITT10-2-05-0075,1.0,True
270300099_,ITT10-2-05-0100,1.0,True
270300101_,ITT10-2-05-0200,1.0,True
270300132_,ITT10-2-05-0250,1.0,True
270300021_,ITT30-2-05-0300,1.0,True
270300025_,ITT30-2-05-0400,1.0,True
270300234_,ITT30-2-05-0500,1.0,True
270300035_,ITT30-2-05-0600,,False
270300217_,ITT60-2-15-1000,,False
270300100_,ITT10-2-05-0150,1.0,True
270100211_,PE-31120-0250,1.0,True
270100212_,PE-31120-0400,1.0,True
270100217_,PE-31140-0400,1.0,True
270100213_,PE-31120-0630,1.0,True
270100218_,PE-31140-0630,1.0,True
270100221_,PE-31160-0630,1.0,True
270100214_,PE-31120-1000,1.0,True
270100219_,PE-31140-1000,1.0,True
270100215_,PE-31120-1600,1.0,True
270100223_,PE-31160-1600,1.0,True
270400035_,MPR10-2-063,6.0,True
270300001_,MTT12-012-0250,1.0,True
270300002_,MTT12-024-0250,1.0,True
270300003_,MTT12-036-0250,1.0,True
270300004_,MTT12-042-0250,1.0,True
270300007_,MTT21-036-0250,1.0,True
270300253_,MTT12-012-0251-54,1.0,True
270300251_,MTT12-024-0251-54,1.0,True
270300254_,MTT12-036-0251-54,1.0,True
130600128_,ORT-M2-ACDC12-240V,1.0,True
130300084_,MZD10-230,12.0,True
130600124_,ORT-2T-ACDC12-240V,1.0,True
130600125_,ORT-M1-AC230V,1.0,True
130600211_,ORM-1-2C-AC220V-L-B,20.0,True
130600210_,ORM-1-2C-DC24V-L-B,20.0,True
130600209_,ORM-1-4C-DC24V-L-B,20.0,True
130600203_,ORL-01-ACDC24-240V,1.0,True
130600126_,ORT-M1-ACDC12-240V,1.0,True
130600136_,ORF-03-220-460VAC,1.0,True
130600137_,ORF-05-220-460VAC,1.0,True
130600138_,ORF-06-220-460VAC,1.0,True
130600224_,ORF-08D-127-265VAC,1.0,True
130600223_,ORF-08D-220-460VAC,1.0,True
130600098_,RRP10D-RRM-3,10.0,True
130600063_,RRP10D-RRM-4,10.0,True
130600062_,RRP20D-RRM-4,20.0,True
130600217_,OIR-208-AC230V,1.0,True
130600150_,OIR-316-AC230V,1.0,True
130600216_,OIR-316-ACDC24V,1.0,True
130600148_,OIR-308-AC230V,1.0,True
130300555_,RRP10-3-10-220A,20.0,True
130600068_,RRP10-4-10-220A,20.0,True
130600027_,RRP20-3-05-220A,20.0,True
130600061_,RRP20-4-03-220A,20.0,True
200400001_,EVK10-K01-10-DM,10.0,True
200400003_,EVK20-K01-10-DM,10.0,True
200400002_,EVK11-K01-10-DM,10.0,True
200400004_,EVK21-K01-10-DM,10.0,True
280300145_,ERK13-K01-10-DM,10.0,True
200400007_,ERK11-K01-16-DM,10.0,True
200400101_,ERK14-K01-16-DM,10.0,True
280300229_,ERK23-K01-10-DM,9.0,True
280300146_,ERK24-K01-16-DM,8.0,True
200400249_,ERK15-K01-16-DM,8.0,True
200400015_,EAK10-K01-DM,10.0,True
200400011_,ETK10-K01-DM,10.0,True
280300231_,EDK10-K01-03-DM,8.0,True
280300147_,EKK10-K01-DM,10.0,True
200400014_,EIK10-K01-DM,10.0,True
200400016_,EMK20-K01-DM,38.0,True
200400017_,EMK30-K01-DM,25.0,True
200400018_,EMK40-K01-DM,19.0,True
200400019_,EVO10-K01-10-DC,36.0,True
200400021_,EVO20-K01-10-DC,36.0,True
200400020_,EVO11-K01-10-DC,36.0,True
200400022_,EVO21-K01-10-DC,36.0,True
200400023_,ERO10-K01-10-DC,36.0,True
200400024_,ERO11-K01-16-DC,30.0,True
200400025_,ERO20-K01-10-DC,24.0,True
200400026_,ERO21-K01-16-DC,18.0,True
200400029_,EVMP10-K01-10-54-EC,10.0,True
200400030_,EVMP20-K01-10-54-EC,10.0,True
200400027_,ERMP12-K03-16-54-EC,10.0,True
200400028_,ERMP22-K03-16-54-EC,5.0,True
ярп40257,EVA10-K03-10-54,10.0,True
ярп40260,EVA20-K03-10-54,10.0,True
280300644_,EVA14-K03-10-54,10.0,True
280300645_,EVA12-K03-10-54,10.0,True
ярп40255,ERA12-K03-16-54,10.0,True
ярп40256,ERA22-K03-16-54,5.0,True
030201031_,BR-R16-16-44-K47,1.0,True
030200908_,BR-VK10-0-K47,1.0,True
030200777_,BR-V13-0-10-K47,1.0,True
030200407_,BR-V10-0-10-K47,1.0,True
030200412_,BR-V12-0-10-K47,1.0,True
030200867_,BR-V12-1-10-K47,1.0,True
030200408_,BR-V10-1-10-K47,1.0,True
030200409_,BR-V20-0-10-K47,1.0,True
030200419_,BR-V22-0-10-K47,1.0,True
030200410_,BR-V20-1-10-K47,1.0,True
030200740_,BR-V30-0-10-K47,1.0,True
030200974_,BR-V14-0-10-K47,1.0,True
030200946_,BR-V15-0-10-K47,1.0,True
030200965_,BR-MS10-N-150-05-K47,1.0,True
030200889_,BR-PL10-K47,1.0,True
030200955_,BR-FL20-K47,1.0,True
030200415_,BR-M12-K47,1.0,True
030200416_,BR-M22-K47,1.0,True
030200417_,BR-M32-K47,1.0,True
030200418_,BR-M42-K47,1.0,True
030200756_,BR-M52-K47,1.0,True
030200869_,BR-K20-1-K47,1.0,True
030200868_,BR-R26-16-44-K47-F,1.0,True
030200540_,BR-A10-O-K47,1.0,True
030200784_,BR-KT20-O-1-K47,1.0,True
030200529_,BR-AK20-1-K47,1.0,True
030200984_,BR-AF20-O-K47,1.0,True
030200413_,BR-R21-16-K47-F,1.0,True
030200414_,BR-R24-16-K47-F,1.0,True
030200938_,BR-H10-K47,1.0,True
030200746_,BR-A10-P-K47,1.0,True
030200915_,BR-U21-D31-K47,1.0,True
030200765_,BR-U22-018-K47,1.0,True
030200979_,BR-S40-K47,1.0,True
030200527_,BR-R10-10-K47,1.0,True
030200411_,BR-K10-1-K47,1.0,True
030200528_,BR-R11-16-K47,1.0,True
030200969_,BR-R14-16-U21-D21-K47,1.0,True
030200764_,BR-R14-16-U21-D31-K47,1.0,True
030200950_,BR-R14-16-U22-018-K47,1.0,True
030200923_,BR-R16-16-K47,1.0,True
030200406_,BR-R14-16-K47,1.0,True
030200987_,BR-D20-0600-K47,1.0,True
030200960_,BR-RT11-K47,1.0,True
BR-VK10-0-K10,BR-VK10-0-K10,1.0,True
BR-R16-16-K10,BR-R16-16-K10,1.0,True
BR-RT11-K10,BR-RT11-K10,1.0,True
030200828_,BR-V10-0-10-K10,1.0,True
030201018_,BR-V13-0-10-K10,1.0,True
030200833_,BR-V12-0-10-K10,1.0,True
030200829_,BR-V10-1-10-K10,1.0,True
030200830_,BR-V20-0-10-K10,1.0,True
030200840_,BR-V22-0-10-K10,1.0,True
030200831_,BR-V20-1-10-K10,1.0,True
030200841_,BR-V30-0-10-K10,1.0,True
030200846_,BR-V15-0-10-K10,1.0,True
030200836_,BR-M12-K10,1.0,True
030200837_,BR-M22-K10,1.0,True
030200838_,BR-M32-K10,1.0,True
030200839_,BR-M42-K10,1.0,True
030201019_,BR-M52-K10,1.0,True
030201020_,BR-R11-16-K10,1.0,True
030201017_,BR-R16-16-44-K10,1.0,True
030200834_,BR-R21-16-K10-F,1.0,True
030200835_,BR-R24-16-K10-F,1.0,True
030200842_,BR-R26-16-44-K10-F,1.0,True
030200845_,BR-H10-K10,1.0,True
030200844_,BR-A10-O-K10,1.0,True
030200843_,BR-K20-1-K10,1.0,True
030200832_,BR-K10-1-K10,1.0,True
030200827_,BR-R14-16-K10,1.0,True
030200905_,BR-VK10-0-K01,1.0,True
030200456_,BR-V13-0-10-K01,1.0,True
030200514_,BR-V10-0-10-K01,1.0,True
030200448_,BR-V10-0-10-K01-F,1.0,True
030200454_,BR-V12-0-10-K01,1.0,True
030200455_,BR-V12-1-10-K01,1.0,True
030200449_,BR-V10-1-10-K01,1.0,True
030200515_,BR-V20-0-10-K01,1.0,True
030200450_,BR-V20-0-10-K01-F,1.0,True
030200470_,BR-V22-0-10-K01,1.0,True
030200451_,BR-V20-1-10-K01,1.0,True
030200452_,BR-V30-0-10-K01,1.0,True
030200970_,BR-V14-0-10-K01,1.0,True
030200774_,BR-V15-0-10-K01,1.0,True
030200961_,BR-MS10-N-150-05-K01,1.0,True
030200886_,BR-PL10-K01,1.0,True
030200951_,BR-FL20-K01,1.0,True
030200463_,BR-M12-K01,1.0,True
030200468_,BR-M12-44-K01,1.0,True
030200464_,BR-M22-K01,1.0,True
030200469_,BR-M22-44-K01,1.0,True
030200465_,BR-M32-K01,1.0,True
030200466_,BR-M42-K01,1.0,True
030200753_,BR-M52-K01,1.0,True
030200519_,BR-R26-16-44-K01-F,1.0,True
030200782_,BR-KT20-O-1-K01,1.0,True
030200520_,BR-AK20-1-K01,1.0,True
030200980_,BR-AF20-O-K01,1.0,True
030200457_,BR-R20-10-K01-F,1.0,True
030200518_,BR-R21-16-K01-F,1.0,True
030200458_,BR-R24-16-K01-F,1.0,True
030200935_,BR-H10-K01,1.0,True
030200462_,BR-A10-O-K01,1.0,True
030200988_,BR-A10-P-K01,1.0,True
030200912_,BR-U21-D31-K01,1.0,True
030200568_,BR-U22-018-K01,1.0,True
030200975_,BR-S40-K01,1.0,True
030200516_,BR-R10-10-K01,1.0,True
030200459_,BR-K20-1-K01,1.0,True
030200453_,BR-K10-1-K01,1.0,True
030200990_,BR-K10-2-K01,1.0,True
030200517_,BR-R14-16-K01-F,1.0,True
030200460_,BR-R11-16-K01,1.0,True
030200966_,BR-R14-16-U21-D21-K01,1.0,True
030200759_,BR-R14-16-U21-D31-K01,1.0,True
030200567_,BR-R14-16-U22-018-K01,1.0,True
030200920_,BR-R16-16-K01,1.0,True
030200461_,BR-R14-16-K01,1.0,True
030200467_,BR-R16-16-44-K01,1.0,True
030200773_,BR-D20-0600-K01,1.0,True
030200956_,BR-RT11-K01,1.0,True
030201012_,BR-R16-16-44-K53,1.0,True
030200910_,BR-VK10-0-K53,1.0,True
030200779_,BR-V13-0-10-K53,1.0,True
030200472_,BR-V10-0-10-K53,1.0,True
030200477_,BR-V12-0-10-K53,1.0,True
030200874_,BR-V12-1-10-K53,1.0,True
030200473_,BR-V10-1-10-K53,1.0,True
030200474_,BR-V20-0-10-K53,1.0,True
030200484_,BR-V22-0-10-K53,1.0,True
030200475_,BR-V20-1-10-K53,1.0,True
030200743_,BR-V30-0-10-K53,1.0,True
030200972_,BR-V14-0-10-K53,1.0,True
030200944_,BR-V15-0-10-K53,1.0,True
030200963_,BR-MS10-N-150-05-K53,1.0,True
030200891_,BR-PL10-K53,1.0,True
030200953_,BR-FL20-K53,1.0,True
030200480_,BR-M12-K53,1.0,True
030200481_,BR-M22-K53,1.0,True
030200482_,BR-M32-K53,1.0,True
030200483_,BR-M42-K53,1.0,True
030200748_,BR-M52-K53,1.0,True
030200542_,BR-A10-O-K53,1.0,True
030200785_,BR-KT20-O-1-K53,1.0,True
030200535_,BR-AK20-1-K53,1.0,True
030200982_,BR-AF20-O-K53,1.0,True
030200478_,BR-R21-16-K53-F,1.0,True
030200479_,BR-R24-16-K53-F,1.0,True
030200940_,BR-H10-K53,1.0,True
030200747_,BR-A10-P-K53,1.0,True
030200917_,BR-U21-D31-K53,1.0,True
030200769_,BR-U22-018-K53,1.0,True
030200977_,BR-S40-K53,1.0,True
030200533_,BR-R10-10-K53,1.0,True
030200476_,BR-K10-1-K53,1.0,True
030200534_,BR-R11-16-K53,1.0,True
030200781_,BR-R14-16-U21-D21-K53,1.0,True
030200768_,BR-R14-16-U21-D31-K53,1.0,True
030200948_,BR-R14-16-U22-018-K53,1.0,True
030200925_,BR-R16-16-K53,1.0,True
030200471_,BR-R14-16-K53,1.0,True
030200875_,BR-K20-1-K53,1.0,True
030200985_,BR-D20-0600-K53,1.0,True
030200958_,BR-RT11-K53,1.0,True
BR-VK10-0-K36,BR-VK10-0-K36,1.0,True
030200775_,BR-V13-0-10-K36,1.0,True
030200420_,BR-V10-0-10-K36,1.0,True
030200425_,BR-V12-0-10-K36,1.0,True
030200870_,BR-V12-1-10-K36,1.0,True
030200421_,BR-V10-1-10-K36,1.0,True
030200422_,BR-V20-0-10-K36,1.0,True
030200433_,BR-V22-0-10-K36,1.0,True
030200423_,BR-V20-1-10-K36,1.0,True
030200739_,BR-V30-0-10-K36,1.0,True
030200429_,BR-M12-K36,1.0,True
030200430_,BR-M22-K36,1.0,True
030200431_,BR-M32-K36,1.0,True
030200432_,BR-M42-K36,1.0,True
030200872_,BR-K20-1-K36,1.0,True
030200871_,BR-R26-16-44-K36-F,1.0,True
030200513_,BR-A10-O-K36,1.0,True
030200426_,BR-R21-16-K36-F,1.0,True
030200427_,BR-R24-16-K36-F,1.0,True
030200521_,BR-R10-10-K36,1.0,True
030200424_,BR-K10-1-K36,1.0,True
030200522_,BR-R11-16-K36,1.0,True
030200428_,BR-R14-16-K36,1.0,True
BR-R16-16-44-K46,BR-R16-16-44-K46,1.0,True
BR-R26-16-44-K46-F,BR-R26-16-44-K46-F,1.0,True
030200909_,BR-VK10-0-K46,1.0,True
030200778_,BR-V13-0-10-K46,1.0,True
030200500_,BR-V10-0-10-K46,1.0,True
030200505_,BR-V12-0-10-K46,1.0,True
030200878_,BR-V12-1-10-K46,1.0,True
030200501_,BR-V10-1-10-K46,1.0,True
030200502_,BR-V20-0-10-K46,1.0,True
030200512_,BR-V22-0-10-K46,1.0,True
030200503_,BR-V20-1-10-K46,1.0,True
030200741_,BR-V30-0-10-K46,1.0,True
030200973_,BR-V14-0-10-K46,1.0,True
030200945_,BR-V15-0-10-K46,1.0,True
030200964_,BR-MS10-N-150-05-K46,1.0,True
030200890_,BR-PL10-K46,1.0,True
030200954_,BR-FL20-K46,1.0,True
030200508_,BR-M12-K46,1.0,True
030200509_,BR-M22-K46,1.0,True
030200510_,BR-M32-K46,1.0,True
030200511_,BR-M42-K46,1.0,True
030200757_,BR-M52-K46,1.0,True
030200879_,BR-K20-1-K46,1.0,True
030200541_,BR-A10-O-K46,1.0,True
030200989_,BR-KT20-O-1-K46,1.0,True
030200532_,BR-AK20-1-K46,1.0,True
030200983_,BR-AF20-O-K46,1.0,True
030200506_,BR-R21-16-K46-F,1.0,True
030200507_,BR-R24-16-K46-F,1.0,True
030200939_,BR-H10-K46,1.0,True
030200742_,BR-A10-P-K46,1.0,True
030200916_,BR-U21-D31-K46,1.0,True
030200767_,BR-U22-018-K46,1.0,True
030200978_,BR-S40-K46,1.0,True
030200530_,BR-R10-10-K46,1.0,True
030200504_,BR-K10-1-K46,1.0,True
030200531_,BR-R11-16-K46,1.0,True
030200968_,BR-R14-16-U21-D21-K46,1.0,True
030200766_,BR-R14-16-U21-D31-K46,1.0,True
030200949_,BR-R14-16-U22-018-K46,1.0,True
030200924_,BR-R16-16-K46,1.0,True
030200499_,BR-R14-16-K46,1.0,True
030200986_,BR-D20-0600-K46,1.0,True
030200959_,BR-RT11-K46,1.0,True
BR-VK10-0-K45,BR-VK10-0-K45,1.0,True
030201049_,BR-V13-0-10-K45,1.0,True
030201032_,BR-M52-K45,1.0,True
030201152_,BR-R16-16-K45,1.0,True
BR-R16-16-44-K45,BR-R16-16-44-K45,1.0,True
BR-R26-16-44-K45-F,BR-R26-16-44-K45-F,1.0,True
BR-KT20-O-1-K45,BR-KT20-O-1-K45,1.0,True
BR-K20-1-K45,BR-K20-1-K45,1.0,True
030200811_,BR-V10-0-10-K45,1.0,True
030200816_,BR-V12-0-10-K45,1.0,True
030200812_,BR-V10-1-10-K45,1.0,True
030200813_,BR-V20-0-10-K45,1.0,True
030200823_,BR-V22-0-10-K45,1.0,True
030200814_,BR-V20-1-10-K45,1.0,True
030200824_,BR-V30-0-10-K45,1.0,True
030200819_,BR-M12-K45,1.0,True
030200820_,BR-M22-K45,1.0,True
030200821_,BR-M32-K45,1.0,True
030200822_,BR-M42-K45,1.0,True
030201022_,BR-R11-16-K45,1.0,True
030200818_,BR-R24-16-K45-F,1.0,True
030200817_,BR-R21-16-K45-F,1.0,True
030200826_,BR-H10-K45,1.0,True
030200825_,BR-A10-O-K45,1.0,True
030200815_,BR-K10-1-K45,1.0,True
030200810_,BR-R14-16-K45,1.0,True
BR-R16-16-44-K02_,BR-R16-16-44-K02,1.0,True
BR-R26-16-44-K02-F,BR-R26-16-44-K02-F,1.0,True
030200911_,BR-VK10-0-K02,1.0,True
030200780_,BR-V13-0-10-K02,1.0,True
030200486_,BR-V10-0-10-K02,1.0,True
030200491_,BR-V12-0-10-K02,1.0,True
030200876_,BR-V12-1-10-K02,1.0,True
030200487_,BR-V10-1-10-K02,1.0,True
030200488_,BR-V20-0-10-K02,1.0,True
030200498_,BR-V22-0-10-K02,1.0,True
030200489_,BR-V20-1-10-K02,1.0,True
030200744_,BR-V30-0-10-K02,1.0,True
030200971_,BR-V14-0-10-K02,1.0,True
030200943_,BR-V15-0-10-K02,1.0,True
030200962_,BR-MS10-N-150-05-K02,1.0,True
030200892_,BR-PL10-K02,1.0,True
030200952_,BR-FL20-K02,1.0,True
030200494_,BR-M12-K02,1.0,True
030200495_,BR-M22-K02,1.0,True
030200496_,BR-M32-K02,1.0,True
030200497_,BR-M42-K02,1.0,True
030200758_,BR-M52-K02,1.0,True
030200877_,BR-K20-1-K02,1.0,True
030200543_,BR-A10-O-K02,1.0,True
030200787_,BR-KT20-O-1-K02,1.0,True
030200538_,BR-AK20-1-K02,1.0,True
030200981_,BR-AF20-O-K02,1.0,True
030200492_,BR-R21-16-K02-F,1.0,True
030200493_,BR-R24-16-K02-F,1.0,True
030200941_,BR-H10-K02,1.0,True
030200745_,BR-A10-P-K02,1.0,True
030200918_,BR-U21-D31-K02,1.0,True
030200771_,BR-U22-018-K02,1.0,True
030200976_,BR-S40-K02,1.0,True
030200536_,BR-R10-10-K02,1.0,True
030200490_,BR-K10-1-K02,1.0,True
030200485_,BR-R11-16-K02,1.0,True
030200967_,BR-R14-16-U21-D21-K02,1.0,True
030200770_,BR-R14-16-U21-D31-K02,1.0,True
030200947_,BR-R14-16-U22-018-K02,1.0,True
030200926_,BR-R16-16-K02,1.0,True
030200885_,BR-D20-0600-K02,1.0,True
030200957_,BR-RT11-K02,1.0,True
BR-VK10-0-K37,BR-VK10-0-K37,1.0,True
BR-MS10-N-150-05-K37,BR-MS10-N-150-05-K37,1.0,True
030200755_,BR-M52-K37,1.0,True
BR-R16-16-K37,BR-R16-16-K37,1.0,True
BR-R16-16-44-K37,BR-R16-16-44-K37,1.0,True
BR-R26-16-44-K37-F,BR-R26-16-44-K37-F,1.0,True
BR-U21-D31-K37,BR-U21-D31-K37,1.0,True
030200776_,BR-V13-0-10-K37,1.0,True
030200435_,BR-V10-0-10-K37,1.0,True
030200440_,BR-V12-0-10-K37,1.0,True
030200873_,BR-V12-1-10-K37,1.0,True
030200436_,BR-V10-1-10-K37,1.0,True
030200437_,BR-V20-0-10-K37,1.0,True
030200447_,BR-V22-0-10-K37,1.0,True
030200438_,BR-V20-1-10-K37,1.0,True
030200752_,BR-V30-0-10-K37,1.0,True
030200443_,BR-M12-K37,1.0,True
030200444_,BR-M22-K37,1.0,True
030200445_,BR-M32-K37,1.0,True
030200446_,BR-M42-K37,1.0,True
030200751_,BR-K20-1-K37,1.0,True
030200539_,BR-A10-O-K37,1.0,True
030200441_,BR-R21-16-K37-F,1.0,True
030200442_,BR-R24-16-K37-F,1.0,True
030200524_,BR-R10-10-K37,1.0,True
030200439_,BR-K10-1-K37,1.0,True
030200525_,BR-R11-16-K37,1.0,True
030200434_,BR-R14-16-K37,1.0,True
030201064_,BR-M12-12-K47,1.0,True
030201067_,BR-M12-51-K10,1.0,True
030201055_,BR-M12-12-1-K10,1.0,True
030201063_,BR-M12-12-3-K10,1.0,True
030201066_,BR-M12-51-K01,1.0,True
030201052_,BR-M12-12-K01,1.0,True
030201072_,BR-M12-12-4-K23,1.0,True
030201065_,BR-M12-12-2-K23,1.0,True
030201069_,BR-M22-12-K47,1.0,True
030201075_,BR-M22-51-K10,1.0,True
030201056_,BR-M22-12-1-K10,1.0,True
030201068_,BR-M22-12-3-K10,1.0,True
030201074_,BR-M22-51-K01,1.0,True
030201053_,BR-M22-12-K01,1.0,True
030201078_,BR-M22-12-4-K23,1.0,True
030201073_,BR-M22-12-2-K23,1.0,True
030201070_,BR-M32-12-K47,1.0,True
030201083_,BR-M32-51-K10,1.0,True
030201057_,BR-M32-12-1-K10,1.0,True
030201076_,BR-M32-12-3-K10,1.0,True
030201082_,BR-M32-51-K01,1.0,True
030201054_,BR-M32-12-K01,1.0,True
030201080_,BR-M32-12-4-K23,1.0,True
030201081_,BR-M32-12-2-K23,1.0,True
030201071_,BR-M42-12-K47,1.0,True
030201086_,BR-M42-51-K10,1.0,True
030201060_,BR-M42-12-1-K10,1.0,True
030201079_,BR-M42-12-3-K10,1.0,True
030201085_,BR-M42-51-K01,1.0,True
030201077_,BR-M42-12-K01,1.0,True
030201101_,BR-M42-12-4-K23,1.0,True
030201084_,BR-M42-12-2-K23,1.0,True
030201147_,BR-M52-12-K47,1.0,True
030201149_,BR-M52-51-K10,1.0,True
030201061_,BR-M52-12-1-K10,1.0,True
030201145_,BR-M52-12-3-K10,1.0,True
030201148_,BR-M52-51-K01,1.0,True
030201146_,BR-M52-12-K01,1.0,True
030201150_,BR-M52-12-4-K23,1.0,True
030201144_,BR-M52-12-2-K23,1.0,True
030201095_,BR-M12-M-01-K47,1.0,True
030201100_,BR-M12-M-21-K47,1.0,True
030201098_,BR-M12-M-21-K30,1.0,True
030201034_,BR-M12-M-01-K49,1.0,True
030201096_,BR-M12-M-01-K48,1.0,True
030201094_,BR-M12-M-01-K02,1.0,True
030201097_,BR-M12-M-21-K02,1.0,True
030201099_,BR-M12-M-21-K37,1.0,True
030200848_,BR-M12-M-K47,1.0,True
030200847_,BR-M12-M-K02,1.0,True
030201110_,BR-M22-M-01-K47,1.0,True
030201115_,BR-M22-M-21-K47,1.0,True
030201113_,BR-M22-M-21-K30,1.0,True
030201035_,BR-M22-M-01-K49,1.0,True
030201111_,BR-M22-M-01-K48,1.0,True
030201109_,BR-M22-M-01-K02,1.0,True
030201112_,BR-M22-M-21-K02,1.0,True
030201114_,BR-M22-M-21-K37,1.0,True
030200850_,BR-M22-M-K47,1.0,True
030200849_,BR-M22-M-K02,1.0,True
030201124_,BR-M32-M-01-K47,1.0,True
030201129_,BR-M32-M-21-K47,1.0,True
030201127_,BR-M32-M-21-K30,1.0,True
030201036_,BR-M32-M-01-K49,1.0,True
030201125_,BR-M32-M-01-K48,1.0,True
030201123_,BR-M32-M-01-K02,1.0,True
030201126_,BR-M32-M-21-K02,1.0,True
030201128_,BR-M32-M-21-K37,1.0,True
030200852_,BR-M32-M-K47,1.0,True
030200851_,BR-M32-M-K02,1.0,True
030201138_,BR-M42-M-01-K47,1.0,True
030201143_,BR-M42-M-21-K47,1.0,True
030201141_,BR-M42-M-21-K30,1.0,True
030201037_,BR-M42-M-01-K49,1.0,True
030201139_,BR-M42-M-01-K48,1.0,True
030201137_,BR-M42-M-01-K02,1.0,True
030201140_,BR-M42-M-21-K02,1.0,True
030201142_,BR-M42-M-21-K37,1.0,True
030200854_,BR-M42-M-K47,1.0,True
030200853_,BR-M42-M-K02,1.0,True
030201090_,BR-M12-G-41-K01,1.0,True
030201087_,BR-M12-G-31-K01,1.0,True
030201092_,BR-M12-G-41-K53,1.0,True
030201089_,BR-M12-G-31-K35,1.0,True
030201093_,BR-M12-G-41-K98,1.0,True
030201091_,BR-M12-G-41-K02,1.0,True
030201088_,BR-M12-G-31-K02,1.0,True
030200855_,BR-M12-G-K01,1.0,True
030200864_,BR-M12-G-K10,1.0,True
030200865_,BR-M12-G-K30,1.0,True
030200863_,BR-M12-G-K03,1.0,True
030200866_,BR-M12-G-K45,1.0,True
030200856_,BR-M12-G-K02,1.0,True
030201105_,BR-M22-G-41-K01,1.0,True
030201102_,BR-M22-G-31-K01,1.0,True
030201107_,BR-M22-G-41-K53,1.0,True
030201104_,BR-M22-G-31-K35,1.0,True
030201108_,BR-M22-G-41-K98,1.0,True
030201106_,BR-M22-G-41-K02,1.0,True
030201103_,BR-M22-G-31-K02,1.0,True
030200857_,BR-M22-G-K01,1.0,True
030200894_,BR-M22-G-K10,1.0,True
030200895_,BR-M22-G-K30,1.0,True
030200893_,BR-M22-G-K03,1.0,True
030200896_,BR-M22-G-K45,1.0,True
030200858_,BR-M22-G-K02,1.0,True
030201119_,BR-M32-G-41-K01,1.0,True
030201116_,BR-M32-G-31-K01,1.0,True
030201121_,BR-M32-G-41-K53,1.0,True
030201118_,BR-M32-G-31-K35,1.0,True
030201122_,BR-M32-G-41-K98,1.0,True
030201120_,BR-M32-G-41-K02,1.0,True
030201117_,BR-M32-G-31-K02,1.0,True
030200859_,BR-M32-G-K01,1.0,True
030200898_,BR-M32-G-K10,1.0,True
030200899_,BR-M32-G-K30,1.0,True
030200897_,BR-M32-G-K03,1.0,True
030200900_,BR-M32-G-K45,1.0,True
030200860_,BR-M32-G-K02,1.0,True
030201133_,BR-M42-G-41-K01,1.0,True
030201130_,BR-M42-G-31-K01,1.0,True
030201135_,BR-M42-G-41-K53,1.0,True
030201132_,BR-M42-G-31-K35,1.0,True
030201136_,BR-M42-G-41-K98,1.0,True
030201134_,BR-M42-G-41-K02,1.0,True
030201131_,BR-M42-G-31-K02,1.0,True
030200861_,BR-M42-G-K01,1.0,True
030200902_,BR-M42-G-K10,1.0,True
030200903_,BR-M42-G-K30,1.0,True
030200901_,BR-M42-G-K03,1.0,True
030200904_,BR-M42-G-K45,1.0,True
030200862_,BR-M42-G-K02,1.0,True
130300775_,EVP10-32-01-K01,10.0,True
130300774_,ERP10-32-01-K01,10.0,True
130300773_,ERP11-32-01-K01,10.0,True
280300179_,UKG01-080-040-000-M,175.0,True
280300401_,UKO11-085-085-040-K41-44,60.0,True
280300403_,UKOZ11-070-070-040-K41-44,84.0,True
280300182_,UKO10-150-110-070-K41-55,30.0,True
280300402_,UKO11-190-140-070-K41-55,20.0,True
280300404_,UKOZ11-100-100-050-K41-44,48.0,True
UKO10-240-195-090-K4,UKO10-240-195-090-K41-55,6.0,True
UKO10-240-195-165-K4,UKO10-240-195-165-K41-55,4.0,True
250600087_,MKP31-N-02-30-252,252.0,True
280300295_,MKP31-N-04-30-135,135.0,True
020100001_,PSR01-016-3,10.0,True
020100002_,PSR02-016-4,10.0,True
020100003_,PSR02-016-5,10.0,True
020100004_,PSR01-032-3,10.0,True
020100005_,PSR02-032-4,10.0,True
020100006_,PSR02-032-5,10.0,True
020100007_,PSR02-063-4,2.0,True
020100044_,PSR02-063-5,2.0,True
020100008_,PSR21-016-3,10.0,True
020100009_,PSR22-016-4,10.0,True
020100010_,PSR22-016-5,10.0,True
020100011_,PSR21-032-3,10.0,True
020100012_,PSR22-032-4,10.0,True
020100013_,PSR22-032-5,10.0,True
020100015_,PSR11-016-3,10.0,True
020100017_,PSR12-016-4,10.0,True
020100018_,PSR12-016-5,10.0,True
020100019_,PSR11-032-3,10.0,True
020100020_,PSR12-032-4,10.0,True
020100021_,PSR12-032-5,10.0,True
020100022_,PSR12-063-4,2.0,True
020100045_,PSR12-063-5,2.0,True
020100023_,PSR42-016-4,10.0,True
PSN12-032-5,PSN12-032-5,10.0,True
290100132_,WYP10-16-03-03-Z-K02,1.0,True
290100133_,WYP10-16-03-05-Z-K02,1.0,True
290100134_,WYP10-16-03-03-ZK-K02,1.0,True
290100135_,WYP10-16-03-05-ZK-K02,1.0,True
290100136_,WYP10-16-04-03-Z-K02,1.0,True
290100137_,WYP10-16-04-05-Z-K02,1.0,True
290100138_,WYP10-16-04-03-ZK-K02,1.0,True
290100139_,WYP10-16-04-05-ZK-K02,1.0,True
290100140_,WYP10-16-05-03-Z-K02,1.0,True
290100141_,WYP10-16-05-05-Z-K02,1.0,True
290100142_,WYP10-16-05-03-ZK-K02,1.0,True
290100143_,WYP10-16-05-05-ZK-K02,1.0,True
290100144_,WYP10-06-03-03-K02,1.0,True
290100145_,WYP10-06-03-05-K02,1.0,True
280300951_,KYP11-16-03-00-Z,38.0,True
280300950_,KYP11-16-04-00-Z,32.0,True
280300696_,KYP11-16-06-00-ZK,15.0,True
290200126_,TW-KP27-16-01-15-02,1.0,True
290200131_,TW-KP27-16-04-20,1.0,True
290200127_,TW-KP27-16-01-25-02,1.0,True
290100004_,WKP15-16-04-10,10.0,True
290200005_,WKP15-16-04-20,1.0,True
290200008_,WKP15-16-04-30,1.0,True
290200009_,WKP15-16-04-40,1.0,True
290200006_,WKP15-16-04-50,1.0,True
290100031_,WFP10-16-03-01-N,6.0,True
290100032_,WFP10-16-05-01-N,5.0,True
290100033_,WFP10-16-05-03-N,1.0,True
290100034_,WFP10-16-05-05-N,1.0,True
290100029_,WUP10-05-K09-N,10.0,True
290100101_,WUP20-02-K01,10.0,True
WUP20-02-K02,WUP20-02-K02,10.0,True
130301120_,EVP12-16-01-K01,50.0,True
130301597_,EVP12-16-01-K02,50.0,True
CKK10-100-060-1-K01,CKK10-100-060-1-K01,8.0,True
CKK10-060-040-1-K01-,CKK10-060-040-1-K01-018,18.0,True
CKK10-025-016-1-K24_,CKK10-025-016-1-K24,50.0,True
CKK10-040-025-1-K24_,CKK10-040-025-1-K24,18.0,True
CKK10-040-025-1-K28_,CKK10-040-025-1-K28,18.0,True
CKK10-025-016-1-K34_,CKK10-025-016-1-K34,50.0,True
CKK10-040-025-1-K34_,CKK10-040-025-1-K34,18.0,True
EL-KK10-100-060-1-K0,EL-KK10-100-060-1-K02,8.0,True
EL-KK10-025-016-1-K0,EL-KK10-025-016-1-K02,50.0,True
EL-KK10-025-025-1-K0,EL-KK10-025-025-1-K02,32.0,True
EL-KK10-040-025-1-K0,EL-KK10-040-025-1-K02,24.0,True
EL-KK10-060-040-1-K0,EL-KK10-060-040-1-K02,18.0,True
280100001_,CKK10-100-040-1-K01,8.0,True
280100002_,CKK10-100-060-1-K01,8.0,True
280100003_,CKK10-012-012-1-K01,120.0,True
280100006_,CKK10-015-010-1-K01,144.0,True
280100004_,CKK10-016-016-1-K01,84.0,True
280100005_,CKK10-020-010-1-K01,96.0,True
280100007_,CKK10-025-016-1-K01,50.0,True
280100016_,CKK10-025-025-1-K01,32.0,True
280100009_,CKK10-040-016-1-K01,30.0,True
280100010_,CKK10-040-025-1-K01,24.0,True
280100011_,CKK10-040-040-1-K01-024,24.0,True
280100012_,CKK10-060-040-1-K01-018,18.0,True
280100013_,CKK10-060-060-1-K01,12.0,True
280100014_,CKK10-080-040-1-K01-010,10.0,True
280100015_,CKK10-080-060-1-K01-008,8.0,True
280100339_,CKK10-012-012-1-K24,120.0,True
280100340_,CKK10-015-010-1-K24,144.0,True
280100341_,CKK10-016-016-1-K24,84.0,True
280100342_,CKK10-020-010-1-K24,96.0,True
280100240_,CKK10-025-016-1-K24,50.0,True
280100343_,CKK10-040-016-1-K24,30.0,True
280100344_,CKK10-040-025-1-K24,18.0,True
280100401_,CKK10-012-012-1-K28,120.0,True
280100402_,CKK10-015-010-1-K28,144.0,True
280100403_,CKK10-016-016-1-K28,84.0,True
280100404_,CKK10-020-010-1-K28,96.0,True
280100405_,CKK10-025-016-1-K28,50.0,True
280100406_,CKK10-040-016-1-K28,30.0,True
280100407_,CKK10-040-025-1-K28,18.0,True
280100373_,CKK10-012-012-1-K34,120.0,True
280100374_,CKK10-015-010-1-K34,144.0,True
280100375_,CKK10-016-016-1-K34,84.0,True
280100376_,CKK10-020-010-1-K34,96.0,True
280100377_,CKK10-025-016-1-K34,50.0,True
280100378_,CKK10-040-016-1-K34,30.0,True
280100379_,CKK10-040-025-1-K34,18.0,True
280100418_,EL-KK10-100-040-1-K02,8.0,True
280100419_,EL-KK10-100-060-1-K02,8.0,True
280100408_,EL-KK10-012-012-1-K02,120.0,True
280100409_,EL-KK10-015-010-1-K02,144.0,True
280100336_,EL-KK10-016-016-1-K02,84.0,True
280100410_,EL-KK10-020-010-1-K02,96.0,True
280100337_,EL-KK10-025-016-1-K02,50.0,True
280100411_,EL-KK10-025-025-1-K02,32.0,True
280100412_,EL-KK10-040-016-1-K02,30.0,True
280100338_,EL-KK10-040-025-1-K02,24.0,True
280100413_,EL-KK10-040-040-1-K02,24.0,True
280100414_,EL-KK10-060-040-1-K02,18.0,True
280100415_,EL-KK10-060-060-1-K02,12.0,True
280100416_,EL-KK10-080-040-1-K02,10.0,True
280100417_,EL-KK10-080-060-1-K02,8.0,True
270300078_,CKM50-025-025-1-K03,100.0,True
270300079_,CKM50-025-040-1-K03,60.0,True
280100020_,CKM50-040-040-1-K03,36.0,True
270300105_,CKM50-040-060-1-K03,24.0,True
270300150_,CKM50-060-060-1-K03,16.0,True
270300200_,CKM50-060-040-1-K03,24.0,True
270300151_,CKM50-080-060-1-K03,16.0,True
270300153_,CKM50-100-060-1-K03,12.0,True
280200031_,CKMP10D-N-100-040-K01,11.0,True
280200032_,CKMP10D-N-100-060-K01,6.0,True
280200033_,CKMP10D-N-015-010-K01,1.0,True
280200034_,CKMP10D-N-016-016-K01,1.0,True
280200035_,CKMP10D-N-020-010-K01,1.0,True
280200087_,CKMP10D-N-025-016-K01,1.0,True
280200088_,CKMP10D-N-040-016-K01,1.0,True
280200108_,CKMP10D-N-040-025-K01,1.0,True
280200036_,CKMP10D-N-060-040-K01,1.0,True
280200109_,CKMP10D-V-100-040-K01,8.0,True
280200037_,CKMP10D-V-100-060-K01,5.0,True
280200085_,CKMP10D-V-015-010-K01,1.0,True
280200038_,CKMP10D-V-016-016-K01,1.0,True
280200039_,CKMP10D-V-020-010-K01,1.0,True
280200086_,CKMP10D-V-025-016-K01,1.0,True
280200040_,CKMP10D-V-040-016-K01,1.0,True
280200041_,CKMP10D-V-040-025-K01,1.0,True
280200042_,CKMP10D-V-060-040-K01,1.0,True
280200043_,CKMP10D-Z-100-040-K01,54.0,True
280200044_,CKMP10D-Z-100-060-K01,36.0,True
280200045_,CKMP10D-Z-015-010-K01,1.0,True
280200046_,CKMP10D-Z-016-016-K01,1.0,True
280200047_,CKMP10D-Z-020-010-K01,1.0,True
280200080_,CKMP10D-Z-025-016-K01,1.0,True
280200048_,CKMP10D-Z-040-016-K01,1.0,True
280200081_,CKMP10D-Z-040-025-K01,1.0,True
280200049_,CKMP10D-Z-060-040-K01,1.0,True
280200050_,CKMP10D-P-100-040-K01,6.0,True
280200051_,CKMP10D-P-100-060-K01,4.0,True
280200052_,CKMP10D-P-015-010-K01,1.0,True
280200053_,CKMP10D-P-016-016-K01,1.0,True
280200082_,CKMP10D-P-020-010-K01,1.0,True
280200054_,CKMP10D-P-025-016-K01,1.0,True
280200055_,CKMP10D-P-040-016-K01,1.0,True
280200056_,CKMP10D-P-040-025-K01,1.0,True
280200057_,CKMP10D-P-060-040-K01,1.0,True
280200058_,CKMP10D-S-100-040-K01,39.0,True
280200059_,CKMP10D-S-100-060-K01,26.0,True
280200060_,CKMP10D-S-015-010-K01,1.0,True
280200061_,CKMP10D-S-016-016-K01,1.0,True
280200062_,CKMP10D-S-020-010-K01,1.0,True
280200083_,CKMP10D-S-025-016-K01,1.0,True
280200063_,CKMP10D-S-040-016-K01,1.0,True
280200064_,CKMP10D-S-040-025-K01,1.0,True
280200065_,CKMP10D-S-060-040-K01,1.0,True
280200066_,CKMP10D-T-100-040-K01,6.0,True
280200067_,CKMP10D-T-100-060-K01,4.0,True
280200068_,CKMP10D-T-015-010-K01,1.0,True
280200069_,CKMP10D-T-016-016-K01,1.0,True
280200070_,CKMP10D-T-020-010-K01,1.0,True
280200084_,CKMP10D-T-025-016-K01,1.0,True
280200071_,CKMP10D-T-040-016-K01,1.0,True
280200072_,CKMP10D-T-040-025-K01,1.0,True
280200073_,CKMP10D-T-060-040-K01,1.0,True
280100116_,CKK-40D-W-080-040-K01,12.0,True
280200166_,CKK-40D-W-100-040-K01,12.0,True
280100117_,CKK-40D-X-080-040-K01,12.0,True
280200167_,CKK-40D-X-100-040-K01,12.0,True
280100120_,CKK-40D-VO2-K01,10.0,True
280100119_,CKK-40D-VD2-K01,10.0,True
280100118_,CKK-40D-Z-080-040-K01,12.0,True
ст-9948468,CKK-40D-Z-100-040-K01,12.0,True
280100141_,CKK-40D-P40-K01,160.0,True
280100125_,CKK-40D-P-080-040-K01,12.0,True
280100124_,CKK-40D-P-100-040-K01,12.0,True
280100126_,CKK-40D-RSU4-060-K01,10.0,True
280100127_,CKK-40D-RSU4-075-K01,10.0,True
280100139_,CKK-40D-RSU6-060-K01,10.0,True
280100140_,CKK-40D-RSU6-075-K01,10.0,True
280100128_,CKK-40D-RU2-K01,10.0,True
280100129_,CKK-40D-RI1-K01,10.0,True
280100130_,CKK-40D-RI2-K01,10.0,True
280100131_,CKK-40D-RSZB2-K01-K,10.0,True
280100132_,CKK-40D-RSZK2-K04-K,10.0,True
280100133_,CKK-40D-RT1-K01,10.0,True
280100138_,CKK-40D-SL60-K01,20.0,True
280100137_,CKK-40D-SL75-K01,20.0,True
280100134_,CKK-40D-SB40-K01,40.0,True
280100136_,CKK-40D-T-080-040-K01,12.0,True
280100135_,CKK-40D-T-100-040-K01,12.0,True
280100123_,CKK40-080-040-1-K01,24.0,True
280100122_,CKK40-100-040-1-K01,16.0,True
130300791_,CTG12-040-K04-050-R,50.0,True
130300792_,CTG12-050-K04-050-R,50.0,True
130300779_,CTG12-063-K04-050-R,50.0,True
130300771_,CTG12-075-K04-050-R,50.0,True
130300772_,CTG12-090-K04-050-R,50.0,True
130300780_,CTG12-110-K04-050-R,50.0,True
130301232_,CTG12-160-K04-035-R,35.0,True
311101233_,USWBK-D20-20,1.0,True
311101234_,USWBK-D25-20,1.0,True
280300128_,CLP10-100-100-3,12.0,True
280300034_,CLP10-100-200-3,6.0,True
280300035_,CLP10-100-300-3,6.0,True
280300036_,CLP10-100-400-3,6.0,True
280300086_,CLP10-050-050-3,18.0,True
280300012_,CLP10-050-100-3,12.0,True
280300103_,CLP10-050-150-3,18.0,True
280300013_,CLP10-050-200-3,18.0,True
280300030_,CLP10-050-300-3,12.0,True
280300031_,CLP10-050-400-3,12.0,True
280300028_,CLP10-050-500-3,6.0,True
280300083_,CLWG10-060-060-3,18.0,True
280300084_,CLWG10-060-100-3,18.0,True
280300085_,CLWG10-060-200-3,6.0,True
280300088_,CLWG10-060-300-3,6.0,True
280300279_,CLN10-050-100-3,12.0,True
280300280_,CLN10-050-050-3,18.0,True
280300011_,CLP1K-050-1,6.0,True
280300005_,CLP1K-100-1,6.0,True
280300289_,CLP1K-150-1,6.0,True
280300007_,CLP1K-200-1,6.0,True
280300037_,CLP1K-300-1,6.0,True
280300009_,CLP1K-400-3,6.0,True
280300038_,CLP1K-500-3,6.0,True
280300092_,CLW10-VH-200,20.0,True
010800070_,CLW10-DR,50.0,True
280300024_,CLP1Q-050,32.0,True
280300003_,CLP1CW-100-1,4.0,True
280300004_,CLP1CW-200-1,4.0,True
280300082_,CLP1CW-300-1,4.0,True
280300122_,CLP1CW-400-1,4.0,True
280300017_,CLP1S-050,,False
280300048_,CLP1S-100,,False
280300104_,CLW10-CR,200.0,True
280300250_,CLP1F-080-2,2.0,True
280300071_,CLP2P-050-050,1.0,True
280300072_,CLP2P-050-100,1.0,True
280300073_,CLP2P-050-200,1.0,True
280300020_,CLP1N-050-100,1.0,True
280300040_,CLP1N-050-200,1.0,True
280300056_,CLP1V-050-100,1.0,True
280300057_,CLP1V-050-200,1.0,True
280300021_,CLP1T-050-100,1.0,True
280300022_,CLP1T-050-200,1.0,True
280300054_,CLP1T-100-400,1.0,True
280300269_,CLP1C-020-030,2.0,True
280300734_,CMZ13-SBT-08-030,50.0,True
280300735_,CMZ13-SBT-08-040,50.0,True
280300736_,CMZ13-SBT-08-050,50.0,True
280300733_,CMZ13-SBT-10-050,50.0,True
280300738_,CMZ13-SGH-08,25.0,True
280300737_,CMZ13-SGH-10,25.0,True
280300742_,CLP1S-41-21-04-15,2.0,True
280300743_,CLP1S-41-21-05-15,2.0,True
280300741_,CLP1S-41-21-20-15,2.0,True
280300739_,CLP1S-41-21-20-20,2.0,True
280300740_,CLP1S-41-21-20-25,2.0,True
280300744_,CLM50D-CSO-41-21-02,2.0,True
280300745_,CLM50D-CSO-41-21-03,2.0,True
280300673_,CLM50D-PSS-185-40,20.0,True
280300746_,CLM50D-PTS-136-40,20.0,True
280300747_,CLM50D-UUS-107-40,4.0,True
280300748_,CLM50D-UOS-058-40,20.0,True
280100103_,CKK30-070-016-3-K03,42.0,True
130301079_,UIZ-20-10-K52,10.0,True
130200134_,YND10-2-07-100,10.0,True
130200133_,YND10-2-15-125,10.0,True
130200136_,YND10-4-07-100,10.0,True
130200135_,YND10-4-11-125,10.0,True
130200074_,YNN10-08-100,10.0,True
130200075_,YNN11-08-100,10.0,True
130200006_,YNN10-14-100,10.0,True
130200007_,YNN11-14-100,10.0,True
130200125_,YNN10-69-12P-K07,10.0,True
130200126_,YNN10-69-14P-K07,10.0,True
130200127_,YNN10-69-12KD-K06,10.0,True
130200089_,YNN10-69-12D-K07,20.0,True
130200008_,YNN20-14-100,10.0,True
130200063_,YNN21-14-100,10.0,True
130200120_,YNN10-812-6DP-K07,20.0,True
130200121_,YNN10-812-8DP-K07,20.0,True
130200122_,YNN10-812-10DP-K07,20.0,True
130200123_,YNN10-812-12DP-K07,20.0,True
130200124_,YNN10-812-14DP-K07,20.0,True
130200409_,YNN10-812-8DP-K05,20.0,True
130200012_,YNS21-1-063,40.0,True
130200015_,YNS21-3-063,10.0,True
130200154_,YNS21-3-063-22-12,10.0,True
130200013_,YNS21-3-100,5.0,True
130301680_,YZN42-03-300-K02,,False
130301681_,YZN43-10-001-K02,1.0,True
130301682_,YZN43-10-002-K02,1.0,True
130301683_,YZN43-10-010-K02,1.0,True
130301674_,YZN41-04-010-K02,10.0,True
130301673_,YZN41-04-001-K02,100.0,True
130301675_,YZN41-06-001-K02,100.0,True
130301676_,YZN41-06-002-K02,50.0,True
130301678_,YZN41-12-002-K02,25.0,True
130301677_,YZN41-06-004-K02,25.0,True
130301679_,YZN41-12-004-K02,20.0,True
130301739_,YCT15-00-K03-006-SP,25.0,True
130301725_,YCT10-00-K03-070-AUX,10.0,True
130301712_,YCT20-00-K03-004-ZGL,50.0,True
130301713_,YCT22-00-3-K03-001-ZGL,50.0,True
130301715_,YCT22-00-3-K03-002-ZGL,50.0,True
130301717_,YCT22-00-3-K03-004-ZGL,50.0,True
130301714_,YCT22-00-4-K03-001-ZGL,50.0,True
130301716_,YCT22-00-4-K03-002-ZGL,50.0,True
130301718_,YCT22-00-4-K03-004-ZGL,50.0,True
130301719_,YCT23-00-2-K03-001-ZGL,50.0,True
130301720_,YCT23-00-2-K03-002-ZGL,50.0,True
130301721_,YCT23-00-2-K03-004-ZGL,50.0,True
130301644_,YCT10-00-K03-002-ZGL,50.0,True
130301645_,YCT10-00-K07-002-ZGL,50.0,True
130301646_,YCT10-00-K03-006-ZGL,50.0,True
130301706_,YCT10-00-K07-006-ZGL,50.0,True
130301711_,YCT15-04-K03-004-ZGL,50.0,True
130301709_,YCT12-00-3-K03-004-ZGL,50.0,True
130301710_,YCT12-00-4-K03-004-ZGL,50.0,True
130301708_,YCT13-00-2-K03-004-ZGL,50.0,True
130301707_,YCT13-00-3-K03-002-ZGL,50.0,True
130301660_,YZN11D-3-ZGL-002-K07,100.0,True
130301665_,YZN12-095-K07,8.0,True
130301671_,YZN22-150-K52,5.0,True
130301666_,YZN12-150-K07,5.0,True
130301672_,YZN22-240-K52,,False
130301667_,YZN12-240-K03,2.0,True
130301668_,YZN12-240-K07,2.0,True
130301669_,YZN14-050-K03,8.0,True
130301670_,YZN22-050-K52,10.0,True
030300499_,YZN12-050-K03,10.0,True
YZN30-002-K03,YZN30-002-K03,50.0,True
130301651_,YZN11-001-K05,60.0,True
130301650_,YZN11-001-K04,60.0,True
130301652_,YZN11-001-K07,60.0,True
130301654_,YZN11-002-K04,50.0,True
130301656_,YZN11-002-K09,50.0,True
130301653_,YZN11-002-K03,50.0,True
130301655_,YZN11-002-K07,50.0,True
130301657_,YZN11-006-K03,24.0,True
130301658_,YZN11-006-K07,24.0,True
130301659_,YZN11-3-002-K07,45.0,True
130301634_,YCT20-00-K03-001,100.0,True
130301689_,YCT20-00-K03-010,100.0,True
130301635_,YCT20-00-K03-002,100.0,True
130301636_,YCT20-00-K03-004,100.0,True
130301704_,YCT25-04-K03-002,100.0,True
130301705_,YCT25-04-K03-004,50.0,True
130301637_,YCT22-00-3-K03-001,100.0,True
130301693_,YCT22-00-3-K03-010,50.0,True
130301638_,YCT22-00-3-K03-002,100.0,True
130301691_,YCT22-00-3-K03-004,50.0,True
130301690_,YCT22-00-4-K03-001,100.0,True
130301639_,YCT22-00-4-K03-002,100.0,True
130301692_,YCT22-00-4-K03-004,50.0,True
130301698_,YCT22-03-3-K52-001,100.0,True
130301643_,YCT22-03-3-K52-010,50.0,True
130301642_,YCT22-03-3-K52-002,100.0,True
130301701_,YCT22-03-3-K52-004,50.0,True
130301699_,YCT22-03-4-K52-001,100.0,True
130301700_,YCT22-03-4-K52-002,100.0,True
130301702_,YCT22-03-4-K52-004,50.0,True
130301695_,YCT23-00-2-K03-001,50.0,True
130301640_,YCT23-00-2-K03-002,50.0,True
130301696_,YCT23-00-2-K03-004,50.0,True
130301703_,YCT23-04-2-K03-002,50.0,True
130301694_,YCT23-03-2-K03-001,50.0,True
130301641_,YCT21-00-K52-002,100.0,True
130301697_,YCT21-00-K52-004,100.0,True
130301608_,YCT10-00-K03-002,100.0,True
130301609_,YCT10-00-K07-002,100.0,True
130301610_,YCT10-00-K03-004,100.0,True
130301611_,YCT10-00-K07-004,100.0,True
130301612_,YCT10-00-K03-006,100.0,True
130301613_,YCT10-00-K07-006,100.0,True
130301614_,YCT10-00-K03-010,100.0,True
130301615_,YCT10-00-K07-010,100.0,True
130301616_,YCT10-00-K03-016,50.0,True
130301617_,YCT10-00-K07-016,50.0,True
130301618_,YCT10-00-K03-025,50.0,True
130301620_,YCT10-00-K03-035,50.0,True
130301622_,YCT10-00-K07-035,50.0,True
130301623_,YCT10-00-K03-070,20.0,True
130301625_,YCT10-00-K07-070,20.0,True
130301685_,YCT10-00-K07-120,10.0,True
130301619_,YCT10-00-K07-025,50.0,True
130301621_,YCT10-01-K03-035,50.0,True
130301624_,YCT10-01-K03-070,20.0,True
130301633_,YCT14-00-K03-004,100.0,True
130301688_,YCT12-00-4-K03-004,50.0,True
130301686_,YCT12-03-4-K52-004,50.0,True
130301631_,YCT13-00-2-K03-004,100.0,True
130301632_,YCT13-00-3-K03-002,50.0,True
130301628_,YCT11-00-K52-010,50.0,True
130301629_,YCT11-00-K52-016,50.0,True
130301626_,YCT11-00-K52-004,50.0,True
130301627_,YCT11-00-K52-006,50.0,True
130301630_,YCT11-02-K52-035,20.0,True
130301687_,YCT11-02-K52-070,20.0,True
130301728_,YCT10-00-K03-035-A-4P,20.0,True
130301727_,YCT10-00-K03-004-A-10P,10.0,True
130301726_,YCT10-00-K03-004-A-4P,100.0,True
130301729_,YCT10-00-K03-070-A-2P,10.0,True
130301730_,YCT10-00-K03-070-A-3P,10.0,True
130301734_,YCT20-00-K03-001-EC-3P,50.0,True
130301735_,YCT20-00-K03-001-EC-4P,50.0,True
130301736_,YCT20-00-K03-002-EC-3P,50.0,True
130301738_,YCT20-00-K03-004-EC-10P,10.0,True
130301737_,YCT20-00-K03-004-EC-2P,100.0,True
130301731_,YCT10-00-K03-016-EC-10P,20.0,True
130301733_,YCT14-00-K03-004-EC-10P,20.0,True
130301732_,YCT14-00-K03-004-EC-3P,50.0,True
130301661_,YZN11FBS-002-10P,10.0,True
130301662_,YZN11FBS-002-2P,25.0,True
130301663_,YZN11FBS-002-3P,25.0,True
130301664_,YZN11FBS-006-10P,10.0,True
130301648_,YCT10-00-K03-002-SP,100.0,True
130301722_,YCT10-00-K03-006-SP,100.0,True
130301647_,YCT10-00-K03-002-PP,50.0,True
130301723_,YCT10-00-K03-035-PP,50.0,True
130301649_,YCT10-00-K03-006-PP,50.0,True
130301724_,YCT13-00-2-K03-004-SP,100.0,True
130200036_,YDN10-0125,20.0,True
130200016_,YXD10,150.0,True
130200032_,MRD10-16,5.0,True
151000698_,DM11X25,100.0,True
240300035_,UMK00-0,1.0,True
240300027_,UMK00-1,1.0,True
240300033_,UMK00-2,1.0,True
240300050_,UMK00-3,1.0,True
240300051_,UMK00-4,1.0,True
240300034_,UMK00-5,1.0,True
240300052_,UMK00-6,1.0,True
240300053_,UMK00-7,1.0,True
240300054_,UMK00-8,1.0,True
240300055_,UMK00-9,1.0,True
240300057_,UMK00-A,1.0,True
240300058_,UMK00-B,1.0,True
240300059_,UMK00-C,1.0,True
240300056_,UMK00-N,1.0,True
240300013_,UMK10-0,1.0,True
240300014_,UMK10-1,1.0,True
240300015_,UMK10-2,1.0,True
240300016_,UMK10-3,1.0,True
240300017_,UMK10-4,1.0,True
240300018_,UMK10-5,1.0,True
240300019_,UMK10-6,1.0,True
240300020_,UMK10-7,1.0,True
260100138_,UNP40-006-04-04,600.0,True
260100153_,UNP40-010-06-06,400.0,True
260100165_,UNP40-016-06-08,200.0,True
260100167_,UNP40-025-07-08,200.0,True
260100158_,UNP40-035-08-08,100.0,True
260100168_,UNP40-050-10-10,100.0,True
260100169_,UNP40-070-11-12,50.0,True
260100140_,UNP40-095-13-12,50.0,True
260100157_,UNP40-120-15-14,30.0,True
260100155_,UNP40-150-17-14,25.0,True
260100172_,UNP40-185-18-16,20.0,True
260100154_,UNP40-240-20-16,20.0,True
130300518_,UZA-23-D16,10.0,True
130300519_,UZA-23-D25,10.0,True
130300520_,UZA-23-D35,10.0,True
130300521_,UZA-23-D50,10.0,True
130300524_,UZA-14-D10-D35,1.0,True
130300532_,UZA-14-D16-D50-14400,1.0,True
130300533_,UZA-14-D70-D95-27400,1.0,True
130300534_,UZP-11-S06-S095,21.0,True
130300537_,UZA-15-D25-D120-90-12,40.0,True
130300538_,UZA-15-D25-D120-30-60-18,40.0,True
130300608_,UZA-11-D01-D10,35.0,True
130301101_,UZA-11-D02-D35-ECLN,35.0,True
130301100_,UZA-11-D25-D95-ECLN,18.0,True
130300526_,UZA-11-D35-D150-1,70.0,True
130300527_,UZA-11-D06-D150,144.0,True
130301128_,UKA-12-1500-1500-ECLN,10.0,True
130300535_,UKK-12-3-1800,5.0,True
130300536_,UKK-12-3-2800,5.0,True
130300883_,UZA-LB-ECO,1.0,True
130301598_,ZPS10-11-040-042,1.0,True
130300471_,UZA-50-100,4.0,True
130300449_,UZA-51-100,1.0,True
130300528_,UKA-32-12-471,50.0,True
130300529_,UKA-32-15-576-ECLN,50.0,True
130400156_,YIS40-1000,5.0,True
130400069_,YIS11-4-20-B,2.0,True
130400151_,YIS11-4-30,2.0,True
130400150_,YIS11-4-30-B,2.0,True
130400154_,YIS11-4-40-B,2.0,True
130400155_,YIS11-4-50-B,2.0,True
130400152_,YIS11-4-30-8-B,2.0,True
130400153_,YIS11-4-40-8-B,2.0,True
240100028_,UHH31-D025-100-100,20.0,True
240100091_,UHH32-D025-100-100,20.0,True
240100002_,UHH31-D025-150-100,20.0,True
240100029_,UHH31-D025-200-100,20.0,True
240100003_,UHH31-D036-100-100,20.0,True
240100004_,UHH31-D036-150-100,20.0,True
240100052_,UHH32-D036-150-100,20.0,True
240100005_,UHH31-D036-200-100,20.0,True
240100053_,UHH32-D036-200-100,20.0,True
240100006_,UHH31-D036-300-100,20.0,True
240100054_,UHH32-D036-300-100,20.0,True
240100007_,UHH31-D036-350-100,20.0,True
240100093_,UHH32-D036-350-100,20.0,True
240100185_,UHH31-D048-200-100,10.0,True
240100208_,UHH32-D048-200-100,10.0,True
240100026_,UHH31-D048-250-100,10.0,True
240100027_,UHH31-D048-300-100,10.0,True
240100094_,UHH32-D048-300-100,10.0,True
240100106_,UHH31-D048-350-100,10.0,True
240100011_,UHH31-D048-450-100,10.0,True
240100012_,UHH31-D048-500-100,10.0,True
240100107_,UHH31-D076-300-100,5.0,True
240100013_,UHH31-D076-500-100,5.0,True
240100112_,UHH36-5-8-100,10.0,True
240100111_,UHH35-11-18-100,5.0,True
240100110_,UHH36-11-18-100,5.0,True
240100109_,UHH36-19-25-100,5.0,True
311101034_,74882,,False
240100095_,UHP31-20-100,10.0,True
240100096_,UHP31-25-100,5.0,True
240100097_,UHP31-30-100,5.0,True
240100209_,UHP31-40-100,5.0,True
251400143_,MKM11-N-12-54-Z,1.0,True
150101140_,MKM11-N-18-54-Z,1.0,True
251400144_,MKM11-N-24-54-Z,1.0,True
251400145_,MKM11-N-36-54-Z,1.0,True
251400146_,MKM11-N-48-54-Z,1.0,True
251400147_,MKM11-N-54-54-Z,1.0,True
251400148_,MKM11-N-72-54-Z,1.0,True
250200010_,MKM14-V-12-30-T,1.0,True
250200044_,MKM14-V-18-30-T,1.0,True
250200011_,MKM14-V-24-30-T,1.0,True
250200012_,MKM14-V-36-30-T,1.0,True
250200047_,MKM14-V-48-30-T,1.0,True
250200052_,MKM14-V-54-30-T,1.0,True
251000053_,MKM14-V-72-30-T,1.0,True
250200020_,MKM14-N-09-31-Z,1.0,True
250200014_,MKM14-N-12-31-Z,1.0,True
250200015_,MKM14-N-18-31-Z,1.0,True
250200016_,MKM14-N-24-31-Z,1.0,True
250200017_,MKM14-N-36-31-Z,1.0,True
250200018_,MKM14-N-48-31-Z,1.0,True
250200019_,MKM14-N-54-31-Z,1.0,True
250200077_,MKM14-N-72-31-Z,1.0,True
251400074_,TI5-50-V-012-31-7035,1.0,True
251400075_,TI5-50-V-024-31-7035,1.0,True
251400076_,TI5-50-V-036-31-7035,1.0,True
251400077_,TI5-50-V-048-31-7035,1.0,True
251400081_,TI5-50-V-2X024-31-7035,1.0,True
251400078_,TI5-50-V-060-31-7035,1.0,True
251400079_,TI5-50-V-072-31-7035,1.0,True
251400082_,TI5-50-V-2X036-31-7035,1.0,True
251400080_,TI5-50-V-084-31-7035,1.0,True
251400083_,TI5-50-V-2X048-31-7035,1.0,True
251400087_,TI5-50-V-3X036-31-7035,1.0,True
251400084_,TI5-50-V-2X060-31-7035,1.0,True
251400085_,TI5-50-V-2X072-31-7035,1.0,True
251400088_,TI5-50-V-3X048-31-7035,1.0,True
251400086_,TI5-50-V-2X084-31-7035,1.0,True
251400089_,TI5-50-V-3X060-31-7035,1.0,True
251400090_,TI5-50-V-3X072-31-7035,1.0,True
251400091_,TI5-50-V-3X084-31-7035,1.0,True
251400065_,TI5-50-N-012-54-7035,1.0,True
250600289_,TI5-50-N-024-54-7035,1.0,True
250600275_,TI5-50-N-036-54-7035,1.0,True
251400066_,TI5-50-N-048-54-7035,1.0,True
250600276_,TI5-50-N-2X024-54-7035,1.0,True
251400067_,TI5-50-N-060-54-7035,1.0,True
251400068_,TI5-50-N-072-54-7035,1.0,True
250600277_,TI5-50-N-2X036-54-7035,1.0,True
251400069_,TI5-50-N-084-54-7035,1.0,True
251400070_,TI5-50-N-2X048-54-7035,1.0,True
250600278_,TI5-50-N-2X060-54-7035,1.0,True
250600279_,TI5-50-N-2X072-54-7035,1.0,True
251400071_,TI5-50-N-2X084-54-7035,1.0,True
251400072_,TI5-50-N-3X060-54-7035,1.0,True
251400073_,TI5-50-N-3X072-54-7035,1.0,True
250200001_,YKM40-01-31,1.0,True
250200002_,YKM40-01-54,1.0,True
250200003_,YKM40-02-31,1.0,True
250200004_,YKM40-02-54,1.0,True
250200006_,YKM40-03-31,1.0,True
250200007_,YKM40-03-54,1.0,True
250200008_,YKM40-04-31,1.0,True
250200009_,YKM40-04-54,1.0,True
250200041_,YKM40-05-31,1.0,True
250200042_,YKM40-05-54,1.0,True
250200050_,YKM40-06-31,1.0,True
250200051_,YKM40-06-54,1.0,True
250200037_,YKM40-07-31,1.0,True
250200054_,YKM40-07-54,1.0,True
251400126_,TI5-10-N-100-060-020-66,1.0,True
251400127_,TI5-10-N-100-060-030-66,1.0,True
251400128_,TI5-10-N-100-060-040-66,1.0,True
251400129_,TI5-10-N-100-080-030-66,1.0,True
251400130_,TI5-10-N-120-060-020-66,1.0,True
251400131_,TI5-10-N-120-060-030-66,1.0,True
251400133_,TI5-10-N-120-080-030-66,1.0,True
251400134_,TI5-10-N-120-080-040-66,1.0,True
251400135_,TI5-10-N-140-060-030-66,1.0,True
251400136_,TI5-10-N-140-080-030-66,1.0,True
251400092_,TI5-10-N-030-030-015-66,1.0,True
251400093_,TI5-10-N-030-030-020-66,1.0,True
251400094_,TI5-10-N-030-040-015-66,1.0,True
251400095_,TI5-10-N-030-040-020-66,1.0,True
251400096_,TI5-10-N-040-030-015-66,1.0,True
250600290_,TI5-10-N-040-030-020-66,1.0,True
251400097_,TI5-10-N-040-040-015-66,1.0,True
251400098_,TI5-10-N-040-040-020-66,1.0,True
251400099_,TI5-10-N-040-040-025-66,1.0,True
251400100_,TI5-10-N-040-060-015-66,1.0,True
251400101_,TI5-10-N-040-060-020-66,1.0,True
251400102_,TI5-10-N-040-060-025-66,1.0,True
251400103_,TI5-10-N-050-030-015-66,1.0,True
251400104_,TI5-10-N-050-030-020-66,1.0,True
251400105_,TI5-10-N-050-040-015-66,1.0,True
251400106_,TI5-10-N-050-040-020-66,1.0,True
250600291_,TI5-10-N-050-040-025-66,1.0,True
251400107_,TI5-10-N-050-050-020-66,1.0,True
251400108_,TI5-10-N-050-050-030-66,1.0,True
251400109_,TI5-10-N-050-060-020-66,1.0,True
251400110_,TI5-10-N-050-060-030-66,1.0,True
251400111_,TI5-10-N-060-040-020-66,1.0,True
251400112_,TI5-10-N-060-040-025-66,1.0,True
251400114_,TI5-10-N-060-050-015-66,1.0,True
250600292_,TI5-10-N-060-050-020-66,1.0,True
251400115_,TI5-10-N-060-050-025-66,1.0,True
251400116_,TI5-10-N-060-060-025-66,1.0,True
251400117_,TI5-10-N-060-060-040-66,1.0,True
251400118_,TI5-10-N-070-050-020-66,1.0,True
251400119_,TI5-10-N-070-050-025-66,1.0,True
251400120_,TI5-10-N-080-060-020-66,1.0,True
250600293_,TI5-10-N-080-060-025-66,1.0,True
251400121_,TI5-10-N-080-060-030-66,1.0,True
251400123_,TI5-10-N-080-080-020-66,1.0,True
251400124_,TI5-10-N-080-080-030-66,1.0,True
250200032_,MKM51-N-03-54,1.0,True
250200031_,MKM51-N-01-54,1.0,True
250200060_,MKM51-N-04-54,1.0,True
250200061_,MKM51-N-09-54,1.0,True
250200025_,MKM25-N-12-31-ZO,1.0,True
250200026_,MKM35-N-12-31-ZO,1.0,True
250200027_,MKM35-N-30-1-31-ZO,1.0,True
250200028_,MKM35-N-48-31-ZO,1.0,True
250200078_,MKM42-03-31,1.0,True
250200005_,MKM42-04-31,1.0,True
290100110_,MKM42-06-1270-31,1.0,True
010700084_,YKM80-311-54,1.0,True
010700175_,YKM80-320-54,1.0,True
251400142_,KR5-KP13-V-24-41,1.0,True
251400140_,KR5-KP13-N-12-41,1.0,True
251400141_,KR5-KP13-N-24-41,1.0,True
251400045_,TFM-KP73-N-02-41-K01-K01,12.0,True
251400046_,TFM-KP73-N-04-41-K01-K01,12.0,True
251400047_,TFM-KP73-N-06-41-K01-K01,8.0,True
251400035_,TF5-KP13-V-12-41-K01-K01,1.0,True
251400036_,TF5-KP13-V-24-41-K01-K01,1.0,True
251400037_,TF5-KP13-V-36-41-K01-K01,1.0,True
251400038_,TF5-KP13-V-54-41-K01-K01,1.0,True
251400031_,TF5-KP13-N-08-41-K01-K01,1.0,True
251400032_,TF5-KP13-N-12-41-K01-K01,1.0,True
251400028_,TF5-KP13-N-24-41-K01-K01,1.0,True
251400029_,TF5-KP13-N-36-41-K01-K01,1.0,True
251400033_,TF5-KP13-N-54-41-K01-K01,1.0,True
251400039_,TF5-KP12-V-08-41-K01-K03,1.0,True
251400017_,TF5-KP12-V-12-41-K01-K03,1.0,True
251400019_,TF5-KP12-V-24-41-K01-K03,1.0,True
251400020_,TF5-KP12-V-36-41-K01-K03,1.0,True
251400030_,TF5-KP12-V-54-41-K01-K03,1.0,True
251400040_,TF5-KP12-N-08-41-K01-K03,1.0,True
251400041_,TF5-KP12-N-12-41-K01-K03,1.0,True
251400042_,TF5-KP12-N-24-41-K01-K03,1.0,True
251400043_,TF5-KP12-N-36-41-K01-K03,1.0,True
251400044_,TF5-KP12-N-54-41-K01-K03,1.0,True
251400062_,UIC-KP13-V-08-41-K01,8.0,True
251400063_,UIC-KP13-V-12-41-K01,8.0,True
251400064_,UIC-KP13-V-18-41-K01,4.0,True
251400057_,UIC-KP13-N-04-41-K01,8.0,True
251400058_,UIC-KP13-N-06-41-K01,8.0,True
251400059_,UIC-KP13-N-08-41-K01,8.0,True
251400060_,UIC-KP13-N-12-41-K01,8.0,True
251400061_,UIC-KP13-N-18-41-K01,4.0,True
251400053_,UIC-KP12-V-06-41-K01,8.0,True
251400054_,UIC-KP12-V-08-41-K01,8.0,True
251400055_,UIC-KP12-V-12-41-K01,8.0,True
251400056_,UIC-KP12-V-18-41-K01,4.0,True
251400048_,UIC-KP12-N-04-41-K01,8.0,True
251400049_,UIC-KP12-N-06-41-K01,8.0,True
251400050_,UIC-KP12-N-08-41-K01,8.0,True
251400051_,UIC-KP12-N-12-41-K01,8.0,True
251400052_,UIC-KP12-N-18-41-K01,4.0,True
250600020_,MKP12-V-04-40-20,20.0,True
250600005_,MKP12-V-06-40-20,20.0,True
250600006_,MKP12-V-08-40-20,20.0,True
250600001_,MKP12-V-12-40-10,10.0,True
250600002_,MKP12-V-18-40-10,10.0,True
250600003_,MKP12-V-24-40-10,10.0,True
250600004_,MKP12-V-36-40-05,5.0,True
250600021_,MKP12-N-04-40-20,20.0,True
250600010_,MKP12-N-06-40-20,20.0,True
250600011_,MKP12-N-08-40-20,20.0,True
250600007_,MKP12-N-12-40-10,10.0,True
250600008_,MKP12-N-18-40-10,10.0,True
250600009_,MKP12-N-24-40-10,10.0,True
250600012_,MKP12-N-36-40-05,5.0,True
250600129_,MKP93-N-403022-65,1.0,True
250600130_,MKP93-N-504024-65,1.0,True
250600131_,MKP93-N-604020-65,1.0,True
250600132_,MKP93-N-806026-65,1.0,True
250600187_,MKP93-N-352515-65,1.0,True
250600041_,MSP308-3-55,1.0,True
130200020_,YZK10-18-18-34,10.0,True
130200021_,YZK10-18-20-40,10.0,True
130200022_,YZK10-20-22-40,6.0,True
130200023_,YZK11-20-22-45,6.0,True
130200073_,YZK21-00,6.0,True
270300285_,YCE-FF-102-55,1.0,True
270300231_,YCE-FF-021-55,1.0,True
270300284_,YCE-FF-055-55,1.0,True
270300288_,YVR10-105-55,1.0,True
270300289_,YVR10-200-55,1.0,True
270300286_,YVR10-024-55,1.0,True
270300290_,YVR10-380-55,1.0,True
270300291_,YVR10-480-55,1.0,True
270300292_,YVR10-550-55,1.0,True
270300287_,YVR10-065-55,1.0,True
270300293_,YVR10-700-55,1.0,True
270300282_,YCE-EF-055-55,1.0,True
270300283_,YCE-EF-102-55,1.0,True
270300281_,YCE-EF-021-55,1.0,True
270300296_,YVR10D-EF-200-55,1.0,True
270300297_,YVR10D-EF-380-55,1.0,True
270300298_,YVR10D-EF-480-55,1.0,True
270300295_,YVR10D-EF-065-55,1.0,True
270300275_,YCE-RC-10-20,1.0,True
270300276_,YCE-RC-13-20,1.0,True
270300272_,YCE-HVL-300-20,1.0,True
270300273_,YCE-HVL-400-20,1.0,True
270300260_,YCE-HVL-100-20,1.0,True
270300221_,YCE-HGL-250-20,1.0,True
270300259_,YCE-HGL-400-20,1.0,True
270300224_,YCE-HG-100-20,1.0,True
270300244_,YCE-HG-150-20,1.0,True
270300261_,YCE-HG-015-20,1.0,True
270300262_,YCE-HG-030-20,1.0,True
270300263_,YCE-HG-045-20,1.0,True
270300212_,YCE-HG-060-20,1.0,True
270300264_,YCE-HG-075-20,1.0,True
270300267_,YCE-CSL-150-20,1.0,True
270300268_,YCE-CSL-250-20,1.0,True
270300269_,YCE-CSL-400-20,1.0,True
270300265_,YCE-CS-100-20,1.0,True
270300222_,YCE-CS-150-20,1.0,True
270300266_,YCE-CS-050-20,1.0,True
270300277_,YOB30-0800-20,1.0,True
270300278_,YOB30-0900-20,1.0,True
270300302_,YCE-MH-35-95,1.0,True
270300301_,YCE-EH-40-90,1.0,True
270300303_,YCE-HT-00-60-50-90,1.0,True
270300300_,YCE-DTNO-NO-60,1.0,True
270300299_,YCE-DTNO-NC-60,1.0,True
130600145_,YCE-TNC-00-60,10.0,True
130600154_,YCE-TNO-00-60,10.0,True
270300304_,YTT21-00-60-NO-NC,1.0,True
270300305_,YUK10-37-55,1.0,True
130300982_,IPA10-6-0100-E,1.0,True
130300962_,IPA10-6-0200-E,1.0,True
130301000_,IPA20-6-0200-E,1.0,True
130300985_,IPA10-6-0400-E,1.0,True
130300986_,IPA10-6-0600-E,1.0,True
130300963_,IPA10-6-1000-E,1.0,True
130301016_,IPV10-6-0500-E,1.0,True
130200430_,A2L5-VD10-10,1.0,True
130200441_,A2L5-DM10D-TL2-110-22,1.0,True
130200440_,A2L5-DM10D-MT1,1.0,True
130200431_,A2L5-DM11-01,1.0,True
130200435_,A2L5-DM15-01,1.0,True
130200432_,A2L5-DM11-02,1.0,True
130200433_,A2L5-DM12-03,1.0,True
130200434_,A2L5-DM13-03,1.0,True
114001010_,TMD-1S-182,1.0,True
130200185_,TMD-3L-830,1.0,True
130200184_,TMD-3L-838,1.0,True
114001002_,TMD-2B-830,1.0,True
130200442_,A2L5-IT11-01,1.0,True
130200443_,A2L5-IT12-02,1.0,True
130200444_,A2L5-ST14-02,1.0,True
130200445_,A2L5-ST14-03,1.0,True
130300546_,TKL10-D15-006,1.0,True
130300544_,TKL10-D4,1.0,True
130300147_,TKL20-010-035,1.0,True
130300545_,TKL10-D6,1.0,True
130300032_,TKL20-D05-006,1.0,True
130300033_,TKL20-006-016,1.0,True
130200436_,A2L5-CM11-01,1.0,True
130200437_,A2L5-CM13-01,1.0,True
130200439_,A2L5-CM14-01,1.0,True
130200438_,A2L5-CM13-02,1.0,True
200400034_,TCM-1S-266,1.0,True
130200183_,TCM-1C-266,1.0,True
130301257_,TFS10-1-10,1.0,True
130301258_,TFS10-3-06,1.0,True
130300293_,TFS-D3,,False
130300291_,TLK10-240,1.0,True
130301099_,TLK10-765,1.0,True
130300292_,TLK10-250,1.0,True
130300596_,TLK10-300,1.0,True
200400259_,TM1-B11V,1.0,True
200400264_,TM1-B11H,1.0,True
130300005_,TPR10,1.0,True
130300006_,TPR20,1.0,True
130200422_,A2L5-PC10-K4-160,1.0,True
130200423_,A2L5-PC10-K4-180,1.0,True
130200419_,A2L5-HC10-K4-180,1.0,True
130200424_,A2L5-PL10-K4-160,1.0,True
130200425_,A2L5-PL10-K4-180,1.0,True
130200426_,A2L5-PL10-K4-200,1.0,True
130200339_,TPL-2-160,,False
130200341_,TPL-3-180,1.0,True
130200420_,A2L5-LN10-K4-160,1.0,True
130200421_,A2L5-LN10-K4-200,1.0,True
130301096_,TKL10-001,1.0,True
130301097_,TKL10-004,1.0,True
130301098_,TKL10-015,1.0,True
130200417_,A2L5-BO10-08-K02,1.0,True
130200418_,A2L5-BP11-07-K02,1.0,True
130200416_,A2L5-BG30-05-K02,1.0,True
130200414_,A2L5-BG12-02-K02,1.0,True
130200415_,A2L5-BG12-03-K02,1.0,True
130200413_,A2L5-BG10-04-K02,1.0,True
151000774_,TIR10-1-008,1.0,True
280200252_,CS3-1C5EU,20.0,True
200400085_,LC1-C5E04-311,1.0,True
200400250_,LC3-C5E04-339,1.0,True
200400330_,LC1-C604-127-T-P-R,1.0,True
200400329_,LC1-C604-128-T-P-R,1.0,True
200400166_,LC3-C5E04-139,1.0,True
200400048_,LC1-C5E04-111,1.0,True
200400104_,LC1-C604-111,1.0,True
030201244_,BR-V23-0-10-K01,1.0,True
030201236_,BR-V23-0-10-K02,1.0,True
030201245_,BR-V23-0-10-K53,1.0,True
030201246_,BR-V23-0-10-K47,1.0,True
030201247_,BR-V23-0-10-K36,1.0,True
030201248_,BR-V23-0-10-K10,1.0,True
030201250_,BR-V23-0-10-K46,1.0,True
030201251_,BR-V23-0-10-K45,1.0,True
030201252_,BR-V23-0-10-K37,1.0,True
280301023_,ZKZ11-14-020-06,1.0,True
280301024_,ZKZ11-14-020-09,1.0,True
290100122_,WFP10-16-05-03-ZK-K02,5.0,True
290100146_,WFP10-16-05-03-ZK-K03,5.0,True
290100147_,WFP10-16-05-05-ZK-K02,5.0,True
290100148_,WFP10-16-05-05-ZK-K03,5.0,True
010300251_,KA-DP10-1-032,1.0,True
010300252_,KA-DP10-1-063,1.0,True
010300250_,KA-DP11-1-010-C,1.0,True
010300239_,KA-DP11-1-016-C,1.0,True
010300242_,KA-DP11-1-032-C,1.0,True
130500136_,MOP20-1-C,1.0,True
130300207_,MOP20-2-C,1.0,True
130500085_,MOP20-2-D,1.0,True
130500102_,MOP20-3-B,1.0,True
130500088_,MOP20-3-C,1.0,True
130500094_,MOP20-4-B,1.0,True
130500080_,MOP20-4-C,1.0,True
010400925_,IVC21-1-25,1.0,True
010400854_,IVC21-1-50,1.0,True
010400926_,IVC31-1-25,1.0,True
010400849_,IVC31-1-32,1.0,True
010400927_,IVC31-1-40,1.0,True
010400928_,IVC31-1-50,1.0,True
010400850_,IVC31-1-63,1.0,True
010400929_,IVR21-1-25,1.0,True
010400865_,IVR21-1-32,1.0,True
010400867_,IVR21-1-40,1.0,True
010400930_,IVR31-1-25,1.0,True
010400931_,IVR31-1-32,1.0,True
010400932_,IVR31-1-40,1.0,True
010400933_,IVR31-1-50,1.0,True
010400934_,IVR31-1-63,1.0,True
270400046_,MPR10-1-063,12.0,True
270400047_,MPR10-3-063,4.0,True
270400043_,MPR10-4-063,3.0,True
010400939_,KKV12-7141-1-64,1.0,True
010400940_,KKV12-P124-1-67,1.0,True
010400941_,KKV12-P125-1-67,1.0,True
010400942_,KKV12-P167-1-67,1.0,True
010400943_,KKV12-7124-1-64,1.0,True
010400944_,KKV12-7120-2-64,1.0,True
010400945_,KKV12-P104-2-67,1.0,True
010400946_,KKV12-P111-1-67,1.0,True
010400947_,KKV12-7310-2-64,1.0,True
010400948_,KKV12-7144-1-64,1.0,True
010400949_,KKV12-P108-1-67,1.0,True
010400950_,KKV12-7121-1-64,1.0,True
010400951_,KKV12-7140-2-64,1.0,True
010400952_,KKV12-P116-2-67,1.0,True
010400953_,KKV12-P122-1-67,1.0,True
010400954_,KKV12-P123-1-67,1.0,True
010400955_,KKV12-7311-2-64,1.0,True
010400956_,KKV12-P105-1-67,1.0,True
010400957_,KKV12-P115-2-67,1.0,True
010400958_,KKV12-7100-2-64,1.0,True
250600309_,TR5-11-N-030-20-13-65,1.0,True
250600310_,TR5-11-N-035-25-15-65,1.0,True
250600311_,TR5-11-N-040-30-17-65,1.0,True
250600312_,TR5-11-N-040-30-22-65,1.0,True
250600313_,TR5-11-N-050-40-18-65,1.0,True
250600314_,TR5-12-N-030-20-13-65,1.0,True
250600315_,TR5-12-N-035-25-15-65,1.0,True
250600316_,TR5-12-N-040-30-17-65,1.0,True
250600317_,TR5-12-N-040-30-22-65,1.0,True
250600318_,TR5-12-N-050-40-18-65,1.0,True
130200490_,A2L5-NS30-T2-13,1.0,True
130200491_,A2L5-NS50-T2-14,1.0,True
130200492_,A2L5-SC30-T2-ZS-10-080,1.0,True
130200493_,A2L5-SC30-T2-ZS-20-100,1.0,True
130200494_,A2L5-SC31-T2-HS-20-100,1.0,True
030201460_,TS-V16-0-10-55-K53,1.0,True
030201461_,TS-V20-0-10-55-K53,1.0,True
030201462_,TS-R16-16-55-K53,1.0,True
030201463_,TS-R26-16-55-G-K53,1.0,True
030201464_,TS-G10-6-55-V-K53,1.0,True
030201465_,TS-R26-16-55-V-K53,1.0,True
030201466_,TS-V22-0-10-55-K53,1.0,True
030201467_,TS-V10-0-10-55-K53,1.0,True
030201468_,TS-V14-0-10-55-K53,1.0,True
030201469_,TS-V16-0-10-55-k01,1.0,True
030201470_,TS-V20-0-10-55-k01,1.0,True
030201471_,TS-R16-16-55-k01,1.0,True
030201472_,TS-R26-16-55-G-k01,1.0,True
030201473_,TS-G10-6-55-V-k01,1.0,True
030201474_,TS-R26-16-55-V-k01,1.0,True
030201475_,TS-V22-0-10-55-k01,1.0,True
030201476_,TS-V10-0-10-55-k01,1.0,True
030201477_,TS-V14-0-10-55-k01,1.0,True
030201478_,TS-V16-0-10-55-k41,1.0,True
030201479_,TS-V20-0-10-55-k41,1.0,True
030201480_,TS-R16-16-55-k41,1.0,True
030201481_,TS-R26-16-55-G-k41,1.0,True
030201482_,TS-G10-6-55-V-k41,1.0,True
030201483_,TS-R26-16-55-V-k41,1.0,True
030201484_,TS-V22-0-10-55-k41,1.0,True
030201485_,TS-V10-0-10-55-k41,1.0,True
030201486_,TS-V14-0-10-55-k41,1.0,True
