source,row,column,product_code,issue,value
stock,689,L,250600087_,negative_quantity_preserved,-5
stock,689,R,250600087_,negative_quantity_preserved,-5
stock,689,AA,250600087_,negative_quantity_preserved,-2
stock,689,AE,250600087_,negative_quantity_preserved,-4
stock,1925,G,280100140_,negative_quantity_preserved,-1
sales,20,AB,010700031_,negative_quantity_preserved,-1
sales,52,R,280300229_,negative_quantity_preserved,-1
sales,112,AB,280300035_,negative_quantity_preserved,-57
sales,124,F,280300088_,negative_quantity_preserved,-3
sales,151,AA,030201067_,negative_quantity_preserved,-19
sales,173,K,030200848_,negative_quantity_preserved,-5
sales,173,R,030200848_,negative_quantity_preserved,-10
sales,174,L,030200847_,negative_quantity_preserved,-36
sales,175,R,030200855_,negative_quantity_preserved,-2
sales,176,S,030200864_,negative_quantity_preserved,-2
sales,177,R,030200865_,negative_quantity_preserved,-2
sales,178,P,030200863_,negative_quantity_preserved,-22
sales,178,R,030200863_,negative_quantity_preserved,-5
sales,179,K,030200866_,negative_quantity_preserved,-3
sales,179,R,030200866_,negative_quantity_preserved,-5
sales,180,K,030200856_,negative_quantity_preserved,-11
sales,180,R,030200856_,negative_quantity_preserved,-4
sales,182,AA,030201075_,negative_quantity_preserved,-4
sales,200,Y,030201106_,negative_quantity_preserved,-23
sales,204,K,030200850_,negative_quantity_preserved,-17
sales,204,R,030200850_,negative_quantity_preserved,-5
sales,206,K,030200857_,negative_quantity_preserved,-11
sales,207,S,030200894_,negative_quantity_preserved,-1
sales,208,Q,030200895_,negative_quantity_preserved,-2
sales,208,R,030200895_,negative_quantity_preserved,-4
sales,208,AC,030200895_,negative_quantity_preserved,-2
sales,209,K,030200893_,negative_quantity_preserved,-4
sales,209,M,030200893_,negative_quantity_preserved,-4
sales,209,R,030200893_,negative_quantity_preserved,-5
sales,210,K,030200896_,negative_quantity_preserved,-10
sales,210,R,030200896_,negative_quantity_preserved,-4
sales,211,K,030200858_,negative_quantity_preserved,-17
sales,211,R,030200858_,negative_quantity_preserved,-2
sales,213,AA,030201083_,negative_quantity_preserved,-1
sales,220,V,030201036_,negative_quantity_preserved,-1
sales,233,K,030200852_,negative_quantity_preserved,-10
sales,233,R,030200852_,negative_quantity_preserved,-3
sales,234,K,030200851_,negative_quantity_preserved,-3
sales,235,R,030200859_,negative_quantity_preserved,-4
sales,236,W,030200898_,negative_quantity_preserved,-2
sales,237,R,030200899_,negative_quantity_preserved,-3
sales,238,K,030200897_,negative_quantity_preserved,-3
sales,239,K,030200900_,negative_quantity_preserved,-10
sales,239,R,030200900_,negative_quantity_preserved,-3
sales,240,K,030200860_,negative_quantity_preserved,-6
sales,240,R,030200860_,negative_quantity_preserved,-4
sales,261,K,030200854_,negative_quantity_preserved,-5
sales,262,K,030200853_,negative_quantity_preserved,-1
sales,262,R,030200853_,negative_quantity_preserved,-1
sales,263,K,030200861_,negative_quantity_preserved,-3
sales,263,R,030200861_,negative_quantity_preserved,-2
sales,264,R,030200902_,negative_quantity_preserved,-2
sales,265,R,030200903_,negative_quantity_preserved,-3
sales,266,K,030200901_,negative_quantity_preserved,-2
sales,266,R,030200901_,negative_quantity_preserved,-3
sales,267,K,030200904_,negative_quantity_preserved,-5
sales,267,R,030200904_,negative_quantity_preserved,-3
sales,268,K,030200862_,negative_quantity_preserved,-4
sales,268,R,030200862_,negative_quantity_preserved,-3
sales,321,S,150101103_,negative_quantity_preserved,-5
sales,338,Y,010300096_,negative_quantity_preserved,-31
sales,357,AI,010300006_,negative_quantity_preserved,-4
sales,392,F,240100028_,negative_quantity_preserved,-69
sales,432,M,270300007_,negative_quantity_preserved,-1
sales,434,D,010700134_,negative_quantity_preserved,-1
sales,448,D,010700148_,negative_quantity_preserved,-1
sales,474,P,030200564_,negative_quantity_preserved,-7
sales,522,V,280300232_,negative_quantity_preserved,-3
sales,524,T,280300236_,negative_quantity_preserved,-3
sales,533,M,081100289_,negative_quantity_preserved,-1
sales,552,AG,280300741_,negative_quantity_preserved,-1
sales,563,X,010800062_,negative_quantity_preserved,-20
sales,613,U,130200423_,negative_quantity_preserved,-1
sales,690,I,010500103_,negative_quantity_preserved,-164
sales,699,O,010500046_,negative_quantity_preserved,-20
sales,713,C,010500034_,negative_quantity_preserved,-42
sales,738,L,270300288_,negative_quantity_preserved,-1
sales,756,AC,280200034_,negative_quantity_preserved,-2
sales,784,AE,030200777_,negative_quantity_preserved,-20
sales,785,Z,030200776_,negative_quantity_preserved,-1
sales,786,K,030200779_,negative_quantity_preserved,-9
sales,786,V,030200779_,negative_quantity_preserved,-18
sales,787,M,030200778_,negative_quantity_preserved,-2
sales,787,AE,030200778_,negative_quantity_preserved,-21
sales,803,M,030200412_,negative_quantity_preserved,-2
sales,803,AE,030200412_,negative_quantity_preserved,-6
sales,815,O,030200874_,negative_quantity_preserved,-10
sales,815,V,030200874_,negative_quantity_preserved,-20
sales,816,M,030200876_,negative_quantity_preserved,-2
sales,822,V,030200473_,negative_quantity_preserved,-6
sales,825,W,030200501_,negative_quantity_preserved,-14
sales,825,X,030200501_,negative_quantity_preserved,-18
sales,828,E,030200436_,negative_quantity_preserved,-9
sales,851,V,030200484_,negative_quantity_preserved,-11
sales,854,W,030200512_,negative_quantity_preserved,-6
sales,854,X,030200512_,negative_quantity_preserved,-6
sales,854,AE,030200512_,negative_quantity_preserved,-10
sales,856,H,030200498_,negative_quantity_preserved,-6
sales,856,AA,030200498_,negative_quantity_preserved,-39
sales,858,M,030200419_,negative_quantity_preserved,-16
sales,858,AC,030200419_,negative_quantity_preserved,-1
sales,858,AE,030200419_,negative_quantity_preserved,-10
sales,861,V,030200475_,negative_quantity_preserved,-2
sales,863,R,030200554_,negative_quantity_preserved,-1
sales,864,X,030200503_,negative_quantity_preserved,-19
sales,867,E,030200438_,negative_quantity_preserved,-3
sales,868,M,030200410_,negative_quantity_preserved,-35
sales,870,AD,030200741_,negative_quantity_preserved,-2
sales,873,K,030200743_,negative_quantity_preserved,-4
sales,873,L,030200743_,negative_quantity_preserved,-12
sales,874,L,030200740_,negative_quantity_preserved,-30
sales,875,W,030200841_,negative_quantity_preserved,-6
sales,881,F,030200970_,negative_quantity_preserved,-1
sales,881,U,030200970_,negative_quantity_preserved,-17
sales,928,D,151000691_,negative_quantity_preserved,-4
sales,965,J,030200891_,negative_quantity_preserved,-14
sales,967,M,030200892_,negative_quantity_preserved,-5
sales,990,AG,280200080_,negative_quantity_preserved,-36
sales,1001,W,030200886_,negative_quantity_preserved,-2
sales,1010,N,130200020_,negative_quantity_preserved,-1
sales,1011,P,130200021_,negative_quantity_preserved,-35
sales,1017,AI,130300608_,negative_quantity_preserved,-24
sales,1027,C,130500004_,negative_quantity_preserved,-6
sales,1045,AI,280100123_,negative_quantity_preserved,-28
sales,1077,G,CKK10-025-016-1-K34_,negative_quantity_preserved,-10
sales,1111,AA,270300151_,negative_quantity_preserved,-32
sales,1120,C,290200030_,negative_quantity_preserved,-1
sales,1144,Q,130900031_,negative_quantity_preserved,-4
sales,1147,R,130900009_,negative_quantity_preserved,-10
sales,1219,O,120100060_,negative_quantity_preserved,-1
sales,1226,N,120100088_,negative_quantity_preserved,-1
sales,1232,M,120100089_,negative_quantity_preserved,-1
sales,1238,AB,120100308_,negative_quantity_preserved,-1
sales,1280,AC,081100702_,negative_quantity_preserved,-5
sales,1282,N,081100705_,negative_quantity_preserved,-2
sales,1283,AE,081100707_,negative_quantity_preserved,-9
sales,1284,R,081100708_,negative_quantity_preserved,-3
sales,1287,U,081100712_,negative_quantity_preserved,-1
sales,1289,AB,081100711_,negative_quantity_preserved,-15
sales,1294,M,081100717_,negative_quantity_preserved,-2
sales,1299,K,081100722_,negative_quantity_preserved,-5
sales,1301,AE,081100642_,negative_quantity_preserved,-4
sales,1362,O,130301099_,negative_quantity_preserved,-1
sales,1448,Q,020100004_,negative_quantity_preserved,-4
sales,1448,Y,020100004_,negative_quantity_preserved,-9
sales,1451,S,020100007_,negative_quantity_preserved,-2
sales,1482,K,280200050_,negative_quantity_preserved,-1
sales,1490,AI,280200057_,negative_quantity_preserved,-7
sales,1500,W,280300056_,negative_quantity_preserved,-5
sales,1514,P,280100446_,negative_quantity_preserved,-4
sales,1520,AE,030200952_,negative_quantity_preserved,-7
sales,1593,X,030200559_,negative_quantity_preserved,-5
sales,1598,AC,030200468_,negative_quantity_preserved,-2
sales,1604,P,030200560_,negative_quantity_preserved,-10
sales,1610,AE,030200417_,negative_quantity_preserved,-20
sales,1615,P,030200561_,negative_quantity_preserved,-2
sales,1616,AE,030200510_,negative_quantity_preserved,-40
sales,1620,AE,030200418_,negative_quantity_preserved,-36
sales,1623,V,030200483_,negative_quantity_preserved,-52
sales,1626,X,030200511_,negative_quantity_preserved,-2
sales,1626,AE,030200511_,negative_quantity_preserved,-40
sales,1633,V,030200748_,negative_quantity_preserved,-54
sales,1634,X,030200789_,negative_quantity_preserved,-1
sales,1635,X,030200757_,negative_quantity_preserved,-10
sales,1636,AE,030200758_,negative_quantity_preserved,-14
sales,1640,AI,280100139_,negative_quantity_preserved,-6
sales,1649,AF,280300403_,negative_quantity_preserved,-9
sales,1656,X,280300402_,negative_quantity_preserved,-28
sales,1658,D,280300399_,negative_quantity_preserved,-4
sales,1672,E,130600125_,negative_quantity_preserved,-1
sales,1700,Z,010400934_,negative_quantity_preserved,-1
sales,1717,AC,130600027_,negative_quantity_preserved,-1
sales,1735,J,030200879_,negative_quantity_preserved,-9
sales,1743,V,030200542_,negative_quantity_preserved,-39
sales,1743,W,030200542_,negative_quantity_preserved,-18
sales,1749,AG,030201022_,negative_quantity_preserved,-12
sales,1751,R,030200565_,negative_quantity_preserved,-34
sales,1752,R,030200931_,negative_quantity_preserved,-2
sales,1754,O,030200782_,negative_quantity_preserved,-113
sales,1754,AF,030200782_,negative_quantity_preserved,-15
sales,1755,V,030200785_,negative_quantity_preserved,-4
sales,1756,AF,030200989_,negative_quantity_preserved,-14
sales,1759,V,030200520_,negative_quantity_preserved,-1
sales,1780,L,030200479_,negative_quantity_preserved,-25
sales,1797,AA,030200462_,negative_quantity_preserved,-4
sales,1798,M,030200746_,negative_quantity_preserved,-10
sales,1801,Q,030200742_,negative_quantity_preserved,-2
sales,1802,J,030200745_,negative_quantity_preserved,-10
sales,1804,O,030200917_,negative_quantity_preserved,-1
sales,1805,Y,030200918_,negative_quantity_preserved,-2
sales,1807,F,030200568_,negative_quantity_preserved,-1
sales,1815,X,030200527_,negative_quantity_preserved,-5
sales,1829,P,030200555_,negative_quantity_preserved,-2
sales,1829,R,030200555_,negative_quantity_preserved,-1
sales,1830,X,030200504_,negative_quantity_preserved,-4
sales,1834,N,030200990_,negative_quantity_preserved,-7
sales,1859,K,030200925_,negative_quantity_preserved,-1
sales,1859,V,030200925_,negative_quantity_preserved,-37
sales,1860,X,030200924_,negative_quantity_preserved,-12
sales,1861,H,030200926_,negative_quantity_preserved,-100
sales,1871,G,ярп40255,negative_quantity_preserved,-14
sales,1871,P,ярп40255,negative_quantity_preserved,-3
sales,1873,K,030200875_,negative_quantity_preserved,-11
sales,1873,V,030200875_,negative_quantity_preserved,-14
sales,1904,L,081100769_,negative_quantity_preserved,-11
sales,1904,AI,081100769_,negative_quantity_preserved,-1
sales,1905,AA,081100749_,negative_quantity_preserved,-2
sales,1907,G,081100750_,negative_quantity_preserved,-8
sales,1911,N,150101182_,negative_quantity_preserved,-1
sales,1937,O,150101179_,negative_quantity_preserved,-1
sales,1948,W,080800136_,negative_quantity_preserved,-2
sales,1951,W,080800129_,negative_quantity_preserved,-1
sales,1962,H,030200885_,negative_quantity_preserved,-91
sales,1971,K,130300090_,negative_quantity_preserved,-1
sales,1981,T,280100137_,negative_quantity_preserved,-12
sales,1993,AF,280100398_,negative_quantity_preserved,-60
sales,2002,N,011100354_,negative_quantity_preserved,-1
sales,2015,Q,020100019_,negative_quantity_preserved,-4
sales,2018,C,020100022_,negative_quantity_preserved,-1
sales,2039,AI,280200073_,negative_quantity_preserved,-4
sales,2073,AG,030200956_,negative_quantity_preserved,-3
sales,2079,V,130200444_,negative_quantity_preserved,-1
sales,2093,P,ст-9949056,negative_quantity_preserved,-6
sales,2097,O,270300132_,negative_quantity_preserved,-9
sales,2098,Q,270300113_,negative_quantity_preserved,-3
sales,2157,K,010700170_,negative_quantity_preserved,-4
sales,2162,P,010700162_,negative_quantity_preserved,-1
sales,2163,AG,010700163_,negative_quantity_preserved,-3
sales,2164,K,010700164_,negative_quantity_preserved,-2
sales,2180,AH,270300305_,negative_quantity_preserved,-1
sales,2189,E,270300295_,negative_quantity_preserved,-10
sales,2206,D,130200136_,negative_quantity_preserved,-5
sales,2218,I,130200120_,negative_quantity_preserved,-32
sales,2334,D,250600181_,negative_quantity_preserved,-16
sales,2355,X,250600185_,negative_quantity_preserved,-1
sales,2359,T,250600287_,negative_quantity_preserved,-1
sales,2361,G,250600186_,negative_quantity_preserved,-3
sales,2395,F,280300589_,negative_quantity_preserved,-14
sales,2445,AD,250200023_,negative_quantity_preserved,-1
sales,2456,M,250200005_,negative_quantity_preserved,-1
sales,2462,Y,270300253_,negative_quantity_preserved,-1
