sku,source_as_of,free_stock_raw,quantity_status,warehouse,warehouse_confirmed,unit_conversion_confirmed
300200428_,2026-09-22,1118.0,observed,,False,False
300200442_,2026-09-22,0.0,observed,,False,False
ATN000330,2026-09-22,0.0,observed,,False,False
300200430_,2026-09-22,76.0,observed,,False,False
300200588_,2026-09-22,260.0,observed,,False,False
300200443_,2026-09-22,64.0,observed,,False,False
300200432_,2026-09-22,89.0,observed,,False,False
300200589_,2026-09-22,92.0,observed,,False,False
300200444_,2026-09-22,40.0,observed,,False,False
300200449_,2026-09-22,53.0,observed,,False,False
300200433_,2026-09-22,78.0,observed,,False,False
300200439_,2026-09-22,40.0,observed,,False,False
300200451_,2026-09-22,7.0,observed,,False,False
300200448_,2026-09-22,85.0,observed,,False,False
300200774_,2026-09-22,74.0,observed,,False,False
300200436_,2026-09-22,176.0,observed,,False,False
300200431_,2026-09-22,56.0,observed,,False,False
300200452_,2026-09-22,8.0,observed,,False,False
300200434_,2026-09-22,37.0,observed,,False,False
300200429_,2026-09-22,46.0,observed,,False,False
300200632_,2026-09-22,119.0,observed,,False,False
300200441_,2026-09-22,18.0,observed,,False,False
300200450_,2026-09-22,92.0,observed,,False,False
300200435_,2026-09-22,652.0,observed,,False,False
300200437_,2026-09-22,155.0,observed,,False,False
300200438_,2026-09-22,123.0,observed,,False,False
300200440_,2026-09-22,58.0,observed,,False,False
300200445_,2026-09-22,73.0,observed,,False,False
300200446_,2026-09-22,115.0,observed,,False,False
300200474_,2026-09-22,27.0,observed,,False,False
300200627_,2026-09-22,9.0,observed,,False,False
300200564_,2026-09-22,151.0,observed,,False,False
300200565_,2026-09-22,50.0,observed,,False,False
300200590_,2026-09-22,68.0,observed,,False,False
300200566_,2026-09-22,73.0,observed,,False,False
300200567_,2026-09-22,82.0,observed,,False,False
300200591_,2026-09-22,24.0,observed,,False,False
300200568_,2026-09-22,64.0,observed,,False,False
300200569_,2026-09-22,40.0,observed,,False,False
300200570_,2026-09-22,10.0,observed,,False,False
300200571_,2026-09-22,16.0,observed,,False,False
300200572_,2026-09-22,6.0,observed,,False,False
300200573_,2026-09-22,51.0,observed,,False,False
300200574_,2026-09-22,108.0,observed,,False,False
300200575_,2026-09-22,18.0,observed,,False,False
300200511_,2026-09-22,6.0,observed,,False,False
300200578_,2026-09-22,179.0,observed,,False,False
300200576_,2026-09-22,45.0,observed,,False,False
300200776_,2026-09-22,130.0,observed,,False,False
300200577_,2026-09-22,37.0,observed,,False,False
300200579_,2026-09-22,158.0,observed,,False,False
300200580_,2026-09-22,4.0,observed,,False,False
300200581_,2026-09-22,10.0,observed,,False,False
300200582_,2026-09-22,13.0,observed,,False,False
300200583_,2026-09-22,40.0,observed,,False,False
300200584_,2026-09-22,46.0,observed,,False,False
300200369_,2026-09-22,3.0,observed,,False,False
300200371_,2026-09-22,94.0,observed,,False,False
300200362_,2026-09-22,44.0,observed,,False,False
300200420_,2026-09-22,16.0,observed,,False,False
300200375_,2026-09-22,56.0,observed,,False,False
300200422_,2026-09-22,15.0,observed,,False,False
300200363_,2026-09-22,35.0,observed,,False,False
300200368_,2026-09-22,32.0,observed,,False,False
300200367_,2026-09-22,2.0,observed,,False,False
300200426_,2026-09-22,23.0,observed,,False,False
300200424_,2026-09-22,65.0,observed,,False,False
300200372_,2026-09-22,73.0,observed,,False,False
300200373_,2026-09-22,49.0,observed,,False,False
300200427_,2026-09-22,20.0,observed,,False,False
300200418_,2026-09-22,22.0,observed,,False,False
300200365_,2026-09-22,318.0,observed,,False,False
300200364_,2026-09-22,75.0,observed,,False,False
300200374_,2026-09-22,71.0,observed,,False,False
300200370_,2026-09-22,44.0,observed,,False,False
300200425_,2026-09-22,27.0,observed,,False,False
300200376_,2026-09-22,269.0,observed,,False,False
300200377_,2026-09-22,100.0,observed,,False,False
300200378_,2026-09-22,29.0,observed,,False,False
300200379_,2026-09-22,20.0,observed,,False,False
300200380_,2026-09-22,24.0,observed,,False,False
300200421_,2026-09-22,37.0,observed,,False,False
300200366_,2026-09-22,99.0,observed,,False,False
ATN000446,2026-09-22,16.0,observed,,False,False
300200718_,2026-09-22,599.0,observed,,False,False
300200719_,2026-09-22,61.0,observed,,False,False
300200720_,2026-09-22,3.0,observed,,False,False
300200721_,2026-09-22,9.0,observed,,False,False
300200722_,2026-09-22,8.0,observed,,False,False
300200777_,2026-09-22,71.0,observed,,False,False
300200723_,2026-09-22,6.0,observed,,False,False
300200724_,2026-09-22,7.0,observed,,False,False
300200725_,2026-09-22,32.0,observed,,False,False
300200726_,2026-09-22,66.0,observed,,False,False
300200727_,2026-09-22,5.0,observed,,False,False
300200728_,2026-09-22,13.0,observed,,False,False
300200729_,2026-09-22,58.0,observed,,False,False
300200730_,2026-09-22,65.0,observed,,False,False
300200731_,2026-09-22,6.0,observed,,False,False
300200732_,2026-09-22,0.0,observed,,False,False
300200778_,2026-09-22,71.0,observed,,False,False
300200733_,2026-09-22,13.0,observed,,False,False
300200734_,2026-09-22,3.0,observed,,False,False
300200735_,2026-09-22,523.0,observed,,False,False
300200736_,2026-09-22,189.0,observed,,False,False
300200737_,2026-09-22,67.0,observed,,False,False
300200738_,2026-09-22,29.0,observed,,False,False
300200739_,2026-09-22,4.0,observed,,False,False
300200740_,2026-09-22,35.0,observed,,False,False
300200741_,2026-09-22,103.0,observed,,False,False
300200520_,2026-09-22,461.0,observed,,False,False
300200521_,2026-09-22,30.0,observed,,False,False
300200594_,2026-09-22,81.0,observed,,False,False
300200522_,2026-09-22,9.0,observed,,False,False
300200523_,2026-09-22,48.0,observed,,False,False
300200524_,2026-09-22,2.0,observed,,False,False
300200525_,2026-09-22,39.0,observed,,False,False
300200526_,2026-09-22,42.0,observed,,False,False
300200527_,2026-09-22,275.0,observed,,False,False
300200528_,2026-09-22,27.0,observed,,False,False
300200529_,2026-09-22,68.0,observed,,False,False
300200530_,2026-09-22,27.0,observed,,False,False
300200531_,2026-09-22,8.0,observed,,False,False
300200532_,2026-09-22,8.0,observed,,False,False
300200533_,2026-09-22,24.0,observed,,False,False
300200534_,2026-09-22,6.0,observed,,False,False
300200535_,2026-09-22,4.0,observed,,False,False
300200536_,2026-09-22,237.0,observed,,False,False
300200537_,2026-09-22,108.0,observed,,False,False
300200538_,2026-09-22,28.0,observed,,False,False
300200539_,2026-09-22,61.0,observed,,False,False
300200540_,2026-09-22,74.0,observed,,False,False
300200541_,2026-09-22,60.0,observed,,False,False
300200595_,2026-09-22,350.0,observed,,False,False
300200623_,2026-09-22,156.0,observed,,False,False
300200622_,2026-09-22,57.0,observed,,False,False
300200542_,2026-09-22,1726.0,observed,,False,False
300200624_,2026-09-22,45.0,observed,,False,False
300200704_,2026-09-22,235.0,observed,,False,False
300200543_,2026-09-22,135.0,observed,,False,False
300200544_,2026-09-22,0.0,observed,,False,False
300200545_,2026-09-22,84.0,observed,,False,False
300200593_,2026-09-22,230.0,observed,,False,False
300200546_,2026-09-22,0.0,observed,,False,False
300200547_,2026-09-22,15.0,observed,,False,False
300200548_,2026-09-22,65.0,observed,,False,False
300200549_,2026-09-22,63.0,observed,,False,False
300200550_,2026-09-22,12.0,observed,,False,False
300200551_,2026-09-22,20.0,observed,,False,False
300200773_,2026-09-22,17.0,observed,,False,False
300200552_,2026-09-22,114.0,observed,,False,False
300200553_,2026-09-22,86.0,observed,,False,False
300200554_,2026-09-22,7.0,observed,,False,False
300200555_,2026-09-22,31.0,observed,,False,False
300200556_,2026-09-22,40.0,observed,,False,False
300200557_,2026-09-22,2.0,observed,,False,False
300200558_,2026-09-22,762.0,observed,,False,False
300200559_,2026-09-22,611.0,observed,,False,False
300200560_,2026-09-22,158.0,observed,,False,False
300200561_,2026-09-22,64.0,observed,,False,False
300200562_,2026-09-22,73.0,observed,,False,False
300200563_,2026-09-22,80.0,observed,,False,False
300200965_,2026-09-22,11.0,observed,,False,False
300200966_,2026-09-22,8.0,observed,,False,False
300200963_,2026-09-22,2.0,observed,,False,False
ATN000539,2026-09-22,0.0,observed,,False,False
300200592_,2026-09-22,207.0,observed,,False,False
300200331_,2026-09-22,3087.0,observed,,False,False
300200296_,2026-09-22,1090.0,observed,,False,False
300200283_,2026-09-22,134.0,observed,,False,False
300200302_,2026-09-22,449.0,observed,,False,False
300200333_,2026-09-22,1054.0,observed,,False,False
300200288_,2026-09-22,63.0,observed,,False,False
300200284_,2026-09-22,126.0,observed,,False,False
300200767_,2026-09-22,4.0,observed,,False,False
300200293_,2026-09-22,246.0,observed,,False,False
300200289_,2026-09-22,308.0,observed,,False,False
300200290_,2026-09-22,14.0,observed,,False,False
300200291_,2026-09-22,50.0,observed,,False,False
300200297_,2026-09-22,1009.0,observed,,False,False
300200298_,2026-09-22,2668.0,observed,,False,False
300200299_,2026-09-22,118.0,observed,,False,False
300200294_,2026-09-22,60.0,observed,,False,False
300200286_,2026-09-22,13536.0,observed,,False,False
300200332_,2026-09-22,1257.0,observed,,False,False
300200301_,2026-09-22,930.0,observed,,False,False
300200287_,2026-09-22,40.0,observed,,False,False
300200700_,2026-09-22,86.0,observed,,False,False
300200295_,2026-09-22,333.0,observed,,False,False
300200292_,2026-09-22,16.0,observed,,False,False
300200300_,2026-09-22,17.0,observed,,False,False
300200312_,2026-09-22,6.0,observed,,False,False
300200303_,2026-09-22,9434.0,observed,,False,False
300200304_,2026-09-22,2985.0,observed,,False,False
300200305_,2026-09-22,1385.0,observed,,False,False
300200306_,2026-09-22,247.0,observed,,False,False
300200307_,2026-09-22,86.0,observed,,False,False
300200310_,2026-09-22,54.0,observed,,False,False
300200586_,2026-09-22,6.0,observed,,False,False
300200311_,2026-09-22,86.0,observed,,False,False
300200308_,2026-09-22,60.0,observed,,False,False
300200309_,2026-09-22,33.0,observed,,False,False
300200498_,2026-09-22,217.0,observed,,False,False
ATN000108,2026-09-22,0.0,observed,,False,False
ATN000109,2026-09-22,7.0,observed,,False,False
300200771_,2026-09-22,32.0,observed,,False,False
300200959_,2026-09-22,46.0,observed,,False,False
300200496_,2026-09-22,54.0,observed,,False,False
300200961_,2026-09-22,10.0,observed,,False,False
300200343_,2026-09-22,3875.0,observed,,False,False
020100163_,2026-09-22,286.0,observed,,False,False
300200459_,2026-09-22,184.0,observed,,False,False
020100158_,2026-09-22,489.0,observed,,False,False
020100159_,2026-09-22,68.0,observed,,False,False
300200460_,2026-09-22,84.0,observed,,False,False
020100160_,2026-09-22,320.0,observed,,False,False
020100161_,2026-09-22,17.0,observed,,False,False
300200461_,2026-09-22,26.0,observed,,False,False
300200472_,2026-09-22,158.0,observed,,False,False
300200462_,2026-09-22,111.0,observed,,False,False
300200517_,2026-09-22,20.0,observed,,False,False
020100162_,2026-09-22,34.0,observed,,False,False
300200772_,2026-09-22,136.0,observed,,False,False
300200468_,2026-09-22,162.0,observed,,False,False
300200515_,2026-09-22,113.0,observed,,False,False
300200518_,2026-09-22,32.0,observed,,False,False
300200516_,2026-09-22,231.0,observed,,False,False
300200335_,2026-09-22,40.0,observed,,False,False
300200471_,2026-09-22,113.0,observed,,False,False
300200470_,2026-09-22,29.0,observed,,False,False
300200463_,2026-09-22,1397.0,observed,,False,False
300200464_,2026-09-22,887.0,observed,,False,False
300200465_,2026-09-22,457.0,observed,,False,False
300200466_,2026-09-22,298.0,observed,,False,False
300200467_,2026-09-22,36.0,observed,,False,False
300200519_,2026-09-22,54.0,observed,,False,False
300200775_,2026-09-22,12.0,observed,,False,False
300200781_,2026-09-22,14.0,observed,,False,False
300200780_,2026-09-22,63.0,observed,,False,False
300200779_,2026-09-22,50.0,observed,,False,False
300200782_,2026-09-22,167.0,observed,,False,False
300200783_,2026-09-22,13.0,observed,,False,False
300200964_,2026-09-22,17.0,observed,,False,False
030200375_,2026-09-22,35.0,observed,,False,False
300200962_,2026-09-22,4.0,observed,,False,False
300200749_,2026-09-22,77.0,observed,,False,False
300200750_,2026-09-22,34.0,observed,,False,False
300200751_,2026-09-22,245.0,observed,,False,False
300200752_,2026-09-22,49.0,observed,,False,False
300200753_,2026-09-22,70.0,observed,,False,False
300200754_,2026-09-22,6.0,observed,,False,False
300200755_,2026-09-22,33.0,observed,,False,False
300200742_,2026-09-22,188.0,observed,,False,False
300200743_,2026-09-22,33.0,observed,,False,False
300200744_,2026-09-22,241.0,observed,,False,False
300200745_,2026-09-22,23.0,observed,,False,False
300200746_,2026-09-22,168.0,observed,,False,False
300200747_,2026-09-22,0.0,observed,,False,False
300200748_,2026-09-22,11.0,observed,,False,False
300200784_,2026-09-22,57.0,observed,,False,False
300200785_,2026-09-22,150.0,observed,,False,False
300200786_,2026-09-22,164.0,observed,,False,False
300200787_,2026-09-22,156.0,observed,,False,False
300200788_,2026-09-22,142.0,observed,,False,False
300200789_,2026-09-22,49.0,observed,,False,False
300200790_,2026-09-22,42.0,observed,,False,False
300200791_,2026-09-22,91.0,observed,,False,False
300200792_,2026-09-22,2.0,observed,,False,False
300200793_,2026-09-22,100.0,observed,,False,False
300200794_,2026-09-22,101.0,observed,,False,False
300200795_,2026-09-22,211.0,observed,,False,False
300200796_,2026-09-22,114.0,observed,,False,False
300200797_,2026-09-22,99.0,observed,,False,False
300200798_,2026-09-22,71.0,observed,,False,False
300200799_,2026-09-22,120.0,observed,,False,False
300200800_,2026-09-22,78.0,observed,,False,False
300200801_,2026-09-22,49.0,observed,,False,False
300200802_,2026-09-22,127.0,observed,,False,False
300200803_,2026-09-22,72.0,observed,,False,False
300200804_,2026-09-22,59.0,observed,,False,False
300200805_,2026-09-22,49.0,observed,,False,False
300200806_,2026-09-22,55.0,observed,,False,False
300200807_,2026-09-22,10.0,observed,,False,False
300200808_,2026-09-22,14.0,observed,,False,False
300200809_,2026-09-22,34.0,observed,,False,False
300200933_,2026-09-22,281.0,observed,,False,False
300200934_,2026-09-22,75.0,observed,,False,False
300200935_,2026-09-22,57.0,observed,,False,False
300200936_,2026-09-22,50.0,observed,,False,False
300200937_,2026-09-22,69.0,observed,,False,False
300200938_,2026-09-22,70.0,observed,,False,False
300200939_,2026-09-22,33.0,observed,,False,False
300200940_,2026-09-22,24.0,observed,,False,False
300200941_,2026-09-22,6.0,observed,,False,False
300200942_,2026-09-22,77.0,observed,,False,False
300200943_,2026-09-22,15.0,observed,,False,False
300200944_,2026-09-22,56.0,observed,,False,False
300200945_,2026-09-22,165.0,observed,,False,False
300200946_,2026-09-22,91.0,observed,,False,False
300200947_,2026-09-22,25.0,observed,,False,False
300200948_,2026-09-22,17.0,observed,,False,False
300200949_,2026-09-22,41.0,observed,,False,False
300200950_,2026-09-22,29.0,observed,,False,False
300200951_,2026-09-22,3.0,observed,,False,False
300200952_,2026-09-22,27.0,observed,,False,False
300200953_,2026-09-22,10.0,observed,,False,False
300200954_,2026-09-22,20.0,observed,,False,False
300200955_,2026-09-22,15.0,observed,,False,False
300200833_,2026-09-22,686.0,observed,,False,False
300200834_,2026-09-22,100.0,observed,,False,False
300200835_,2026-09-22,147.0,observed,,False,False
300200836_,2026-09-22,102.0,observed,,False,False
300200837_,2026-09-22,4.0,observed,,False,False
300200838_,2026-09-22,33.0,observed,,False,False
300200839_,2026-09-22,85.0,observed,,False,False
300200840_,2026-09-22,153.0,observed,,False,False
300200841_,2026-09-22,24.0,observed,,False,False
300200842_,2026-09-22,558.0,observed,,False,False
300200843_,2026-09-22,386.0,observed,,False,False
300200844_,2026-09-22,65.0,observed,,False,False
300200845_,2026-09-22,205.0,observed,,False,False
300200846_,2026-09-22,1202.0,observed,,False,False
300200847_,2026-09-22,493.0,observed,,False,False
300200848_,2026-09-22,281.0,observed,,False,False
300200849_,2026-09-22,104.0,observed,,False,False
300200850_,2026-09-22,150.0,observed,,False,False
300200851_,2026-09-22,9.0,observed,,False,False
300200852_,2026-09-22,96.0,observed,,False,False
300200853_,2026-09-22,16.0,observed,,False,False
300200854_,2026-09-22,119.0,observed,,False,False
300200855_,2026-09-22,7.0,observed,,False,False
300200882_,2026-09-22,40.0,observed,,False,False
300200883_,2026-09-22,82.0,observed,,False,False
300200884_,2026-09-22,32.0,observed,,False,False
300200885_,2026-09-22,40.0,observed,,False,False
300200886_,2026-09-22,46.0,observed,,False,False
300200856_,2026-09-22,297.0,observed,,False,False
300200857_,2026-09-22,90.0,observed,,False,False
300200858_,2026-09-22,95.0,observed,,False,False
300200859_,2026-09-22,113.0,observed,,False,False
300200860_,2026-09-22,121.0,observed,,False,False
300200861_,2026-09-22,41.0,observed,,False,False
300200862_,2026-09-22,57.0,observed,,False,False
300200863_,2026-09-22,89.0,observed,,False,False
300200864_,2026-09-22,44.0,observed,,False,False
300200865_,2026-09-22,48.0,observed,,False,False
300200866_,2026-09-22,97.0,observed,,False,False
300200867_,2026-09-22,41.0,observed,,False,False
300200868_,2026-09-22,289.0,observed,,False,False
300200869_,2026-09-22,76.0,observed,,False,False
300200870_,2026-09-22,33.0,observed,,False,False
300200871_,2026-09-22,36.0,observed,,False,False
300200872_,2026-09-22,123.0,observed,,False,False
300200873_,2026-09-22,28.0,observed,,False,False
300200874_,2026-09-22,8.0,observed,,False,False
300200875_,2026-09-22,72.0,observed,,False,False
300200876_,2026-09-22,141.0,observed,,False,False
300200877_,2026-09-22,36.0,observed,,False,False
300200878_,2026-09-22,10.0,observed,,False,False
300200879_,2026-09-22,56.0,observed,,False,False
300200880_,2026-09-22,72.0,observed,,False,False
300200881_,2026-09-22,3.0,observed,,False,False
300200910_,2026-09-22,152.0,observed,,False,False
300200911_,2026-09-22,44.0,observed,,False,False
300200912_,2026-09-22,34.0,observed,,False,False
300200913_,2026-09-22,99.0,observed,,False,False
300200914_,2026-09-22,54.0,observed,,False,False
300200915_,2026-09-22,108.0,observed,,False,False
300200916_,2026-09-22,27.0,observed,,False,False
300200917_,2026-09-22,47.0,observed,,False,False
300200918_,2026-09-22,64.0,observed,,False,False
300200919_,2026-09-22,4.0,observed,,False,False
300200920_,2026-09-22,49.0,observed,,False,False
300200921_,2026-09-22,97.0,observed,,False,False
300200922_,2026-09-22,52.0,observed,,False,False
300200923_,2026-09-22,36.0,observed,,False,False
300200924_,2026-09-22,26.0,observed,,False,False
300200925_,2026-09-22,79.0,observed,,False,False
300200926_,2026-09-22,8.0,observed,,False,False
300200927_,2026-09-22,18.0,observed,,False,False
300200928_,2026-09-22,28.0,observed,,False,False
300200929_,2026-09-22,43.0,observed,,False,False
300200930_,2026-09-22,17.0,observed,,False,False
300200931_,2026-09-22,5.0,observed,,False,False
300200932_,2026-09-22,72.0,observed,,False,False
300200887_,2026-09-22,158.0,observed,,False,False
300200888_,2026-09-22,36.0,observed,,False,False
300200889_,2026-09-22,40.0,observed,,False,False
300200890_,2026-09-22,22.0,observed,,False,False
300200891_,2026-09-22,36.0,observed,,False,False
300200892_,2026-09-22,21.0,observed,,False,False
300200893_,2026-09-22,24.0,observed,,False,False
300200894_,2026-09-22,13.0,observed,,False,False
300200895_,2026-09-22,13.0,observed,,False,False
300200896_,2026-09-22,28.0,observed,,False,False
300200897_,2026-09-22,62.0,observed,,False,False
300200898_,2026-09-22,88.0,observed,,False,False
300200899_,2026-09-22,47.0,observed,,False,False
300200900_,2026-09-22,30.0,observed,,False,False
300200901_,2026-09-22,27.0,observed,,False,False
300200902_,2026-09-22,61.0,observed,,False,False
300200903_,2026-09-22,43.0,observed,,False,False
300200904_,2026-09-22,45.0,observed,,False,False
300200905_,2026-09-22,35.0,observed,,False,False
300200906_,2026-09-22,47.0,observed,,False,False
300200907_,2026-09-22,12.0,observed,,False,False
300200908_,2026-09-22,3.0,observed,,False,False
300200909_,2026-09-22,43.0,observed,,False,False
300200810_,2026-09-22,417.0,observed,,False,False
300200811_,2026-09-22,18.0,observed,,False,False
300200812_,2026-09-22,101.0,observed,,False,False
300200813_,2026-09-22,158.0,observed,,False,False
300200814_,2026-09-22,61.0,observed,,False,False
300200815_,2026-09-22,102.0,observed,,False,False
300200816_,2026-09-22,61.0,observed,,False,False
300200817_,2026-09-22,67.0,observed,,False,False
300200818_,2026-09-22,77.0,observed,,False,False
300200819_,2026-09-22,10.0,observed,,False,False
300200820_,2026-09-22,43.0,observed,,False,False
300200821_,2026-09-22,158.0,observed,,False,False
300200822_,2026-09-22,83.0,observed,,False,False
300200823_,2026-09-22,44.0,observed,,False,False
300200824_,2026-09-22,21.0,observed,,False,False
300200825_,2026-09-22,69.0,observed,,False,False
300200826_,2026-09-22,35.0,observed,,False,False
300200827_,2026-09-22,48.0,observed,,False,False
300200828_,2026-09-22,28.0,observed,,False,False
300200829_,2026-09-22,178.0,observed,,False,False
300200830_,2026-09-22,2.0,observed,,False,False
300200831_,2026-09-22,4.0,observed,,False,False
300200832_,2026-09-22,79.0,observed,,False,False
300201148_,2026-09-22,315.0,observed,,False,False
300201149_,2026-09-22,39.0,observed,,False,False
300201150_,2026-09-22,18.0,observed,,False,False
300201151_,2026-09-22,72.0,observed,,False,False
300201152_,2026-09-22,29.0,observed,,False,False
300201153_,2026-09-22,218.0,observed,,False,False
300201154_,2026-09-22,69.0,observed,,False,False
300201155_,2026-09-22,469.0,observed,,False,False
300200968_,2026-09-22,186.0,observed,,False,False
300200967_,2026-09-22,391.0,observed,,False,False
300200413_,2026-09-22,32.0,observed,,False,False
300200313_,2026-09-22,132.0,observed,,False,False
300200314_,2026-09-22,125.0,observed,,False,False
300200315_,2026-09-22,110.0,observed,,False,False
300200316_,2026-09-22,0.0,observed,,False,False
300200317_,2026-09-22,288.0,observed,,False,False
300200346_,2026-09-22,36.0,observed,,False,False
300200318_,2026-09-22,230.0,observed,,False,False
300200347_,2026-09-22,67.0,observed,,False,False
300200319_,2026-09-22,789.0,observed,,False,False
300200320_,2026-09-22,197.0,observed,,False,False
300200321_,2026-09-22,35.0,observed,,False,False
300200322_,2026-09-22,281.0,observed,,False,False
300200323_,2026-09-22,840.0,observed,,False,False
300200324_,2026-09-22,3115.0,observed,,False,False
300200325_,2026-09-22,38.0,observed,,False,False
300200326_,2026-09-22,1024.0,observed,,False,False
300200327_,2026-09-22,85.0,observed,,False,False
300200328_,2026-09-22,508.0,observed,,False,False
300200330_,2026-09-22,9.0,observed,,False,False
300200348_,2026-09-22,47.0,observed,,False,False
300200350_,2026-09-22,28.0,observed,,False,False
300200352_,2026-09-22,36.0,observed,,False,False
LNVA105011,2026-09-22,15.0,observed,,False,False
030200381_,2026-09-22,0.0,observed,,False,False
030200076_,2026-09-22,0.0,observed,,False,False
030200075_,2026-09-22,0.0,observed,,False,False
030200226_,2026-09-22,202.0,observed,,False,False
030200223_,2026-09-22,2985.0,observed,,False,False
030200227_,2026-09-22,894.0,observed,,False,False
030200225_,2026-09-22,5218.0,observed,,False,False
030200224_,2026-09-22,5163.0,observed,,False,False
280300174_,2026-09-22,2577.0,observed,,False,False
030200220_,2026-09-22,3683.0,observed,,False,False
030200219_,2026-09-22,17066.0,observed,,False,False
030300014_,2026-09-22,994.0,observed,,False,False
030200221_,2026-09-22,5246.0,observed,,False,False
030200222_,2026-09-22,1335.0,observed,,False,False
030200192_,2026-09-22,145921.0,observed,,False,False
030200201_,2026-09-22,60996.0,observed,,False,False
030200193_,2026-09-22,39531.0,observed,,False,False
030201459_,2026-09-22,4183.0,observed,,False,False
030200203_,2026-09-22,6252.0,observed,,False,False
130300026_,2026-09-22,259.0,observed,,False,False
130300027_,2026-09-22,108.0,observed,,False,False
130300028_,2026-09-22,8.0,observed,,False,False
010400436_,2026-09-22,53.0,observed,,False,False
010400432_,2026-09-22,62.0,observed,,False,False
010400440_,2026-09-22,31.0,observed,,False,False
010400444_,2026-09-22,54.0,observed,,False,False
010400447_,2026-09-22,74.0,observed,,False,False
010400433_,2026-09-22,27.0,observed,,False,False
010400437_,2026-09-22,53.0,observed,,False,False
010400441_,2026-09-22,31.0,observed,,False,False
010400445_,2026-09-22,50.0,observed,,False,False
010400448_,2026-09-22,37.0,observed,,False,False
