target_month,sku,unit,month_number,days_in_month,lag_1,lag_2,lag_3,lag_6,lag_12,mean_3,mean_6,std_6,observations_3,observations_6,missing_share_6,zero_share_6,history_observed_months,history_calendar_months,opening_stock_lag_1,history_sufficient
2026-09-01,010400432_,шт,9,30,3.0,6.0,9.0,6.0,1.0,6.0,5.666666666666667,2.73252020425592,3.0,6.0,0.0,0.0,32,32,,True
2026-09-01,010400433_,шт,9,30,72.0,15.0,8.0,4.0,,31.666666666666668,19.833333333333332,25.872121417979372,3.0,6.0,0.0,0.0,31,32,,True
2026-09-01,010400436_,шт,9,30,17.0,25.0,20.0,9.0,49.0,20.666666666666668,20.5,7.17635004720357,3.0,6.0,0.0,0.0,32,32,,True
2026-09-01,010400437_,шт,9,30,18.0,48.0,34.0,10.0,73.0,33.333333333333336,22.333333333333332,15.370968306084867,3.0,6.0,0.0,0.0,31,32,,True
2026-09-01,010400440_,шт,9,30,9.0,17.0,22.0,6.0,28.0,16.0,15.0,6.16441400296896,3.0,6.0,0.0,0.0,32,32,,True
2026-09-01,010400441_,шт,9,30,14.0,19.0,13.0,15.0,16.0,15.333333333333334,14.5,3.4496376621320715,3.0,6.0,0.0,0.0,30,32,,True
2026-09-01,010400444_,шт,9,30,42.0,32.0,53.0,13.0,84.0,42.333333333333336,42.0,17.06458320616137,3.0,6.0,0.0,0.0,32,32,,True
2026-09-01,010400445_,шт,9,30,23.0,17.0,16.0,17.0,34.0,18.666666666666668,16.333333333333332,4.457203906785914,3.0,6.0,0.0,0.0,32,32,,True
2026-09-01,010400447_,шт,9,30,33.0,29.0,40.0,36.0,45.0,34.0,38.666666666666664,7.420691791650412,3.0,6.0,0.0,0.0,32,32,,True
2026-09-01,010400448_,шт,9,30,20.0,19.0,13.0,10.0,14.0,17.333333333333332,14.5,4.324349662087938,3.0,6.0,0.0,0.0,32,32,,True
2026-09-01,020100158_,шт,9,30,337.0,230.0,175.0,244.0,378.0,247.33333333333334,251.33333333333334,68.38615844355319,3.0,6.0,0.0,0.0,32,32,,True
2026-09-01,020100159_,шт,9,30,,8.0,9.0,4.0,10.0,8.5,7.0,2.6457513110645663,2.0,3.0,0.5,0.0,25,32,,True
2026-09-01,020100160_,шт,9,30,246.0,163.0,79.0,151.0,232.0,162.66666666666666,163.0,57.30270499723396,3.0,6.0,0.0,0.0,30,32,,True
2026-09-01,020100161_,шт,9,30,10.0,1.0,1.0,1.0,7.0,4.0,3.25,4.499999999999933,3.0,4.0,0.33333333333333337,0.0,23,32,,True
2026-09-01,020100162_,шт,9,30,23.0,5.0,8.0,23.0,3.0,12.0,14.0,10.039920318408884,3.0,6.0,0.0,0.0,31,32,,True
2026-09-01,020100163_,шт,9,30,130.0,250.0,48.0,61.0,46.0,142.66666666666666,83.5,93.50240638614595,3.0,6.0,0.0,0.0,32,32,,True
2026-09-01,030200002_,шт,9,30,,,,,,,,,0.0,0.0,1.0,,1,32,,False
2026-09-01,030200003_,шт,9,30,10.0,5.0,47.0,3.0,1.0,20.666666666666668,13.333333333333334,16.69331203406522,3.0,6.0,0.0,0.0,14,32,,True
2026-09-01,030200005_,шт,9,30,17.0,9.0,31.0,5.0,18.0,19.0,13.2,11.18928058455949,3.0,5.0,0.16666666666666663,0.0,19,32,,True
2026-09-01,030200006_,шт,9,30,,,,,67.0,,1.0,,0.0,1.0,0.8333333333333334,0.0,5,32,,True
2026-09-01,030200007_,шт,9,30,,,43.0,,2.0,43.0,43.0,,1.0,1.0,0.8333333333333334,0.0,10,32,,True
2026-09-01,030200008_,шт,9,30,,,,,47.0,,,,0.0,0.0,1.0,,7,32,,True
2026-09-01,030200009_,шт,9,30,,,,,5.0,,,,0.0,0.0,1.0,,3,32,,True
2026-09-01,030200010_,шт,9,30,,,,,,,,,0.0,0.0,1.0,,0,32,,False
2026-09-01,030200011_,шт,9,30,,,,,,,,,0.0,0.0,1.0,,0,32,,False
2026-09-01,030200012_,шт,9,30,,,,,,,,,0.0,0.0,1.0,,0,32,,False
2026-09-01,030200013_,шт,9,30,,,,,,,,,0.0,0.0,1.0,,0,32,,False
2026-09-01,030200015_,шт,9,30,,,,,,,1.0,,0.0,1.0,0.8333333333333334,0.0,4,32,,True
2026-09-01,030200016_,шт,9,30,,,,,,,,,0.0,0.0,1.0,,0,32,,False
2026-09-01,030200025_,шт,9,30,,,,,,,,,0.0,0.0,1.0,,4,32,,True
2026-09-01,030200026_,шт,9,30,,,,,,,1.0,,0.0,1.0,0.8333333333333334,0.0,6,32,,True
2026-09-01,030200027_,шт,9,30,,,2.0,,6.0,2.0,2.5,0.7071067811865476,1.0,2.0,0.6666666666666667,0.0,12,32,,True
2026-09-01,030200028_,шт,9,30,,,,,,,,,0.0,0.0,1.0,,15,32,,True
2026-09-01,030200029_,шт,9,30,,,,,,,,,0.0,0.0,1.0,,13,32,,True
2026-09-01,030200030_,шт,9,30,,,,,,,,,0.0,0.0,1.0,,14,32,,True
2026-09-01,030200031_,шт,9,30,,,,,,,,,0.0,0.0,1.0,,13,32,,True
2026-09-01,030200032_,шт,9,30,,,,,,,,,0.0,0.0,1.0,,14,32,,True
2026-09-01,030200034_,шт,9,30,,,,32.0,,,32.0,,0.0,1.0,0.8333333333333334,0.0,17,32,,True
2026-09-01,030200036_,шт,9,30,,,,,,,,,0.0,0.0,1.0,,14,32,,True
2026-09-01,030200037_,шт,9,30,,,,,,,,,0.0,0.0,1.0,,16,32,,True
2026-09-01,030200038_,шт,9,30,,,,,,,,,0.0,0.0,1.0,,17,32,,True
2026-09-01,030200039_,шт,9,30,,,,15.0,,,15.0,,0.0,1.0,0.8333333333333334,0.0,17,32,,True
2026-09-01,030200042_,шт,9,30,,,,,,,,,0.0,0.0,1.0,,0,32,,False
2026-09-01,030200045_,шт,9,30,,,,,,,,,0.0,0.0,1.0,,0,32,,False
2026-09-01,030200047_,шт,9,30,,,,,,,,,0.0,0.0,1.0,,0,32,,False
2026-09-01,030200052_,шт,9,30,,,,,,,,,0.0,0.0,1.0,,1,32,,False
2026-09-01,030200053_,шт,9,30,,,,,,,,,0.0,0.0,1.0,,1,32,,False
2026-09-01,030200054_,шт,9,30,,,,1.0,,,1.0,,0.0,1.0,0.8333333333333334,0.0,1,32,,False
2026-09-01,030200060_,шт,9,30,,,,,,,,,0.0,0.0,1.0,,0,32,,False
2026-09-01,030200062_,шт,9,30,,,,,,,,,0.0,0.0,1.0,,0,32,,False
2026-09-01,030200063_,шт,9,30,,,,,,,,,0.0,0.0,1.0,,0,32,,False
2026-09-01,030200069_,шт,9,30,,,,,,,,,0.0,0.0,1.0,,0,32,,False
2026-09-01,030200072_,шт,9,30,,,,,17.0,,10.5,13.43502884254447,0.0,2.0,0.6666666666666667,0.0,16,32,,True
2026-09-01,030200073_,шт,9,30,,,,,,,,,0.0,0.0,1.0,,0,32,,False
2026-09-01,030200075_,шт,9,30,,,,,,,,,0.0,0.0,1.0,,0,32,,False
2026-09-01,030200076_,шт,9,30,,,,,,,,,0.0,0.0,1.0,,0,32,,False
2026-09-01,030200090_,шт,9,30,,,,,,,,,0.0,0.0,1.0,,2,32,,False
2026-09-01,030200092_,шт,9,30,,,,,,,,,0.0,0.0,1.0,,0,32,,False
2026-09-01,030200093_,шт,9,30,,,,10.0,1.0,,9.5,0.7071067811742079,0.0,2.0,0.6666666666666667,0.0,15,32,,True
2026-09-01,030200094_,шт,9,30,,,,,,,,,0.0,0.0,1.0,,2,32,,False
2026-09-01,030200095_,шт,9,30,,,,,,,,,0.0,0.0,1.0,,1,32,,False
2026-09-01,030200096_,шт,9,30,,,,,,,,,0.0,0.0,1.0,,2,32,,False
2026-09-01,030200097_,шт,9,30,,,,3.0,,,3.0,,0.0,1.0,0.8333333333333334,0.0,1,32,,False
2026-09-01,030200105_,шт,9,30,,,,,,,,,0.0,0.0,1.0,,0,32,,False
2026-09-01,030200125_,шт,9,30,,,,,,,,,0.0,0.0,1.0,,0,32,,False
2026-09-01,030200126_,шт,9,30,,,,,,,,,0.0,0.0,1.0,,0,32,,False
2026-09-01,030200127_,шт,9,30,,,,,,,,,0.0,0.0,1.0,,1,32,,False
2026-09-01,030200128_,шт,9,30,,,,,,,,,0.0,0.0,1.0,,2,32,,False
2026-09-01,030200129_,шт,9,30,,,,,,,,,0.0,0.0,1.0,,0,32,,False
2026-09-01,030200134_,шт,9,30,30.0,27.0,11.0,,,22.666666666666668,37.2,27.13300573102803,3.0,5.0,0.16666666666666663,0.0,13,32,,True
2026-09-01,030200135_,шт,9,30,18.0,46.0,44.0,21.0,2.0,36.0,31.333333333333332,15.564917817536545,3.0,6.0,0.0,0.0,17,32,,True
2026-09-01,030200136_,шт,9,30,24.0,,23.0,5.0,21.0,23.5,19.6,11.781341180018481,2.0,5.0,0.16666666666666663,0.0,17,32,,True
2026-09-01,030200140_,шт,9,30,,,,,,,,,0.0,0.0,1.0,,0,32,,False
2026-09-01,030200141_,шт,9,30,,,,,,,,,0.0,0.0,1.0,,3,32,,True
2026-09-01,030200142_,шт,9,30,,,,,,,1.0,,0.0,1.0,0.8333333333333334,0.0,6,32,,True
2026-09-01,030200143_,шт,9,30,,,,,,,,,0.0,0.0,1.0,,0,32,,False
2026-09-01,030200174_,шт,9,30,,,,,,,,,0.0,0.0,1.0,,0,32,,False
2026-09-01,030200175_,шт,9,30,,,,,,,,,0.0,0.0,1.0,,4,32,,True
2026-09-01,030200176_,шт,9,30,3.0,2.0,,,,2.5,2.0,0.9999999999999937,2.0,3.0,0.5,0.0,14,32,,True
2026-09-01,030200179_,шт,9,30,,,,,,,,,0.0,0.0,1.0,,0,32,,False
2026-09-01,030200183_,шт,9,30,,,,,,,,,0.0,0.0,1.0,,1,32,,False
2026-09-01,030200184_,шт,9,30,,,,,,,,,0.0,0.0,1.0,,0,32,,False
2026-09-01,030200191_,шт,9,30,,,,,,,,,0.0,0.0,1.0,,8,32,,True
2026-09-01,030200192_,шт,9,30,63939.0,66114.0,64228.0,42728.0,53879.0,64760.333333333336,56626.333333333336,9564.938738259996,3.0,6.0,0.0,0.0,32,32,,True
2026-09-01,030200193_,шт,9,30,36290.0,39200.0,29064.0,21684.0,15925.0,34851.333333333336,29168.666666666668,7119.19281004993,3.0,6.0,0.0,0.0,32,32,,True
2026-09-01,030200194_,шт,9,30,,,,,,,,,0.0,0.0,1.0,,0,32,,False
2026-09-01,030200198_,шт,9,30,,,,,,,,,0.0,0.0,1.0,,0,32,,False
2026-09-01,030200200_,шт,9,30,,,,,,,,,0.0,0.0,1.0,,0,32,,False
2026-09-01,030200201_,шт,9,30,25401.0,26986.0,24199.0,19937.0,25145.0,25528.666666666668,24287.166666666668,2485.0585036708203,3.0,6.0,0.0,0.0,32,32,,True
2026-09-01,030200203_,шт,9,30,3840.0,6016.0,2840.0,2589.0,1392.0,4232.0,3323.3333333333335,1462.971997909279,3.0,6.0,0.0,0.0,31,32,,True
2026-09-01,030200219_,шт,9,30,3555.0,3680.0,4807.0,1574.0,4320.0,4014.0,5355.0,4879.977417980537,3.0,6.0,0.0,0.0,32,32,,True
2026-09-01,030200220_,шт,9,30,1662.0,1635.0,1841.0,1267.0,973.0,1712.6666666666667,1607.3333333333333,323.44685292435116,3.0,6.0,0.0,0.0,32,32,,True
2026-09-01,030200221_,шт,9,30,547.0,941.0,1434.0,2358.0,1184.0,974.0,1768.8333333333333,946.0962776941185,3.0,6.0,0.0,0.0,32,32,,True
2026-09-01,030200222_,шт,9,30,313.0,640.0,445.0,243.0,836.0,466.0,410.1666666666667,171.1927763273513,3.0,6.0,0.0,0.0,32,32,,True
2026-09-01,030200223_,шт,9,30,969.0,641.0,510.0,597.0,986.0,706.6666666666666,691.3333333333334,284.98608153148064,3.0,6.0,0.0,0.0,31,32,,True
2026-09-01,030200224_,шт,9,30,2076.0,3179.0,2836.0,1858.0,2142.0,2697.0,2467.0,746.2910960208492,3.0,6.0,0.0,0.0,32,32,,True
2026-09-01,030200225_,шт,9,30,1778.0,1797.0,1940.0,464.0,2648.0,1838.3333333333333,1792.8333333333333,860.2061187103164,3.0,6.0,0.0,0.0,32,32,,True
2026-09-01,030200226_,шт,9,30,189.0,4.0,2.0,98.0,10.0,65.0,88.0,89.5611522927212,3.0,6.0,0.0,0.0,32,32,,True
2026-09-01,030200227_,шт,9,30,330.0,712.0,131.0,159.0,82.0,391.0,277.8333333333333,224.1833327138007,3.0,6.0,0.0,0.0,32,32,,True
2026-09-01,030200239_,шт,9,30,,,,,,,,,0.0,0.0,1.0,,14,32,,True
2026-09-01,030200240_,шт,9,30,,,,5.0,,,5.0,,0.0,1.0,0.8333333333333334,0.0,19,32,,True
2026-09-01,030200243_,шт,9,30,69.0,,,6.0,1.0,69.0,25.333333333333332,37.89898855290644,1.0,3.0,0.5,0.0,23,32,,True
2026-09-01,030200244_,шт,9,30,,,1.0,,,1.0,1.0,,1.0,1.0,0.8333333333333334,0.0,12,32,,True
2026-09-01,030200245_,шт,9,30,,2.0,4.0,,,3.0,3.0,1.4142135623730951,2.0,2.0,0.6666666666666667,0.0,13,32,,True
2026-09-01,030200246_,шт,9,30,,,,,,,,,0.0,0.0,1.0,,10,32,,True
2026-09-01,030200247_,шт,9,30,,,,,22.0,,1.0,,0.0,1.0,0.8333333333333334,0.0,21,32,,True
2026-09-01,030200248_,шт,9,30,,,,,,,4.0,1.4142135623730783,0.0,2.0,0.6666666666666667,0.0,15,32,,True
2026-09-01,030200249_,шт,9,30,,4.0,16.0,1.0,,10.0,6.4,6.50384501660364,2.0,5.0,0.16666666666666663,0.0,18,32,,True
2026-09-01,030200250_,шт,9,30,3.0,,1.0,2.0,,2.0,6.6,8.264381404557783,2.0,5.0,0.16666666666666663,0.0,27,32,,True
2026-09-01,030200251_,шт,9,30,4.0,4.0,3.0,1.0,,3.6666666666666665,6.666666666666667,6.592925501374008,3.0,6.0,0.0,0.0,29,32,,True
2026-09-01,030200252_,шт,9,30,2.0,,,,,2.0,2.6666666666666665,1.154700538379434,1.0,3.0,0.5,0.0,21,32,,True
2026-09-01,030200253_,шт,9,30,,,,,,,,,0.0,0.0,1.0,,17,32,,True
2026-09-01,030200254_,шт,9,30,,,,,,,,,0.0,0.0,1.0,,10,32,,True
2026-09-01,030200256_,шт,9,30,,,,,51.0,,1.0,,0.0,1.0,0.8333333333333334,0.0,24,32,,True
2026-09-01,030200257_,шт,9,30,,,,,,,,,0.0,0.0,1.0,,18,32,,True
2026-09-01,030200258_,шт,9,30,,,,,1.0,,,,0.0,0.0,1.0,,16,32,,True
2026-09-01,030200259_,шт,9,30,,,,,,,,,0.0,0.0,1.0,,17,32,,True
2026-09-01,030200260_,шт,9,30,,,,,,,,,0.0,0.0,1.0,,13,32,,True
2026-09-01,030200261_,шт,9,30,,,,,,,,,0.0,0.0,1.0,,3,32,,True
2026-09-01,030200262_,шт,9,30,,,,,,,,,0.0,0.0,1.0,,5,32,,True
2026-09-01,030200263_,шт,9,30,,,,,,,,,0.0,0.0,1.0,,15,32,,True
2026-09-01,030200264_,шт,9,30,,,,,,,,,0.0,0.0,1.0,,0,32,,False
2026-09-01,030200265_,шт,9,30,,,,,,,,,0.0,0.0,1.0,,9,32,,True
2026-09-01,030200266_,шт,9,30,,,,,,,,,0.0,0.0,1.0,,0,32,,False
2026-09-01,030200292_,шт,9,30,,,,,,,5.0,,0.0,1.0,0.8333333333333334,0.0,5,32,,True
2026-09-01,030200295_,шт,9,30,,,,,,,,,0.0,0.0,1.0,,0,32,,False
2026-09-01,030200296_,шт,9,30,,,,,,,,,0.0,0.0,1.0,,0,32,,False
2026-09-01,030200297_,шт,9,30,,,,,,,,,0.0,0.0,1.0,,0,32,,False
2026-09-01,030200298_,шт,9,30,,,,,,,,,0.0,0.0,1.0,,0,32,,False
2026-09-01,030200322_,шт,9,30,,,,,,,,,0.0,0.0,1.0,,0,32,,False
2026-09-01,030200323_,шт,9,30,,,,,,,,,0.0,0.0,1.0,,0,32,,False
2026-09-01,030200330_,шт,9,30,,,,,,,,,0.0,0.0,1.0,,0,32,,False
2026-09-01,030200331_,шт,9,30,,,,,,,,,0.0,0.0,1.0,,0,32,,False
2026-09-01,030200345,шт,9,30,,,,,,,,,0.0,0.0,1.0,,0,32,,False
2026-09-01,030200372_,шт,9,30,,,,,,,,,0.0,0.0,1.0,,0,32,,False
2026-09-01,030200375_,,9,30,,,,,,,,,0.0,0.0,1.0,,0,32,,False
2026-09-01,030200379_,шт,9,30,,,,,,,,,0.0,0.0,1.0,,2,32,,False
2026-09-01,030200381_,,9,30,,,,,,,,,0.0,0.0,1.0,,0,32,,False
2026-09-01,030200382_,шт,9,30,,5.0,4.0,4.0,3.0,4.5,15.4,17.728508115461942,2.0,5.0,0.16666666666666663,0.0,21,32,,True
2026-09-01,030200399_,шт,9,30,,,,,,,,,0.0,0.0,1.0,,0,32,,False
2026-09-01,030201459_,шт,9,30,3754.0,4209.0,6747.0,,,4903.333333333333,4108.8,2025.8823262963722,3.0,5.0,0.16666666666666663,0.0,5,32,,True
2026-09-01,030300013_,шт,9,30,,,,,,,,,0.0,0.0,1.0,,19,32,,True
2026-09-01,030300014_,шт,9,30,5.0,9.0,295.0,260.0,241.0,103.0,160.33333333333334,175.58777482121752,3.0,6.0,0.0,0.0,30,32,,True
2026-09-01,030300078_,шт,9,30,5.0,5.0,,,,5.0,5.0,0.0,2.0,2.0,0.6666666666666667,0.0,18,32,,True
2026-09-01,130300026_,шт,9,30,479.0,450.0,286.0,,270.0,405.0,411.0,254.94215030080852,3.0,5.0,0.16666666666666663,0.0,30,32,,True
2026-09-01,130300027_,шт,9,30,9.0,275.0,2233.0,65.0,1344.0,839.0,463.5,871.4456380061808,3.0,6.0,0.0,0.0,32,32,,True
2026-09-01,130300028_,шт,9,30,388.0,134.0,,95.0,202.0,261.0,165.8,136.10731060453767,2.0,5.0,0.16666666666666663,0.0,27,32,,True
2026-09-01,280300174_,шт,9,30,1701.0,1232.0,227.0,1586.0,959.0,1053.3333333333333,897.8333333333334,698.4243457001386,3.0,6.0,0.0,0.0,32,32,,True
2026-09-01,300100003_,шт,9,30,,,,,,,,,0.0,0.0,1.0,,8,32,,True
2026-09-01,300100004_,шт,9,30,,,,,,,,,0.0,0.0,1.0,,0,32,,False
2026-09-01,300100006_,шт,9,30,,,,,,,,,0.0,0.0,1.0,,9,32,,True
2026-09-01,300100012_,шт,9,30,,,,,,,,,0.0,0.0,1.0,,1,32,,False
2026-09-01,300100015_,шт,9,30,,,,,,,,,0.0,0.0,1.0,,5,32,,True
2026-09-01,300100018_,шт,9,30,,,,,,,,,0.0,0.0,1.0,,0,32,,False
2026-09-01,300200283_,шт,9,30,76.0,41.0,76.0,50.0,45.0,64.33333333333333,57.8,16.917446615846046,3.0,5.0,0.16666666666666663,0.0,30,32,,True
2026-09-01,300200284_,шт,9,30,84.0,45.0,53.0,67.0,57.0,60.666666666666664,57.0,15.937377450509054,3.0,6.0,0.0,0.0,32,32,,True
2026-09-01,300200285_,шт,9,30,,,,,,,,,0.0,0.0,1.0,,0,32,,False
2026-09-01,300200286_,шт,9,30,5686.0,6295.0,4661.0,4163.0,6226.0,5547.333333333333,4828.333333333333,1033.9314613003555,3.0,6.0,0.0,0.0,32,32,,True
2026-09-01,300200287_,шт,9,30,1.0,5.0,,23.0,,3.0,15.25,14.705441169852755,2.0,4.0,0.33333333333333337,0.0,21,32,,True
2026-09-01,300200288_,шт,9,30,29.0,49.0,31.0,27.0,65.0,36.333333333333336,32.0,13.17573527360045,3.0,6.0,0.0,0.0,31,32,,True
2026-09-01,300200289_,шт,9,30,198.0,71.0,193.0,96.0,279.0,154.0,141.66666666666666,61.249217682078324,3.0,6.0,0.0,0.0,32,32,,True
2026-09-01,300200290_,шт,9,30,4.0,,4.0,,2.0,4.0,8.666666666666666,8.082903768654761,2.0,3.0,0.5,0.0,19,32,,True
2026-09-01,300200291_,шт,9,30,56.0,35.0,44.0,10.0,23.0,45.0,34.833333333333336,15.727894540168675,3.0,6.0,0.0,0.0,32,32,,True
2026-09-01,300200292_,шт,9,30,4.0,1.0,,3.0,,2.5,2.25,1.5000000000000162,2.0,4.0,0.33333333333333337,0.0,27,32,,True
2026-09-01,300200293_,шт,9,30,193.0,98.0,245.0,179.0,152.0,178.66666666666666,167.66666666666666,56.91982665703246,3.0,6.0,0.0,0.0,32,32,,True
2026-09-01,300200294_,шт,9,30,49.0,14.0,29.0,50.0,42.0,30.666666666666668,39.166666666666664,18.280226110928446,3.0,6.0,0.0,0.0,32,32,,True
2026-09-01,300200295_,шт,9,30,23.0,36.0,14.0,8.0,37.0,24.333333333333332,19.666666666666668,10.327955589886557,3.0,6.0,0.0,0.0,32,32,,True
2026-09-01,300200296_,шт,9,30,586.0,717.0,481.0,242.0,402.0,594.6666666666666,560.3333333333334,190.31832982313247,3.0,6.0,0.0,0.0,32,32,,True
2026-09-01,300200297_,шт,9,30,521.0,657.0,397.0,346.0,707.0,525.0,490.6666666666667,108.90485143769688,3.0,6.0,0.0,0.0,32,32,,True
2026-09-01,300200298_,шт,9,30,1367.0,1275.0,987.0,482.0,686.0,1209.6666666666667,938.5,338.28848635447224,3.0,6.0,0.0,0.0,32,32,,True
2026-09-01,300200299_,шт,9,30,2.0,,,1.0,,2.0,1.5,0.7071067811864382,1.0,2.0,0.6666666666666667,0.0,20,32,,True
2026-09-01,300200300_,шт,9,30,2.0,,2.0,,,2.0,4.0,3.4641016151377544,2.0,3.0,0.5,0.0,21,32,,True
2026-09-01,300200301_,шт,9,30,673.0,462.0,316.0,258.0,209.0,483.6666666666667,399.0,150.9569475049097,3.0,6.0,0.0,0.0,32,32,,True
2026-09-01,300200302_,шт,9,30,293.0,279.0,262.0,161.0,368.0,278.0,268.3333333333333,68.43293554032815,3.0,6.0,0.0,0.0,32,32,,True
2026-09-01,300200303_,шт,9,30,3530.0,4663.0,3823.0,2412.0,3753.0,4005.3333333333335,3264.5,975.0624082590728,3.0,6.0,0.0,0.0,32,32,,True
2026-09-01,300200304_,шт,9,30,1547.0,937.0,1390.0,842.0,1809.0,1291.3333333333333,1101.3333333333333,293.99024927141465,3.0,6.0,0.0,0.0,32,32,,True
2026-09-01,300200305_,шт,9,30,568.0,446.0,456.0,426.0,605.0,490.0,460.6666666666667,68.35105461268547,3.0,6.0,0.0,0.0,32,32,,True
2026-09-01,300200306_,шт,9,30,218.0,139.0,201.0,112.0,223.0,186.0,149.16666666666666,51.2070958624542,3.0,6.0,0.0,0.0,32,32,,True
2026-09-01,300200307_,шт,9,30,31.0,13.0,43.0,28.0,48.0,29.0,30.2,11.16691542011509,3.0,5.0,0.16666666666666663,0.0,31,32,,True
2026-09-01,300200308_,шт,9,30,49.0,2.0,16.0,28.0,50.0,22.333333333333332,18.0,17.94435844492637,3.0,6.0,0.0,0.0,32,32,,True
2026-09-01,300200309_,шт,9,30,10.0,5.0,16.0,2.0,6.0,10.333333333333334,6.666666666666667,5.573747990954257,3.0,6.0,0.0,0.0,30,32,,True
2026-09-01,300200310_,шт,9,30,10.0,20.0,,1.0,53.0,15.0,10.333333333333334,9.504384952922159,2.0,3.0,0.5,0.0,22,32,,True
2026-09-01,300200311_,шт,9,30,61.0,57.0,160.0,21.0,84.0,92.66666666666667,59.833333333333336,51.9477301396958,3.0,6.0,0.0,0.0,32,32,,True
2026-09-01,300200312_,шт,9,30,,3.0,9.0,7.0,,6.0,6.333333333333333,3.0550504633038944,2.0,3.0,0.5,0.0,14,32,,True
2026-09-01,300200313_,шт,9,30,34.0,45.0,15.0,414.0,32.0,31.333333333333332,98.83333333333333,155.33630183143498,3.0,6.0,0.0,0.0,32,32,,True
2026-09-01,300200314_,шт,9,30,9.0,25.0,12.0,360.0,3.0,15.333333333333334,69.33333333333333,142.59406252248607,3.0,6.0,0.0,0.0,31,32,,True
2026-09-01,300200315_,шт,9,30,,,6.0,,,6.0,6.0,,1.0,1.0,0.8333333333333334,0.0,15,32,,True
2026-09-01,300200316_,шт,9,30,,6.0,1.0,5.0,10.0,3.5,3.2,2.167948338867396,2.0,5.0,0.16666666666666663,0.0,28,32,,True
2026-09-01,300200317_,шт,9,30,37.0,22.0,42.0,421.0,27.0,33.666666666666664,134.0,159.79737169302874,3.0,6.0,0.0,0.0,32,32,,True
2026-09-01,300200318_,шт,9,30,50.0,6.0,75.0,541.0,71.0,43.666666666666664,150.5,198.35397651673134,3.0,6.0,0.0,0.0,30,32,,True
2026-09-01,300200319_,шт,9,30,299.0,611.0,311.0,239.0,328.0,407.0,356.1666666666667,135.9506037745574,3.0,6.0,0.0,0.0,32,32,,True
2026-09-01,300200320_,шт,9,30,61.0,170.0,95.0,63.0,91.0,108.66666666666667,107.0,50.07594232762873,3.0,6.0,0.0,0.0,32,32,,True
2026-09-01,300200321_,шт,9,30,3.0,34.0,24.0,18.0,9.0,20.333333333333332,18.666666666666668,11.236844159579089,3.0,6.0,0.0,0.0,31,32,,True
2026-09-01,300200322_,шт,9,30,84.0,114.0,103.0,76.0,87.0,100.33333333333333,84.66666666666667,20.588022407863047,3.0,6.0,0.0,0.0,30,32,,True
2026-09-01,300200323_,шт,9,30,492.0,716.0,379.0,288.0,264.0,529.0,441.5,149.312758999357,3.0,6.0,0.0,0.0,32,32,,True
2026-09-01,300200324_,шт,9,30,886.0,799.0,1213.0,680.0,1043.0,966.0,900.1666666666666,189.14060025987678,3.0,6.0,0.0,0.0,32,32,,True
2026-09-01,300200325_,шт,9,30,44.0,46.0,33.0,5.0,102.0,41.0,32.333333333333336,15.292699783447814,3.0,6.0,0.0,0.0,32,32,,True
2026-09-01,300200326_,шт,9,30,426.0,397.0,544.0,198.0,301.0,455.6666666666667,389.1666666666667,141.854032958766,3.0,6.0,0.0,0.0,32,32,,True
2026-09-01,300200327_,шт,9,30,38.0,45.0,16.0,20.0,104.0,33.0,25.666666666666668,14.486775578667123,3.0,6.0,0.0,0.0,32,32,,True
2026-09-01,300200328_,шт,9,30,255.0,242.0,398.0,149.0,151.0,298.3333333333333,257.5,82.26967849700156,3.0,6.0,0.0,0.0,32,32,,True
2026-09-01,300200330_,шт,9,30,2.0,,1.0,2.0,,1.5,2.0,0.7071067811865274,2.0,5.0,0.16666666666666663,0.0,25,32,,True
2026-09-01,300200331_,шт,9,30,1107.0,1675.0,1002.0,822.0,1491.0,1261.3333333333333,1014.3333333333334,363.8712226415619,3.0,6.0,0.0,0.0,32,32,,True
2026-09-01,300200332_,шт,9,30,416.0,500.0,708.0,312.0,969.0,541.3333333333334,488.0,166.90236666986092,3.0,6.0,0.0,0.0,32,32,,True
2026-09-01,300200333_,шт,9,30,660.0,624.0,586.0,241.0,830.0,623.3333333333334,484.6666666666667,164.83163126859665,3.0,6.0,0.0,0.0,32,32,,True
2026-09-01,300200335_,,9,30,,,,,,,,,0.0,0.0,1.0,,0,32,,False
2026-09-01,300200343_,шт,9,30,1524.0,1396.0,1270.0,1125.0,2620.0,1396.6666666666667,1376.6666666666667,213.0855853094238,3.0,6.0,0.0,0.0,32,32,,True
2026-09-01,300200346_,шт,9,30,,,,21.0,2.0,,20.5,0.7071067811878338,0.0,2.0,0.6666666666666667,0.0,9,32,,True
2026-09-01,300200347_,шт,9,30,3.0,45.0,10.0,142.0,,19.333333333333332,40.2,59.62130491695061,3.0,5.0,0.16666666666666663,0.0,20,32,,True
2026-09-01,300200348_,шт,9,30,1.0,3.0,3.0,1.0,1.0,2.3333333333333335,2.2,1.0954451150103584,3.0,5.0,0.16666666666666663,0.0,23,32,,True
2026-09-01,300200350_,шт,9,30,,,,,2.0,,,,0.0,0.0,1.0,,13,32,,True
2026-09-01,300200351_,шт,9,30,,,,,,,,,0.0,0.0,1.0,,0,32,,False
2026-09-01,300200352_,шт,9,30,,,,,,,,,0.0,0.0,1.0,,2,32,,False
2026-09-01,300200362_,,9,30,,,,,,,,,0.0,0.0,1.0,,0,32,,False
2026-09-01,300200363_,шт,9,30,1.0,,3.0,,,2.0,2.0,0.8164965809277304,2.0,4.0,0.33333333333333337,0.0,20,32,,True
2026-09-01,300200364_,шт,9,30,,,,,37.0,,29.0,,0.0,1.0,0.8333333333333334,0.0,21,32,,True
2026-09-01,300200365_,шт,9,30,176.0,152.0,424.0,194.0,194.0,250.66666666666666,200.0,113.09288218097545,3.0,6.0,0.0,0.0,31,32,,True
2026-09-01,300200366_,шт,9,30,,24.0,26.0,,13.0,25.0,15.75,11.615363389350618,2.0,4.0,0.33333333333333337,0.0,23,32,,True
2026-09-01,300200367_,шт,9,30,,6.0,,,23.0,6.0,12.333333333333334,10.115993936995697,1.0,3.0,0.5,0.0,25,32,,True
2026-09-01,300200368_,шт,9,30,1.0,1.0,4.0,8.0,15.0,2.0,5.0,5.138093031466034,3.0,6.0,0.0,0.0,30,32,,True
2026-09-01,300200369_,,9,30,,,,,,,,,0.0,0.0,1.0,,0,32,,False
2026-09-01,300200370_,шт,9,30,2.0,,,,1.0,2.0,2.0,,1.0,1.0,0.8333333333333334,0.0,17,32,,True
2026-09-01,300200371_,шт,9,30,25.0,20.0,20.0,15.0,23.0,21.666666666666668,14.833333333333334,8.65832932306613,3.0,6.0,0.0,0.0,30,32,,True
2026-09-01,300200372_,шт,9,30,5.0,14.0,26.0,,53.0,15.0,17.0,10.630145812734641,3.0,5.0,0.16666666666666663,0.0,26,32,,True
2026-09-01,300200373_,шт,9,30,,19.0,40.0,,7.0,29.5,25.5,17.291616465790607,2.0,4.0,0.33333333333333337,0.0,26,32,,True
2026-09-01,300200374_,шт,9,30,3.0,50.0,,,,26.5,26.25,27.42717630380495,2.0,4.0,0.33333333333333337,0.0,22,32,,True
2026-09-01,300200375_,шт,9,30,25.0,10.0,39.0,41.0,39.0,24.666666666666668,25.833333333333332,12.089940722214706,3.0,6.0,0.0,0.0,30,32,,True
2026-09-01,300200376_,шт,9,30,136.0,108.0,254.0,102.0,193.0,166.0,124.0,68.85346759604748,3.0,6.0,0.0,0.0,32,32,,True
2026-09-01,300200377_,шт,9,30,29.0,55.0,66.0,71.0,65.0,50.0,50.166666666666664,18.734104373219164,3.0,6.0,0.0,0.0,32,32,,True
2026-09-01,300200378_,шт,9,30,10.0,10.0,28.0,24.0,13.0,16.0,17.333333333333332,8.262364471909146,3.0,6.0,0.0,0.0,32,32,,True
2026-09-01,300200379_,шт,9,30,1.0,2.0,14.0,8.0,5.0,5.666666666666667,6.0,5.176871642217898,3.0,6.0,0.0,0.0,31,32,,True
2026-09-01,300200380_,шт,9,30,,1.0,,,1.0,1.0,2.6666666666666665,2.886751345948128,1.0,3.0,0.5,0.0,21,32,,True
2026-09-01,300200404_,шт,9,30,,,,,,,,,0.0,0.0,1.0,,0,32,,False
2026-09-01,300200410_,шт,9,30,,,,,,,,,0.0,0.0,1.0,,0,32,,False
2026-09-01,300200412_,шт,9,30,,,,,,,,,0.0,0.0,1.0,,0,32,,False
2026-09-01,300200413_,шт,9,30,29.0,8.0,9.0,15.0,6.0,15.333333333333334,14.166666666666666,7.704976746666187,3.0,6.0,0.0,0.0,31,32,,True
2026-09-01,300200417_,шт,9,30,,,,,,,,,0.0,0.0,1.0,,0,32,,False
2026-09-01,300200418_,шт,9,30,,,,,11.0,,,,0.0,0.0,1.0,,11,32,,True
2026-09-01,300200419_,шт,9,30,,,,,,,,,0.0,0.0,1.0,,2,32,,False
2026-09-01,300200420_,шт,9,30,,,20.0,,10.0,20.0,12.5,10.606601717798219,1.0,2.0,0.6666666666666667,0.0,18,32,,True
2026-09-01,300200421_,шт,9,30,,,9.0,5.0,7.0,9.0,5.75,2.2173557826084007,1.0,4.0,0.33333333333333337,0.0,25,32,,True
2026-09-01,300200422_,шт,9,30,,1.0,23.0,,,12.0,9.0,12.165525060596439,2.0,3.0,0.5,0.0,17,32,,True
2026-09-01,300200423_,шт,9,30,,,,,,,,,0.0,0.0,1.0,,0,32,,False
2026-09-01,300200424_,шт,9,30,,,,,1.0,,1.0,0.0,0.0,2.0,0.6666666666666667,0.0,17,32,,True
2026-09-01,300200425_,шт,9,30,,,,,,,1.0,,0.0,1.0,0.8333333333333334,0.0,5,32,,True
2026-09-01,300200426_,шт,9,30,,,,,,,,,0.0,0.0,1.0,,6,32,,True
2026-09-01,300200427_,,9,30,,,,,,,,,0.0,0.0,1.0,,0,32,,False
2026-09-01,300200428_,шт,9,30,124.0,135.0,310.0,380.0,806.0,189.66666666666666,213.33333333333334,109.1781418905211,3.0,6.0,0.0,0.0,32,32,,True
2026-09-01,300200429_,шт,9,30,,31.0,8.0,25.0,81.0,19.5,21.0,9.763879010584668,2.0,4.0,0.33333333333333337,0.0,28,32,,True
2026-09-01,300200430_,шт,9,30,31.0,25.0,25.0,24.0,42.0,27.0,21.5,7.9937475566844425,3.0,6.0,0.0,0.0,31,32,,True
2026-09-01,300200431_,шт,9,30,4.0,17.0,22.0,16.0,54.0,14.333333333333334,12.5,6.978538528947172,3.0,6.0,0.0,0.0,30,32,,True
2026-09-01,300200432_,шт,9,30,9.0,21.0,4.0,4.0,39.0,11.333333333333334,8.666666666666666,6.47044563122716,3.0,6.0,0.0,0.0,31,32,,True
2026-09-01,300200433_,шт,9,30,1.0,1.0,4.0,1.0,30.0,2.0,5.666666666666667,10.03327796219494,3.0,6.0,0.0,0.0,30,32,,True
2026-09-01,300200434_,шт,9,30,,,14.0,1.0,1.0,14.0,5.666666666666667,7.234178138070228,1.0,3.0,0.5,0.0,20,32,,True
2026-09-01,300200435_,шт,9,30,18.0,98.0,157.0,224.0,280.0,91.0,112.83333333333333,83.24281750797881,3.0,6.0,0.0,0.0,32,32,,True
2026-09-01,300200436_,шт,9,30,,5.0,40.0,71.0,23.0,22.5,34.4,24.23427325091477,2.0,5.0,0.16666666666666663,0.0,31,32,,True
2026-09-01,300200437_,шт,9,30,19.0,36.0,61.0,66.0,186.0,38.666666666666664,46.333333333333336,17.385817975196577,3.0,6.0,0.0,0.0,32,32,,True
2026-09-01,300200438_,шт,9,30,12.0,10.0,33.0,25.0,78.0,18.333333333333332,24.166666666666668,11.651895410904949,3.0,6.0,0.0,0.0,32,32,,True
2026-09-01,300200439_,шт,9,30,13.0,5.0,4.0,16.0,10.0,7.333333333333333,10.2,5.357238094391547,3.0,5.0,0.16666666666666663,0.0,28,32,,True
2026-09-01,300200440_,шт,9,30,,11.0,27.0,5.0,42.0,19.0,12.2,9.54986910905065,2.0,5.0,0.16666666666666663,0.0,29,32,,True
2026-09-01,300200441_,шт,9,30,1.0,,2.0,,4.0,1.5,17.666666666666668,28.00595174839329,2.0,3.0,0.5,0.0,15,32,,True
2026-09-01,300200442_,шт,9,30,,,,,,,,,0.0,0.0,1.0,,0,32,,False
2026-09-01,300200443_,шт,9,30,,,,,24.0,,39.0,,0.0,1.0,0.8333333333333334,0.0,22,32,,True
2026-09-01,300200444_,шт,9,30,,,,,10.0,,10.0,,0.0,1.0,0.8333333333333334,0.0,15,32,,True
2026-09-01,300200445_,шт,9,30,,1.0,3.0,,7.0,2.0,1.6666666666666667,1.1547005383792432,2.0,3.0,0.5,0.0,22,32,,True
2026-09-01,300200446_,шт,9,30,,,4.0,4.0,29.0,4.0,10.25,10.01249219725038,1.0,4.0,0.33333333333333337,0.0,23,32,,True
2026-09-01,300200447_,шт,9,30,,,,,,,,,0.0,0.0,1.0,,1,32,,False
2026-09-01,300200448_,шт,9,30,,,1.0,1.0,6.0,1.0,1.0,0.0,1.0,2.0,0.6666666666666667,0.0,11,32,,True
2026-09-01,300200449_,шт,9,30,,,4.0,,11.0,4.0,2.5,2.121320343559646,1.0,2.0,0.6666666666666667,0.0,21,32,,True
2026-09-01,300200450_,шт,9,30,,,,,,,1.0,,0.0,1.0,0.8333333333333334,0.0,8,32,,True
2026-09-01,300200451_,шт,9,30,,,,,17.0,,,,0.0,0.0,1.0,,5,32,,True
2026-09-01,300200452_,шт,9,30,,,1.0,,2.0,1.0,3.5,3.5355339059327378,1.0,2.0,0.6666666666666667,0.0,9,32,,True
2026-09-01,300200454_,шт,9,30,,,,,,,,,0.0,0.0,1.0,,0,32,,False
2026-09-01,300200456_,шт,9,30,,,,,,,,,0.0,0.0,1.0,,0,32,,False
2026-09-01,300200458_,шт,9,30,,,,,,,,,0.0,0.0,1.0,,0,32,,False
2026-09-01,300200459_,шт,9,30,30.0,69.0,18.0,51.0,155.0,39.0,51.166666666666664,23.16390870873617,3.0,6.0,0.0,0.0,31,32,,True
2026-09-01,300200460_,шт,9,30,29.0,36.0,25.0,36.0,161.0,30.0,31.333333333333332,9.244818368505959,3.0,6.0,0.0,0.0,32,32,,True
2026-09-01,300200461_,шт,9,30,22.0,17.0,16.0,36.0,16.0,18.333333333333332,19.0,9.25202680497628,3.0,6.0,0.0,0.0,31,32,,True
2026-09-01,300200462_,шт,9,30,76.0,33.0,56.0,53.0,132.0,55.0,53.333333333333336,13.9809394057292,3.0,6.0,0.0,0.0,32,32,,True
2026-09-01,300200463_,шт,9,30,627.0,866.0,546.0,634.0,967.0,679.6666666666666,637.6666666666666,125.89625358471224,3.0,6.0,0.0,0.0,32,32,,True
2026-09-01,300200464_,шт,9,30,411.0,359.0,216.0,403.0,667.0,328.6666666666667,372.5,89.3034153882125,3.0,6.0,0.0,0.0,32,32,,True
2026-09-01,300200465_,шт,9,30,123.0,204.0,186.0,155.0,213.0,171.0,173.16666666666666,30.102602323829206,3.0,6.0,0.0,0.0,32,32,,True
2026-09-01,300200466_,шт,9,30,101.0,256.0,26.0,30.0,152.0,127.66666666666667,92.33333333333333,86.37283523577689,3.0,6.0,0.0,0.0,32,32,,True
2026-09-01,300200467_,шт,9,30,18.0,43.0,7.0,13.0,6.0,22.666666666666668,21.666666666666668,13.321661558028941,3.0,6.0,0.0,0.0,31,32,,True
2026-09-01,300200468_,шт,9,30,119.0,60.0,37.0,40.0,86.0,72.0,68.66666666666667,33.66105563803174,3.0,6.0,0.0,0.0,31,32,,True
2026-09-01,300200469_,шт,9,30,,,,,,,,,0.0,0.0,1.0,,0,32,,False
2026-09-01,300200470_,шт,9,30,,,,,,,,,0.0,0.0,1.0,,11,32,,True
2026-09-01,300200471_,шт,9,30,15.0,20.0,,1.0,9.0,17.5,11.0,8.286535263104003,2.0,4.0,0.33333333333333337,0.0,30,32,,True
2026-09-01,300200472_,шт,9,30,100.0,50.0,62.0,75.0,50.0,70.66666666666667,75.16666666666667,26.22530584505472,3.0,6.0,0.0,0.0,32,32,,True
2026-09-01,300200473_,шт,9,30,,,,,,,,,0.0,0.0,1.0,,3,32,,True
2026-09-01,300200474_,,9,30,,,,,,,,,0.0,0.0,1.0,,0,32,,False
2026-09-01,300200495_,шт,9,30,,,,,,,,,0.0,0.0,1.0,,0,32,,False
2026-09-01,300200496_,шт,9,30,6.0,64.0,6.0,50.0,15.0,25.333333333333332,34.0,31.89357302028106,3.0,6.0,0.0,0.0,16,32,,True
2026-09-01,300200497_,шт,9,30,6.0,,,,,6.0,6.0,,1.0,1.0,0.8333333333333334,0.0,1,32,,False
2026-09-01,300200498_,шт,9,30,183.0,41.0,155.0,61.0,178.0,126.33333333333333,104.0,55.98214000911382,3.0,6.0,0.0,0.0,32,32,,True
2026-09-01,300200511_,шт,9,30,4.0,,,1.0,,4.0,2.5,2.121320343559648,1.0,2.0,0.6666666666666667,0.0,12,32,,True
2026-09-01,300200515_,шт,9,30,48.0,167.0,46.0,101.0,96.0,87.0,85.16666666666667,49.9416325991318,3.0,6.0,0.0,0.0,31,32,,True
2026-09-01,300200516_,шт,9,30,84.0,5.0,12.0,68.0,51.0,33.666666666666664,42.166666666666664,38.97905420436259,3.0,6.0,0.0,0.0,32,32,,True
2026-09-01,300200517_,шт,9,30,,,,,,,,,0.0,0.0,1.0,,7,32,,True
2026-09-01,300200518_,шт,9,30,20.0,1.0,29.0,67.0,22.0,16.666666666666668,24.166666666666668,23.920005574135352,3.0,6.0,0.0,0.0,30,32,,True
2026-09-01,300200519_,шт,9,30,78.0,14.0,70.0,51.0,106.0,54.0,49.0,23.664319132398365,3.0,6.0,0.0,0.0,32,32,,True
2026-09-01,300200520_,шт,9,30,111.0,125.0,6.0,95.0,514.0,80.66666666666667,91.33333333333333,56.266034751586034,3.0,6.0,0.0,0.0,30,32,,True
2026-09-01,300200521_,шт,9,30,,13.0,1.0,18.0,6.0,7.0,9.5,7.505553499465113,2.0,4.0,0.33333333333333337,0.0,26,32,,True
2026-09-01,300200522_,шт,9,30,,,,,,,,,0.0,0.0,1.0,,2,32,,False
2026-09-01,300200523_,шт,9,30,8.0,6.0,5.0,9.0,10.0,6.333333333333333,6.833333333333333,1.4719601443881065,3.0,6.0,0.0,0.0,32,32,,True
2026-09-01,300200524_,шт,9,30,3.0,,,,,3.0,2.0,1.4142135623730951,1.0,2.0,0.6666666666666667,0.0,8,32,,True
2026-09-01,300200525_,шт,9,30,1.0,,2.0,1.0,,1.5,1.3333333333333333,0.577350269189583,2.0,3.0,0.5,0.0,16,32,,True
2026-09-01,300200526_,шт,9,30,10.0,7.0,7.0,11.0,45.0,8.0,9.5,3.728270376461464,3.0,6.0,0.0,0.0,29,32,,True
2026-09-01,300200527_,шт,9,30,2.0,4.0,,,20.0,3.0,2.25,1.2583057392117913,2.0,4.0,0.33333333333333337,0.0,21,32,,True
2026-09-01,300200528_,,9,30,,,,,,,,,0.0,0.0,1.0,,0,32,,False
2026-09-01,300200529_,шт,9,30,,,,1.0,4.0,,1.0,,0.0,1.0,0.8333333333333334,0.0,12,32,,True
2026-09-01,300200530_,шт,9,30,,5.0,,,2.0,5.0,3.5,2.121320343559635,1.0,2.0,0.6666666666666667,0.0,15,32,,True
2026-09-01,300200531_,шт,9,30,2.0,2.0,2.0,12.0,,2.0,5.0,3.999999999999988,3.0,6.0,0.0,0.0,24,32,,True
2026-09-01,300200532_,шт,9,30,1.0,1.0,,,3.0,1.0,1.0,0.0,2.0,2.0,0.6666666666666667,0.0,11,32,,True
2026-09-01,300200533_,шт,9,30,,1.0,,3.0,2.0,1.0,2.0,1.4142135623730976,1.0,2.0,0.6666666666666667,0.0,13,32,,True
2026-09-01,300200534_,шт,9,30,3.0,,,5.0,,3.0,3.3333333333333335,1.5275252316519465,1.0,3.0,0.5,0.0,17,32,,True
2026-09-01,300200535_,шт,9,30,,,,,15.0,,,,0.0,0.0,1.0,,4,32,,True
2026-09-01,300200536_,шт,9,30,75.0,70.0,20.0,30.0,196.0,55.0,64.66666666666667,32.8125992061993,3.0,6.0,0.0,0.0,30,32,,True
2026-09-01,300200537_,шт,9,30,37.0,40.0,1.0,37.0,37.0,26.0,28.166666666666668,18.755443654221224,3.0,6.0,0.0,0.0,30,32,,True
2026-09-01,300200538_,шт,9,30,12.0,14.0,6.0,6.0,15.0,10.666666666666666,10.666666666666666,6.250333324444864,3.0,6.0,0.0,0.0,31,32,,True
2026-09-01,300200539_,шт,9,30,6.0,4.0,,2.0,44.0,5.0,17.75,27.5484421822118,2.0,4.0,0.33333333333333337,0.0,28,32,,True
2026-09-01,300200540_,шт,9,30,1.0,4.0,,,1.0,2.5,2.5,2.1213203435596424,2.0,2.0,0.6666666666666667,0.0,18,32,,True
2026-09-01,300200541_,шт,9,30,,1.0,,5.0,,1.0,3.0,2.8284271247461903,1.0,2.0,0.6666666666666667,0.0,16,32,,True
2026-09-01,300200542_,шт,9,30,1066.0,505.0,485.0,239.0,618.0,685.3333333333334,629.8333333333334,327.348998267394,3.0,6.0,0.0,0.0,32,32,,True
2026-09-01,300200543_,шт,9,30,72.0,37.0,129.0,27.0,44.0,79.33333333333333,67.5,37.90910180945992,3.0,6.0,0.0,0.0,32,32,,True
2026-09-01,300200544_,шт,9,30,,11.0,13.0,11.0,,12.0,9.0,5.416025603090643,2.0,4.0,0.33333333333333337,0.0,20,32,,True
2026-09-01,300200545_,шт,9,30,26.0,22.0,38.0,6.0,16.0,28.666666666666668,21.0,10.990905331227374,3.0,6.0,0.0,0.0,31,32,,True
2026-09-01,300200546_,шт,9,30,,2.0,3.0,7.0,5.0,2.5,4.0,2.6457513110645907,2.0,3.0,0.5,0.0,19,32,,True
2026-09-01,300200547_,шт,9,30,22.0,7.0,3.0,4.0,7.0,10.666666666666666,8.5,8.018728078691783,3.0,6.0,0.0,0.0,31,32,,True
2026-09-01,300200548_,шт,9,30,35.0,13.0,31.0,21.0,31.0,26.333333333333332,42.333333333333336,52.88351980217152,3.0,6.0,0.0,0.0,32,32,,True
2026-09-01,300200549_,шт,9,30,38.0,30.0,9.0,22.0,32.0,25.666666666666668,32.166666666666664,19.589963416674948,3.0,6.0,0.0,0.0,32,32,,True
2026-09-01,300200550_,шт,9,30,2.0,,2.0,,,2.0,2.0,0.0,2.0,2.0,0.6666666666666667,0.0,4,32,,True
2026-09-01,300200551_,шт,9,30,3.0,9.0,3.0,1.0,12.0,5.0,5.166666666666667,3.2506409624359742,3.0,6.0,0.0,0.0,28,32,,True
2026-09-01,300200552_,шт,9,30,41.0,21.0,12.0,4.0,8.0,24.666666666666668,24.166666666666668,14.30268040147259,3.0,6.0,0.0,0.0,30,32,,True
2026-09-01,300200553_,шт,9,30,92.0,20.0,23.0,24.0,26.0,45.0,45.5,28.556960622587248,3.0,6.0,0.0,0.0,32,32,,True
2026-09-01,300200554_,шт,9,30,3.0,,2.0,,,2.5,2.5,0.7071067811865476,2.0,2.0,0.6666666666666667,0.0,19,32,,True
2026-09-01,300200555_,шт,9,30,11.0,,32.0,3.0,3.0,21.5,20.2,12.755391017134666,2.0,5.0,0.16666666666666663,0.0,25,32,,True
2026-09-01,300200556_,шт,9,30,5.0,6.0,3.0,,1.0,4.666666666666667,3.4,2.073644135332732,3.0,5.0,0.16666666666666663,0.0,27,32,,True
2026-09-01,300200557_,шт,9,30,,,,,2.0,,1.5,0.7071067811865476,0.0,2.0,0.6666666666666667,0.0,10,32,,True
2026-09-01,300200558_,шт,9,30,480.0,299.0,459.0,181.0,411.0,412.6666666666667,347.8333333333333,117.36850798517762,3.0,6.0,0.0,0.0,32,32,,True
2026-09-01,300200559_,шт,9,30,311.0,91.0,208.0,71.0,222.0,203.33333333333334,199.5,132.63596797249232,3.0,6.0,0.0,0.0,32,32,,True
2026-09-01,300200560_,шт,9,30,111.0,56.0,46.0,25.0,99.0,71.0,67.83333333333333,38.8196685543124,3.0,6.0,0.0,0.0,32,32,,True
2026-09-01,300200561_,шт,9,30,26.0,16.0,24.0,7.0,54.0,22.0,20.5,7.582875444051486,3.0,6.0,0.0,0.0,31,32,,True
2026-09-01,300200562_,шт,9,30,10.0,1.0,1.0,,5.0,4.0,4.0,4.242640687119444,3.0,4.0,0.33333333333333337,0.0,27,32,,True
2026-09-01,300200563_,шт,9,30,53.0,46.0,22.0,12.0,39.0,40.333333333333336,37.666666666666664,16.548917386544264,3.0,6.0,0.0,0.0,32,32,,True
2026-09-01,300200564_,шт,9,30,80.0,87.0,20.0,52.0,180.0,62.333333333333336,46.5,31.614869919074774,3.0,6.0,0.0,0.0,32,32,,True
2026-09-01,300200565_,шт,9,30,31.0,3.0,6.0,11.0,4.0,13.333333333333334,13.666666666666666,12.258330500792784,3.0,6.0,0.0,0.0,29,32,,True
2026-09-01,300200566_,шт,9,30,,,,,,,,,0.0,0.0,1.0,,11,32,,True
2026-09-01,300200567_,шт,9,30,3.0,13.0,,8.0,8.0,8.0,6.0,4.690415759823432,2.0,5.0,0.16666666666666663,0.0,26,32,,True
2026-09-01,300200568_,шт,9,30,,,,,,,,,0.0,0.0,1.0,,8,32,,True
2026-09-01,300200569_,шт,9,30,,2.0,,,,2.0,2.5,0.7071067811865474,1.0,2.0,0.6666666666666667,0.0,14,32,,True
2026-09-01,300200570_,шт,9,30,2.0,,1.0,2.0,1.0,1.5,2.8,2.949576240750534,2.0,5.0,0.16666666666666663,0.0,29,32,,True
2026-09-01,300200571_,шт,9,30,,7.0,,3.0,1.0,7.0,4.0,2.645751311064604,1.0,3.0,0.5,0.0,25,32,,True
2026-09-01,300200572_,шт,9,30,,1.0,,,,1.0,1.0,,1.0,1.0,0.8333333333333334,0.0,2,32,,False
2026-09-01,300200573_,шт,9,30,1.0,,,,1.0,1.0,1.0,,1.0,1.0,0.8333333333333334,0.0,9,32,,True
2026-09-01,300200574_,шт,9,30,5.0,,,,2.0,5.0,3.6666666666666665,1.5275252316519499,1.0,3.0,0.5,0.0,19,32,,True
2026-09-01,300200575_,шт,9,30,,,5.0,27.0,12.0,5.0,13.25,11.32475165290613,1.0,4.0,0.33333333333333337,0.0,22,32,,True
2026-09-01,300200576_,шт,9,30,30.0,,10.0,48.0,,20.0,18.6,19.9449241663136,2.0,5.0,0.16666666666666663,0.0,26,32,,True
2026-09-01,300200577_,шт,9,30,,,,,,,,,0.0,0.0,1.0,,11,32,,True
2026-09-01,300200578_,,9,30,,,,,,,,,0.0,0.0,1.0,,0,32,,False
2026-09-01,300200579_,шт,9,30,74.0,39.0,3.0,12.0,85.0,38.666666666666664,25.0,27.45906043549189,3.0,6.0,0.0,0.0,31,32,,True
2026-09-01,300200580_,шт,9,30,3.0,29.0,23.0,46.0,30.0,18.333333333333332,25.25,17.745891543302797,3.0,4.0,0.33333333333333337,0.0,30,32,,True
2026-09-01,300200581_,шт,9,30,,11.0,1.0,16.0,13.0,6.0,9.2,5.805170109479967,2.0,5.0,0.16666666666666663,0.0,31,32,,True
2026-09-01,300200582_,шт,9,30,1.0,,1.0,4.0,9.0,1.0,1.8,1.3038404810405515,2.0,5.0,0.16666666666666663,0.0,28,32,,True
2026-09-01,300200583_,шт,9,30,,,2.0,2.0,3.0,2.0,1.6666666666666667,0.5773502691896262,1.0,3.0,0.5,0.0,17,32,,True
2026-09-01,300200584_,шт,9,30,3.0,,1.0,9.0,5.0,2.0,5.0,3.6514837167011085,2.0,4.0,0.33333333333333337,0.0,20,32,,True
2026-09-01,300200586_,,9,30,,,,,,,,,0.0,0.0,1.0,,0,32,,False
2026-09-01,300200588_,шт,9,30,,47.0,110.0,53.0,75.0,78.5,49.0,37.87479372881123,2.0,5.0,0.16666666666666663,0.0,30,32,,True
2026-09-01,300200589_,,9,30,,,,,,,,,0.0,0.0,1.0,,0,32,,False
2026-09-01,300200590_,шт,9,30,18.0,10.0,11.0,45.0,45.0,13.0,19.0,14.882876066137218,3.0,5.0,0.16666666666666663,0.0,27,32,,True
2026-09-01,300200591_,шт,9,30,2.0,10.0,4.0,4.0,27.0,5.333333333333333,6.2,4.024922359499609,3.0,5.0,0.16666666666666663,0.0,29,32,,True
2026-09-01,300200592_,шт,9,30,87.0,46.0,66.0,68.0,149.0,66.33333333333333,90.66666666666667,73.10175556487454,3.0,6.0,0.0,0.0,30,32,,True
2026-09-01,300200593_,шт,9,30,134.0,31.0,42.0,65.0,70.0,69.0,88.0,55.57337492000999,3.0,6.0,0.0,0.0,28,32,,True
2026-09-01,300200594_,,9,30,,,,,,,,,0.0,0.0,1.0,,0,32,,False
2026-09-01,300200595_,шт,9,30,16.0,9.0,,1.0,49.0,12.5,10.0,9.027735042633893,2.0,5.0,0.16666666666666663,0.0,23,32,,True
2026-09-01,300200622_,,9,30,,,,,,,,,0.0,0.0,1.0,,0,32,,False
2026-09-01,300200623_,,9,30,,,,,,,,,0.0,0.0,1.0,,0,32,,False
2026-09-01,300200624_,шт,9,30,67.0,,,17.0,13.0,67.0,31.5,27.501515109777735,1.0,4.0,0.33333333333333337,0.0,23,32,,True
2026-09-01,300200627_,,9,30,,,,,,,,,0.0,0.0,1.0,,0,32,,False
2026-09-01,300200632_,шт,9,30,95.0,,42.0,,15.0,68.5,56.5,30.226919569593367,2.0,4.0,0.33333333333333337,0.0,29,32,,True
2026-09-01,300200635_,шт,9,30,,,,,,,,,0.0,0.0,1.0,,0,32,,False
2026-09-01,300200700_,шт,9,30,131.0,91.0,102.0,96.0,123.0,108.0,86.66666666666667,32.23455702606557,3.0,6.0,0.0,0.0,31,32,,True
2026-09-01,300200704_,шт,9,30,4.0,4.0,13.0,,46.0,7.0,24.4,42.5005882312233,3.0,5.0,0.16666666666666663,0.0,24,32,,True
2026-09-01,300200718_,шт,9,30,348.0,192.0,303.0,268.0,390.0,281.0,319.5,141.55246377227067,3.0,6.0,0.0,0.0,31,32,,True
2026-09-01,300200719_,шт,9,30,,,18.0,11.0,8.0,18.0,14.666666666666666,3.511884584284122,1.0,3.0,0.5,0.0,21,32,,True
2026-09-01,300200720_,шт,9,30,50.0,25.0,53.0,,15.0,42.666666666666664,35.0,19.81581859693582,3.0,4.0,0.33333333333333337,0.0,29,32,,True
2026-09-01,300200721_,шт,9,30,2.0,,5.0,10.0,,3.5,5.6,2.880972058177586,2.0,5.0,0.16666666666666663,0.0,15,32,,True
2026-09-01,300200722_,шт,9,30,42.0,27.0,11.0,,20.0,26.666666666666668,20.5,17.67295485574875,3.0,4.0,0.33333333333333337,0.0,28,32,,True
2026-09-01,300200723_,шт,9,30,5.0,,2.0,,,3.5,3.5,2.1213203435596424,2.0,2.0,0.6666666666666667,0.0,9,32,,True
2026-09-01,300200724_,шт,9,30,4.0,,4.0,2.0,2.0,4.0,5.2,3.033150177620623,2.0,5.0,0.16666666666666663,0.0,24,32,,True
2026-09-01,300200725_,шт,9,30,38.0,11.0,2.0,10.0,11.0,17.0,15.666666666666666,15.24029745991418,3.0,6.0,0.0,0.0,31,32,,True
2026-09-01,300200726_,шт,9,30,19.0,60.0,14.0,,34.0,31.0,23.4,21.24382263153221,3.0,5.0,0.16666666666666663,0.0,31,32,,True
2026-09-01,300200727_,шт,9,30,,,,,,,,,0.0,0.0,1.0,,1,32,,False
2026-09-01,300200728_,шт,9,30,5.0,4.0,8.0,,4.0,5.666666666666667,4.8,2.5884358211089578,3.0,5.0,0.16666666666666663,0.0,22,32,,True
2026-09-01,300200729_,шт,9,30,13.0,17.0,48.0,8.0,38.0,26.0,19.5,14.597945060863871,3.0,6.0,0.0,0.0,29,32,,True
2026-09-01,300200730_,шт,9,30,27.0,9.0,20.0,24.0,18.0,18.666666666666668,17.666666666666668,7.339391437078867,3.0,6.0,0.0,0.0,30,32,,True
2026-09-01,300200731_,шт,9,30,2.0,,,,,2.0,2.0,,1.0,1.0,0.8333333333333334,0.0,15,32,,True
2026-09-01,300200732_,шт,9,30,7.0,2.0,19.0,10.0,5.0,9.333333333333334,8.6,6.5038450166036545,3.0,5.0,0.16666666666666663,0.0,22,32,,True
2026-09-01,300200733_,шт,9,30,2.0,,1.0,4.0,,1.5,2.75,1.500000000000001,2.0,4.0,0.33333333333333337,0.0,21,32,,True
2026-09-01,300200734_,шт,9,30,,,1.0,,,1.0,1.0,,1.0,1.0,0.8333333333333334,0.0,7,32,,True
2026-09-01,300200735_,шт,9,30,356.0,68.0,216.0,242.0,291.0,213.33333333333334,207.0,96.00624979656281,3.0,6.0,0.0,0.0,32,32,,True
2026-09-01,300200736_,шт,9,30,72.0,57.0,71.0,84.0,80.0,66.66666666666667,79.16666666666667,41.19911002275015,3.0,6.0,0.0,0.0,32,32,,True
2026-09-01,300200737_,шт,9,30,31.0,38.0,34.0,39.0,48.0,34.333333333333336,40.166666666666664,15.118421434351745,3.0,6.0,0.0,0.0,31,32,,True
2026-09-01,300200738_,шт,9,30,23.0,17.0,12.0,13.0,11.0,17.333333333333332,16.666666666666668,4.033195589934452,3.0,6.0,0.0,0.0,31,32,,True
2026-09-01,300200739_,шт,9,30,,1.0,,,2.0,1.0,2.0,1.4142135623730883,1.0,2.0,0.6666666666666667,0.0,25,32,,True
2026-09-01,300200740_,шт,9,30,11.0,7.0,17.0,2.0,11.0,11.666666666666666,13.5,8.312640976248156,3.0,6.0,0.0,0.0,30,32,,True
2026-09-01,300200741_,шт,9,30,23.0,45.0,78.0,9.0,118.0,48.666666666666664,47.666666666666664,28.040446976941453,3.0,6.0,0.0,0.0,30,32,,True
2026-09-01,300200742_,шт,9,30,197.0,37.0,104.0,40.0,83.0,112.66666666666667,82.16666666666667,61.219005763460956,3.0,6.0,0.0,0.0,32,32,,True
2026-09-01,300200743_,шт,9,30,24.0,12.0,21.0,15.0,26.0,19.0,18.333333333333332,4.32049379893856,3.0,6.0,0.0,0.0,29,32,,True
2026-09-01,300200744_,шт,9,30,202.0,70.0,162.0,87.0,82.0,144.66666666666666,147.0,85.86501033599191,3.0,6.0,0.0,0.0,32,32,,True
2026-09-01,300200745_,шт,9,30,101.0,53.0,50.0,61.0,96.0,68.0,73.0,21.08079694888218,3.0,6.0,0.0,0.0,32,32,,True
2026-09-01,300200746_,шт,9,30,59.0,78.0,196.0,68.0,54.0,111.0,94.83333333333333,52.74245601663489,3.0,6.0,0.0,0.0,32,32,,True
2026-09-01,300200747_,шт,9,30,1.0,,,,7.0,1.0,1.0,0.0,1.0,2.0,0.6666666666666667,0.0,19,32,,True
2026-09-01,300200748_,шт,9,30,1.0,2.0,9.0,2.0,10.0,4.0,3.0,3.391164991562633,3.0,5.0,0.16666666666666663,0.0,28,32,,True
2026-09-01,300200749_,шт,9,30,56.0,55.0,55.0,29.0,43.0,55.333333333333336,43.333333333333336,17.64841824829258,3.0,6.0,0.0,0.0,32,32,,True
2026-09-01,300200750_,шт,9,30,25.0,12.0,8.0,19.0,35.0,15.0,18.5,7.007139216541935,3.0,6.0,0.0,0.0,32,32,,True
2026-09-01,300200751_,шт,9,30,164.0,63.0,138.0,38.0,41.0,121.66666666666667,97.33333333333333,47.33568069296848,3.0,6.0,0.0,0.0,32,32,,True
2026-09-01,300200752_,шт,9,30,101.0,50.0,81.0,30.0,91.0,77.33333333333333,58.333333333333336,27.9475699599566,3.0,6.0,0.0,0.0,32,32,,True
2026-09-01,300200753_,шт,9,30,13.0,24.0,56.0,20.0,37.0,31.0,24.833333333333332,15.727894540168649,3.0,6.0,0.0,0.0,32,32,,True
2026-09-01,300200754_,шт,9,30,5.0,5.0,4.0,,13.0,4.666666666666667,3.6,1.6733200530681511,3.0,5.0,0.16666666666666663,0.0,27,32,,True
2026-09-01,300200755_,шт,9,30,3.0,8.0,13.0,1.0,8.0,8.0,7.166666666666667,4.400757510550505,3.0,6.0,0.0,0.0,30,32,,True
2026-09-01,300200767_,шт,9,30,,1.0,,,9.0,1.0,1.0,0.0,1.0,2.0,0.6666666666666667,0.0,21,32,,True
2026-09-01,300200771_,шт,9,30,16.0,12.0,42.0,6.0,20.0,23.333333333333332,22.333333333333332,13.706446172026755,3.0,6.0,0.0,0.0,29,32,,True
2026-09-01,300200772_,шт,9,30,7.0,5.0,9.0,5.0,8.0,7.0,7.0,3.5777087639996763,3.0,6.0,0.0,0.0,28,32,,True
2026-09-01,300200773_,шт,9,30,1.0,2.0,3.0,2.0,10.0,2.0,4.666666666666667,4.366539438350106,3.0,6.0,0.0,0.0,27,32,,True
2026-09-01,300200774_,шт,9,30,2.0,,1.0,1.0,2.0,1.5,1.3333333333333333,0.5773502691896257,2.0,3.0,0.5,0.0,10,32,,True
2026-09-01,300200775_,шт,9,30,,,,,,,,,0.0,0.0,1.0,,13,32,,True
2026-09-01,300200776_,шт,9,30,5.0,,,,4.0,5.0,3.0,2.0,1.0,3.0,0.5,0.0,12,32,,True
2026-09-01,300200777_,шт,9,30,26.0,13.0,43.0,18.0,55.0,27.333333333333332,35.166666666666664,18.882972929776354,3.0,6.0,0.0,0.0,28,32,,True
2026-09-01,300200778_,шт,9,30,12.0,15.0,1.0,12.0,35.0,9.333333333333334,9.2,5.630275304103696,3.0,5.0,0.16666666666666663,0.0,21,32,,True
2026-09-01,300200779_,шт,9,30,6.0,15.0,11.0,22.0,42.0,10.666666666666666,18.333333333333332,12.722683155162883,3.0,6.0,0.0,0.0,28,32,,True
2026-09-01,300200780_,,9,30,,,,,,,,,0.0,0.0,1.0,,0,32,,False
2026-09-01,300200781_,шт,9,30,1.0,,,4.0,,1.0,2.5,2.121320343559642,1.0,2.0,0.6666666666666667,0.0,9,32,,True
2026-09-01,300200782_,шт,9,30,4.0,5.0,4.0,3.0,20.0,4.333333333333333,4.2,0.8366600265340702,3.0,5.0,0.16666666666666663,0.0,21,32,,True
2026-09-01,300200783_,шт,9,30,5.0,,,12.0,7.0,5.0,6.25,4.573474244670748,1.0,4.0,0.33333333333333337,0.0,17,32,,True
2026-09-01,300200784_,шт,9,30,87.0,106.0,1.0,,56.0,64.66666666666667,64.66666666666667,55.94938188517666,3.0,3.0,0.5,0.0,19,32,,True
2026-09-01,300200785_,шт,9,30,7.0,5.0,,,,6.0,5.0,2.0000000000000053,2.0,3.0,0.5,0.0,20,32,,True
2026-09-01,300200786_,шт,9,30,,,,,,,,,0.0,0.0,1.0,,2,32,,False
2026-09-01,300200787_,шт,9,30,,21.0,2.0,,7.0,11.5,11.5,13.4350288425444,2.0,2.0,0.6666666666666667,0.0,15,32,,True
2026-09-01,300200788_,шт,9,30,10.0,,,,,10.0,10.0,,1.0,1.0,0.8333333333333334,0.0,7,32,,True
2026-09-01,300200789_,шт,9,30,,36.0,,,,36.0,36.0,,1.0,1.0,0.8333333333333334,0.0,10,32,,True
2026-09-01,300200790_,шт,9,30,8.0,4.0,,,,6.0,6.0,2.8284271247461903,2.0,2.0,0.6666666666666667,0.0,14,32,,True
2026-09-01,300200791_,шт,9,30,,,,,,,,,0.0,0.0,1.0,,8,32,,True
2026-09-01,300200792_,шт,9,30,,2.0,,,,2.0,2.0,,1.0,1.0,0.8333333333333334,0.0,2,32,,False
2026-09-01,300200793_,шт,9,30,,,,,,,,,0.0,0.0,1.0,,5,32,,True
2026-09-01,300200794_,шт,9,30,,,,,,,,,0.0,0.0,1.0,,8,32,,True
2026-09-01,300200795_,шт,9,30,30.0,38.0,,,25.0,34.0,34.0,5.656854249492411,2.0,2.0,0.6666666666666667,0.0,20,32,,True
2026-09-01,300200796_,шт,9,30,2.0,38.0,,2.0,,20.0,11.25,17.839562774911272,2.0,4.0,0.33333333333333337,0.0,15,32,,True
2026-09-01,300200797_,шт,9,30,5.0,9.0,1.0,,,5.0,4.0,3.829708431025354,3.0,4.0,0.33333333333333337,0.0,17,32,,True
2026-09-01,300200798_,шт,9,30,2.0,6.0,,,,4.0,4.0,2.8284271247461903,2.0,2.0,0.6666666666666667,0.0,11,32,,True
2026-09-01,300200799_,шт,9,30,3.0,1.0,,,,2.0,2.0,1.4142135623730951,2.0,2.0,0.6666666666666667,0.0,6,32,,True
2026-09-01,300200800_,шт,9,30,,,,,,,,,0.0,0.0,1.0,,10,32,,True
2026-09-01,300200801_,шт,9,30,,10.0,,,,10.0,10.0,,1.0,1.0,0.8333333333333334,0.0,10,32,,True
2026-09-01,300200802_,шт,9,30,20.0,,,,,20.0,20.0,,1.0,1.0,0.8333333333333334,0.0,4,32,,True
2026-09-01,300200803_,шт,9,30,,10.0,1.0,,,5.5,5.0,4.58257569495584,2.0,3.0,0.5,0.0,13,32,,True
2026-09-01,300200804_,шт,9,30,,,,,,,,,0.0,0.0,1.0,,3,32,,True
2026-09-01,300200805_,шт,9,30,,7.0,,,,7.0,5.0,2.8284271247461903,1.0,2.0,0.6666666666666667,0.0,5,32,,True
2026-09-01,300200806_,шт,9,30,,,,,,,,,0.0,0.0,1.0,,5,32,,True
2026-09-01,300200807_,шт,9,30,,,,,,,,,0.0,0.0,1.0,,2,32,,False
2026-09-01,300200808_,шт,9,30,,,,,,,,,0.0,0.0,1.0,,2,32,,False
2026-09-01,300200809_,шт,9,30,,,,,,,,,0.0,0.0,1.0,,4,32,,True
2026-09-01,300200810_,шт,9,30,241.0,252.0,30.0,27.0,56.0,174.33333333333334,126.83333333333333,109.32413579199557,3.0,6.0,0.0,0.0,25,32,,True
2026-09-01,300200811_,шт,9,30,,,1.0,,1.0,1.0,23.0,31.11269837220809,1.0,2.0,0.6666666666666667,0.0,12,32,,True
2026-09-01,300200812_,шт,9,30,59.0,42.0,7.0,11.0,14.0,36.0,27.333333333333332,22.61562881431037,3.0,6.0,0.0,0.0,24,32,,True
2026-09-01,300200813_,шт,9,30,12.0,,,,,12.0,12.0,,1.0,1.0,0.8333333333333334,0.0,6,32,,True
2026-09-01,300200814_,шт,9,30,35.0,30.0,6.0,7.0,7.0,23.666666666666668,19.166666666666668,12.671490309615013,3.0,6.0,0.0,0.0,25,32,,True
2026-09-01,300200815_,шт,9,30,,,,,,,,,0.0,0.0,1.0,,6,32,,True
2026-09-01,300200816_,шт,9,30,5.0,6.0,1.0,,2.0,4.0,4.4,3.435112807463535,3.0,5.0,0.16666666666666663,0.0,20,32,,True
2026-09-01,300200817_,шт,9,30,11.0,10.0,,,,10.5,9.0,2.645751311064639,2.0,3.0,0.5,0.0,20,32,,True
2026-09-01,300200818_,шт,9,30,3.0,2.0,2.0,,,2.3333333333333335,2.5,0.577350269189633,3.0,4.0,0.33333333333333337,0.0,14,32,,True
2026-09-01,300200819_,шт,9,30,,,,,,,1.0,,0.0,1.0,0.8333333333333334,0.0,7,32,,True
2026-09-01,300200820_,шт,9,30,1.0,,1.0,,,1.0,1.6666666666666667,1.1547005383792477,2.0,3.0,0.5,0.0,14,32,,True
2026-09-01,300200821_,шт,9,30,84.0,86.0,23.0,18.0,75.0,64.33333333333333,55.333333333333336,39.6669467777225,3.0,6.0,0.0,0.0,25,32,,True
2026-09-01,300200822_,шт,9,30,75.0,87.0,8.0,13.0,28.0,56.666666666666664,45.833333333333336,36.39459666855322,3.0,6.0,0.0,0.0,25,32,,True
2026-09-01,300200823_,шт,9,30,26.0,15.0,4.0,2.0,15.0,15.0,13.333333333333334,13.261473020244257,3.0,6.0,0.0,0.0,24,32,,True
2026-09-01,300200824_,шт,9,30,14.0,12.0,,7.0,2.0,13.0,9.4,5.4129474410897345,2.0,5.0,0.16666666666666663,0.0,23,32,,True
2026-09-01,300200825_,шт,9,30,2.0,1.0,,,2.0,1.5,1.6666666666666667,0.5773502691896423,2.0,3.0,0.5,0.0,15,32,,True
2026-09-01,300200826_,шт,9,30,11.0,14.0,,,,12.5,15.75,7.632168761236882,2.0,4.0,0.33333333333333337,0.0,21,32,,True
2026-09-01,300200827_,шт,9,30,,,,,,,,,0.0,0.0,1.0,,5,32,,True
2026-09-01,300200828_,шт,9,30,2.0,,1.0,,,1.5,1.6666666666666667,0.5773502691896257,2.0,3.0,0.5,0.0,12,32,,True
2026-09-01,300200829_,шт,9,30,,,,,,,,,0.0,0.0,1.0,,2,32,,False
2026-09-01,300200830_,шт,9,30,1.0,,,,,1.0,1.0,,1.0,1.0,0.8333333333333334,0.0,7,32,,True
2026-09-01,300200831_,шт,9,30,,,,,,,11.0,,0.0,1.0,0.8333333333333334,0.0,2,32,,False
2026-09-01,300200832_,шт,9,30,22.0,,1.0,4.0,,11.5,8.75,9.287087810503355,2.0,4.0,0.33333333333333337,0.0,17,32,,True
2026-09-01,300200833_,шт,9,30,24.0,11.0,18.0,26.0,,17.666666666666668,21.4,6.913754406977601,3.0,5.0,0.16666666666666663,0.0,20,32,,True
2026-09-01,300200834_,шт,9,30,,,,,,,2.0,,0.0,1.0,0.8333333333333334,0.0,12,32,,True
2026-09-01,300200835_,шт,9,30,15.0,7.0,25.0,36.0,2.0,15.666666666666666,16.166666666666668,12.448560827126434,3.0,6.0,0.0,0.0,21,32,,True
2026-09-01,300200836_,шт,9,30,3.0,,,,,3.0,2.5,0.7071067811865476,1.0,2.0,0.6666666666666667,0.0,10,32,,True
2026-09-01,300200837_,шт,9,30,,,,,,,,,0.0,0.0,1.0,,2,32,,False
2026-09-01,300200838_,шт,9,30,18.0,1.0,3.0,29.0,,7.333333333333333,10.6,12.421755109484327,3.0,5.0,0.16666666666666663,0.0,20,32,,True
2026-09-01,300200839_,шт,9,30,8.0,8.0,4.0,,1.0,6.666666666666667,6.75,1.8929694486000916,3.0,4.0,0.33333333333333337,0.0,18,32,,True
2026-09-01,300200840_,шт,9,30,20.0,,1.0,,,10.5,7.666666666666667,10.692676621563626,2.0,3.0,0.5,0.0,11,32,,True
2026-09-01,300200841_,шт,9,30,,,,,,,5.5,3.5355339059327378,0.0,2.0,0.6666666666666667,0.0,7,32,,True
2026-09-01,300200842_,шт,9,30,177.0,32.0,116.0,154.0,6.0,108.33333333333333,100.33333333333333,68.60515043833554,3.0,6.0,0.0,0.0,23,32,,True
2026-09-01,300200843_,шт,9,30,16.0,21.0,,,,18.5,17.333333333333332,3.214550253664318,2.0,3.0,0.5,0.0,15,32,,True
2026-09-01,300200844_,шт,9,30,8.0,1.0,1.0,1.0,3.0,3.3333333333333335,2.8333333333333335,2.786873995477139,3.0,6.0,0.0,0.0,18,32,,True
2026-09-01,300200845_,шт,9,30,,,3.0,,,3.0,3.0,,1.0,1.0,0.8333333333333334,0.0,9,32,,True
2026-09-01,300200846_,шт,9,30,96.0,28.0,89.0,,,71.0,53.8,38.97050166472052,3.0,5.0,0.16666666666666663,0.0,21,32,,True
2026-09-01,300200847_,шт,9,30,47.0,5.0,28.0,45.0,,26.666666666666668,32.6,17.126003620226165,3.0,5.0,0.16666666666666663,0.0,21,32,,True
2026-09-01,300200848_,шт,9,30,15.0,9.0,3.0,39.0,,9.0,14.0,13.56465996625054,3.0,6.0,0.0,0.0,22,32,,True
2026-09-01,300200849_,шт,9,30,11.0,1.0,3.0,16.0,,5.0,6.333333333333333,6.055300708194976,3.0,6.0,0.0,0.0,20,32,,True
2026-09-01,300200850_,шт,9,30,1.0,,,,,1.0,1.0,,1.0,1.0,0.8333333333333334,0.0,11,32,,True
2026-09-01,300200851_,шт,9,30,20.0,5.0,7.0,,2.0,10.666666666666666,8.75,7.675719293112963,3.0,4.0,0.33333333333333337,0.0,17,32,,True
2026-09-01,300200852_,шт,9,30,,,,,,,,,0.0,0.0,1.0,,9,32,,True
2026-09-01,300200853_,шт,9,30,22.0,,,,,22.0,11.5,14.849242404917497,1.0,2.0,0.6666666666666667,0.0,13,32,,True
2026-09-01,300200854_,шт,9,30,,,,,,,,,0.0,0.0,1.0,,7,32,,True
2026-09-01,300200855_,шт,9,30,,,,,,,,,0.0,0.0,1.0,,4,32,,True
2026-09-01,300200856_,шт,9,30,,496.0,276.0,,193.0,386.0,263.0,189.02204456976287,2.0,4.0,0.33333333333333337,0.0,23,32,,True
2026-09-01,300200857_,шт,9,30,10.0,135.0,79.0,,60.0,74.66666666666667,56.0,52.85830114561004,3.0,5.0,0.16666666666666663,0.0,24,32,,True
2026-09-01,300200858_,шт,9,30,,,,,,,,,0.0,0.0,1.0,,12,32,,True
2026-09-01,300200859_,шт,9,30,9.0,55.0,60.0,,31.0,41.333333333333336,29.4,25.928748523598372,3.0,5.0,0.16666666666666663,0.0,23,32,,True
2026-09-01,300200860_,шт,9,30,,,,,2.0,,10.0,,0.0,1.0,0.8333333333333334,0.0,11,32,,True
2026-09-01,300200861_,шт,9,30,2.0,35.0,18.0,,15.0,18.333333333333332,22.8,22.90633100258529,3.0,5.0,0.16666666666666663,0.0,22,32,,True
2026-09-01,300200862_,шт,9,30,10.0,45.0,23.0,,11.0,26.0,20.5,18.156725108528427,3.0,4.0,0.33333333333333337,0.0,20,32,,True
2026-09-01,300200863_,шт,9,30,2.0,18.0,7.0,,1.0,9.0,9.0,8.185352771872449,3.0,3.0,0.5,0.0,15,32,,True
2026-09-01,300200864_,шт,9,30,,1.0,,,,1.0,1.0,,1.0,1.0,0.8333333333333334,0.0,10,32,,True
2026-09-01,300200865_,шт,9,30,4.0,138.0,92.0,7.0,9.0,78.0,60.25,65.96147865736992,3.0,4.0,0.33333333333333337,0.0,17,32,,True
2026-09-01,300200866_,шт,9,30,3.0,7.0,,,2.0,5.0,5.0,2.8284271247461903,2.0,2.0,0.6666666666666667,0.0,11,32,,True
2026-09-01,300200867_,шт,9,30,,4.0,,,,4.0,4.0,,1.0,1.0,0.8333333333333334,0.0,11,32,,True
2026-09-01,300200868_,шт,9,30,12.0,259.0,164.0,,136.0,145.0,114.4,98.52563118295656,3.0,5.0,0.16666666666666663,0.0,24,32,,True
2026-09-01,300200869_,шт,9,30,,137.0,126.0,,38.0,131.5,83.75,60.17405310153754,2.0,4.0,0.33333333333333337,0.0,23,32,,True
2026-09-01,300200870_,шт,9,30,2.0,99.0,36.0,,,45.666666666666664,34.2,38.70658858644095,3.0,5.0,0.16666666666666663,0.0,23,32,,True
2026-09-01,300200871_,шт,9,30,,34.0,11.0,,3.0,22.5,18.0,13.892443989449818,2.0,3.0,0.5,0.0,21,32,,True
2026-09-01,300200872_,шт,9,30,,11.0,,,,11.0,11.0,,1.0,1.0,0.8333333333333334,0.0,15,32,,True
2026-09-01,300200873_,шт,9,30,3.0,54.0,15.0,,1.0,24.0,16.8,21.463923220138483,3.0,5.0,0.16666666666666663,0.0,24,32,,True
2026-09-01,300200874_,шт,9,30,,,,,,,,,0.0,0.0,1.0,,1,32,,False
2026-09-01,300200875_,шт,9,30,4.0,13.0,,,2.0,8.5,7.0,5.477225575051663,2.0,4.0,0.33333333333333337,0.0,17,32,,True
2026-09-01,300200876_,шт,9,30,,3.0,,,,3.0,3.0,,1.0,1.0,0.8333333333333334,0.0,5,32,,True
2026-09-01,300200877_,шт,9,30,1.0,1.0,,,1.0,1.0,1.0,0.0,2.0,2.0,0.6666666666666667,0.0,3,32,,True
2026-09-01,300200878_,шт,9,30,,2.0,,1.0,22.0,2.0,1.5,0.7071067811865476,1.0,2.0,0.6666666666666667,0.0,6,32,,True
2026-09-01,300200879_,шт,9,30,4.0,14.0,2.0,,,6.666666666666667,6.666666666666667,6.4291005073286405,3.0,3.0,0.5,0.0,20,32,,True
2026-09-01,300200880_,шт,9,30,,,,,,,,,0.0,0.0,1.0,,6,32,,True
2026-09-01,300200881_,шт,9,30,,3.0,,,,3.0,3.0,,1.0,1.0,0.8333333333333334,0.0,10,32,,True
2026-09-01,300200882_,шт,9,30,38.0,4.0,,1.0,,21.0,14.333333333333334,20.55075018906447,2.0,3.0,0.5,0.0,13,32,,True
2026-09-01,300200883_,шт,9,30,14.0,,,,,14.0,14.0,,1.0,1.0,0.8333333333333334,0.0,11,32,,True
2026-09-01,300200884_,шт,9,30,3.0,1.0,,,,2.0,2.0,1.4142135623730951,2.0,2.0,0.6666666666666667,0.0,8,32,,True
2026-09-01,300200885_,шт,9,30,,1.0,,,,1.0,1.0,,1.0,1.0,0.8333333333333334,0.0,6,32,,True
2026-09-01,300200886_,шт,9,30,,,,,,,,,0.0,0.0,1.0,,3,32,,True
2026-09-01,300200887_,шт,9,30,1.0,68.0,50.0,34.0,,39.666666666666664,43.4,27.199264695943537,3.0,5.0,0.16666666666666663,0.0,22,32,,True
2026-09-01,300200888_,шт,9,30,,4.0,10.0,28.0,,7.0,10.8,10.256705123966467,2.0,5.0,0.16666666666666663,0.0,18,32,,True
2026-09-01,300200889_,шт,9,30,,,,,,,,,0.0,0.0,1.0,,3,32,,True
2026-09-01,300200890_,шт,9,30,,2.0,4.0,11.0,,3.0,6.25,4.031128874149276,2.0,4.0,0.33333333333333337,0.0,17,32,,True
2026-09-01,300200891_,шт,9,30,,,,,,,,,0.0,0.0,1.0,,0,32,,False
2026-09-01,300200892_,шт,9,30,,,2.0,2.0,,2.0,2.0,0.0,1.0,2.0,0.6666666666666667,0.0,13,32,,True
2026-09-01,300200893_,шт,9,30,1.0,,,,,1.0,2.3333333333333335,1.527525231651948,1.0,3.0,0.5,0.0,13,32,,True
2026-09-01,300200894_,шт,9,30,,,,,,,,,0.0,0.0,1.0,,5,32,,True
2026-09-01,300200895_,шт,9,30,,,,,,,,,0.0,0.0,1.0,,3,32,,True
2026-09-01,300200896_,шт,9,30,,,,,,,,,0.0,0.0,1.0,,5,32,,True
2026-09-01,300200897_,шт,9,30,,,,,,,,,0.0,0.0,1.0,,3,32,,True
2026-09-01,300200898_,шт,9,30,1.0,29.0,16.0,70.0,7.0,15.333333333333334,23.5,25.367301787931645,3.0,6.0,0.0,0.0,24,32,,True
2026-09-01,300200899_,шт,9,30,1.0,22.0,11.0,19.0,5.0,11.333333333333334,14.6,8.677557259966656,3.0,5.0,0.16666666666666663,0.0,20,32,,True
2026-09-01,300200900_,шт,9,30,,2.0,4.0,4.0,,3.0,3.25,0.957427107756342,2.0,4.0,0.33333333333333337,0.0,17,32,,True
2026-09-01,300200901_,шт,9,30,,,,2.0,,,2.5,0.7071067811865223,0.0,2.0,0.6666666666666667,0.0,14,32,,True
2026-09-01,300200902_,шт,9,30,,,,,,,,,0.0,0.0,1.0,,6,32,,True
2026-09-01,300200903_,шт,9,30,,,,2.0,,,2.0,,0.0,1.0,0.8333333333333334,0.0,10,32,,True
2026-09-01,300200904_,шт,9,30,1.0,,,,,1.0,1.0,,1.0,1.0,0.8333333333333334,0.0,2,32,,False
2026-09-01,300200905_,шт,9,30,,,,2.0,,,2.0,,0.0,1.0,0.8333333333333334,0.0,4,32,,True
2026-09-01,300200906_,шт,9,30,,,,,,,,,0.0,0.0,1.0,,1,32,,False
2026-09-01,300200907_,шт,9,30,,,,,,,,,0.0,0.0,1.0,,3,32,,True
2026-09-01,300200908_,шт,9,30,,,,8.0,,,8.0,,0.0,1.0,0.8333333333333334,0.0,1,32,,False
2026-09-01,300200909_,шт,9,30,,,,4.0,,,4.0,,0.0,1.0,0.8333333333333334,0.0,8,32,,True
2026-09-01,300200910_,шт,9,30,9.0,42.0,138.0,11.0,46.0,63.0,59.833333333333336,50.069618199729284,3.0,6.0,0.0,0.0,25,32,,True
2026-09-01,300200911_,шт,9,30,,,3.0,,,3.0,3.0,,1.0,1.0,0.8333333333333334,0.0,6,32,,True
2026-09-01,300200912_,шт,9,30,,11.0,20.0,,,15.5,16.25,10.499999999999996,2.0,4.0,0.33333333333333337,0.0,20,32,,True
2026-09-01,300200913_,шт,9,30,6.0,,4.0,,,5.0,5.0,1.4142135623730951,2.0,2.0,0.6666666666666667,0.0,7,32,,True
2026-09-01,300200914_,шт,9,30,,4.0,27.0,,2.0,15.5,14.5,9.53939201416947,2.0,4.0,0.33333333333333337,0.0,19,32,,True
2026-09-01,300200915_,шт,9,30,,,,,,,,,0.0,0.0,1.0,,5,32,,True
2026-09-01,300200916_,шт,9,30,,,6.0,,,6.0,10.333333333333334,5.8594652770823155,1.0,3.0,0.5,0.0,14,32,,True
2026-09-01,300200917_,шт,9,30,4.0,,14.0,,,9.0,6.666666666666667,6.429100507328641,2.0,3.0,0.5,0.0,17,32,,True
2026-09-01,300200918_,шт,9,30,,,4.0,,,4.0,4.0,,1.0,1.0,0.8333333333333334,0.0,10,32,,True
2026-09-01,300200919_,шт,9,30,,,,4.0,,,4.333333333333333,1.5275252316519465,0.0,3.0,0.5,0.0,6,32,,True
2026-09-01,300200920_,шт,9,30,1.0,,,,,1.0,1.0,,1.0,1.0,0.8333333333333334,0.0,11,32,,True
2026-09-01,300200921_,шт,9,30,14.0,10.0,91.0,,15.0,38.333333333333336,34.4,32.73071951546444,3.0,5.0,0.16666666666666663,0.0,24,32,,True
2026-09-01,300200922_,шт,9,30,3.0,16.0,71.0,,,30.0,27.0,25.855366947695792,3.0,5.0,0.16666666666666663,0.0,22,32,,True
2026-09-01,300200923_,шт,9,30,4.0,,12.0,,,8.0,6.0,5.291502622129098,2.0,3.0,0.5,0.0,21,32,,True
2026-09-01,300200924_,шт,9,30,,2.0,9.0,,,5.5,4.333333333333333,4.041451884327383,2.0,3.0,0.5,0.0,18,32,,True
2026-09-01,300200925_,шт,9,30,,,,,,,,,0.0,0.0,1.0,,8,32,,True
2026-09-01,300200926_,шт,9,30,,2.0,26.0,,,14.0,13.333333333333334,12.055427546683415,2.0,3.0,0.5,0.0,15,32,,True
2026-09-01,300200927_,шт,9,30,,,,,,,,,0.0,0.0,1.0,,5,32,,True
2026-09-01,300200928_,шт,9,30,2.0,,,,,2.0,1.5,0.7071067811865476,1.0,2.0,0.6666666666666667,0.0,7,32,,True
2026-09-01,300200929_,шт,9,30,,,,,,,,,0.0,0.0,1.0,,5,32,,True
2026-09-01,300200930_,шт,9,30,,,7.0,,,7.0,7.0,,1.0,1.0,0.8333333333333334,0.0,4,32,,True
2026-09-01,300200931_,шт,9,30,6.0,,,,,6.0,6.0,,1.0,1.0,0.8333333333333334,0.0,2,32,,False
2026-09-01,300200932_,шт,9,30,,,,,,,,,0.0,0.0,1.0,,9,32,,True
2026-09-01,300200933_,шт,9,30,211.0,108.0,151.0,41.0,144.0,156.66666666666666,124.33333333333333,64.8680712420731,3.0,6.0,0.0,0.0,25,32,,True
2026-09-01,300200934_,шт,9,30,61.0,25.0,15.0,4.0,38.0,33.666666666666664,25.0,19.809088823063014,3.0,6.0,0.0,0.0,25,32,,True
2026-09-01,300200935_,шт,9,30,2.0,,,,,2.0,2.0,,1.0,1.0,0.8333333333333334,0.0,7,32,,True
2026-09-01,300200936_,шт,9,30,22.0,4.0,21.0,6.0,17.0,15.666666666666666,15.5,9.974968671629968,3.0,6.0,0.0,0.0,24,32,,True
2026-09-01,300200937_,шт,9,30,1.0,,,,,1.0,1.0,,1.0,1.0,0.8333333333333334,0.0,6,32,,True
2026-09-01,300200938_,шт,9,30,10.0,,10.0,4.0,7.0,10.0,6.75,3.7749172176353714,2.0,4.0,0.33333333333333337,0.0,17,32,,True
2026-09-01,300200939_,шт,9,30,19.0,,8.0,2.0,9.0,13.5,6.6,7.4027022093287,2.0,5.0,0.16666666666666663,0.0,19,32,,True
2026-09-01,300200940_,шт,9,30,4.0,,2.0,,,3.0,3.0,1.4142135623730951,2.0,2.0,0.6666666666666667,0.0,11,32,,True
2026-09-01,300200941_,шт,9,30,,,,,,,,,0.0,0.0,1.0,,6,32,,True
2026-09-01,300200942_,шт,9,30,20.0,4.0,54.0,,,26.0,26.0,25.53429066960742,3.0,3.0,0.5,0.0,14,32,,True
2026-09-01,300200943_,шт,9,30,8.0,,4.0,,6.0,6.0,7.666666666666667,3.511884584284242,2.0,3.0,0.5,0.0,16,32,,True
2026-09-01,300200944_,шт,9,30,,,,,2.0,,,,0.0,0.0,1.0,,6,32,,True
2026-09-01,300200945_,шт,9,30,103.0,27.0,105.0,10.0,95.0,78.33333333333333,52.166666666666664,42.484899278057185,3.0,6.0,0.0,0.0,24,32,,True
2026-09-01,300200946_,шт,9,30,79.0,24.0,32.0,11.0,43.0,45.0,31.666666666666668,24.344746182013665,3.0,6.0,0.0,0.0,23,32,,True
2026-09-01,300200947_,шт,9,30,25.0,17.0,13.0,3.0,10.0,18.333333333333332,14.166666666666666,7.277820186475247,3.0,6.0,0.0,0.0,24,32,,True
2026-09-01,300200948_,шт,9,30,8.0,5.0,17.0,3.0,3.0,10.0,8.0,5.385164807134506,3.0,5.0,0.16666666666666663,0.0,21,32,,True
2026-09-01,300200949_,шт,9,30,5.0,,1.0,,,3.0,3.3333333333333335,2.081665999466133,2.0,3.0,0.5,0.0,12,32,,True
2026-09-01,300200950_,шт,9,30,3.0,,10.0,,5.0,6.5,5.25,3.5939764421413227,2.0,4.0,0.33333333333333337,0.0,20,32,,True
2026-09-01,300200951_,шт,9,30,,,,,5.0,,,,0.0,0.0,1.0,,4,32,,True
2026-09-01,300200952_,шт,9,30,,,1.0,2.0,,1.0,3.3333333333333335,3.214550253664318,1.0,3.0,0.5,0.0,5,32,,True
2026-09-01,300200953_,шт,9,30,,2.0,4.0,,,3.0,4.5,4.509249752822894,2.0,4.0,0.33333333333333337,0.0,12,32,,True
2026-09-01,300200954_,шт,9,30,,,,,,,7.0,,0.0,1.0,0.8333333333333334,0.0,5,32,,True
2026-09-01,300200955_,шт,9,30,2.0,,,,,2.0,2.0,,1.0,1.0,0.8333333333333334,0.0,3,32,,True
2026-09-01,300200956_,шт,9,30,,,,,,,,,0.0,0.0,1.0,,0,32,,False
2026-09-01,300200959_,шт,9,30,29.0,20.0,24.0,29.0,22.0,24.333333333333332,24.666666666666668,6.218252702059171,3.0,6.0,0.0,0.0,21,32,,True
2026-09-01,300200961_,,9,30,,,,,,,,,0.0,0.0,1.0,,0,32,,False
2026-09-01,300200962_,,9,30,,,,,,,,,0.0,0.0,1.0,,0,32,,False
2026-09-01,300200963_,,9,30,,,,,,,,,0.0,0.0,1.0,,0,32,,False
2026-09-01,300200964_,,9,30,,,,,,,,,0.0,0.0,1.0,,0,32,,False
2026-09-01,300200965_,,9,30,,,,,,,,,0.0,0.0,1.0,,0,32,,False
2026-09-01,300200966_,,9,30,,,,,,,,,0.0,0.0,1.0,,0,32,,False
2026-09-01,300200967_,шт,9,30,251.0,122.0,153.0,239.0,66.0,175.33333333333334,173.66666666666666,72.97031359852214,3.0,6.0,0.0,0.0,16,32,,True
2026-09-01,300200968_,шт,9,30,78.0,36.0,60.0,36.0,85.0,58.0,59.5,36.71375763933733,3.0,6.0,0.0,0.0,17,32,,True
2026-09-01,300201148_,шт,9,30,72.0,38.0,40.0,43.0,52.0,50.0,48.833333333333336,13.92000957854076,3.0,6.0,0.0,0.0,16,32,,True
2026-09-01,300201149_,шт,9,30,28.0,9.0,48.0,12.0,37.0,28.333333333333332,20.166666666666668,15.56170513364993,3.0,6.0,0.0,0.0,16,32,,True
2026-09-01,300201150_,шт,9,30,19.0,1.0,4.0,1.0,9.0,8.0,7.333333333333333,7.22956891292051,3.0,6.0,0.0,0.0,16,32,,True
2026-09-01,300201151_,шт,9,30,23.0,17.0,8.0,13.0,222.0,16.0,17.833333333333332,6.337717780610478,3.0,6.0,0.0,0.0,17,32,,True
2026-09-01,300201152_,шт,9,30,1.0,16.0,24.0,1.0,,13.666666666666666,8.6,10.784247771634327,3.0,5.0,0.16666666666666663,0.0,14,32,,True
2026-09-01,300201153_,шт,9,30,58.0,39.0,33.0,32.0,121.0,43.333333333333336,40.166666666666664,11.478966271693032,3.0,6.0,0.0,0.0,17,32,,True
2026-09-01,300201154_,шт,9,30,14.0,6.0,10.0,1.0,1.0,10.0,5.666666666666667,5.391351098441528,3.0,6.0,0.0,0.0,16,32,,True
2026-09-01,300201155_,шт,9,30,43.0,17.0,22.0,158.0,22.0,27.333333333333332,49.5,54.54081040835385,3.0,6.0,0.0,0.0,16,32,,True
2026-09-01,ATN000108,шт,9,30,,61.0,,,,61.0,61.0,,1.0,1.0,0.8333333333333334,0.0,7,32,,True
2026-09-01,ATN000109,шт,9,30,6.0,,2.0,15.0,21.0,4.0,5.0,5.958187643906492,2.0,5.0,0.16666666666666663,0.0,20,32,,True
2026-09-01,ATN000139,шт,9,30,,,,,,,,,0.0,0.0,1.0,,0,32,,False
2026-09-01,ATN000330,шт,9,30,,,,,,,,,0.0,0.0,1.0,,0,32,,False
2026-09-01,ATN000389,шт,9,30,,,,,,,,,0.0,0.0,1.0,,2,32,,False
2026-09-01,ATN000393,шт,9,30,,,,,,,,,0.0,0.0,1.0,,0,32,,False
2026-09-01,ATN000399,шт,9,30,,,,,,,,,0.0,0.0,1.0,,4,32,,True
2026-09-01,ATN000439,шт,9,30,,,,,,,,,0.0,0.0,1.0,,0,32,,False
2026-09-01,ATN000446,шт,9,30,,1.0,5.0,,8.0,3.0,3.75,2.7537852736430435,2.0,4.0,0.33333333333333337,0.0,25,32,,True
2026-09-01,ATN000449,шт,9,30,,,,,,,,,0.0,0.0,1.0,,0,32,,False
2026-09-01,ATN000487,шт,9,30,,,,,,,,,0.0,0.0,1.0,,0,32,,False
2026-09-01,ATN000493,шт,9,30,,,,,,,,,0.0,0.0,1.0,,0,32,,False
2026-09-01,ATN000499,шт,9,30,,,,,,,,,0.0,0.0,1.0,,0,32,,False
2026-09-01,ATN000532,шт,9,30,,,,,,,,,0.0,0.0,1.0,,1,32,,False
2026-09-01,ATN000539,,9,30,,,,,,,,,0.0,0.0,1.0,,0,32,,False
2026-09-01,ATN000724,шт,9,30,,,,,,,,,0.0,0.0,1.0,,0,32,,False
2026-09-01,ATN001105,шт,9,30,,,,,,,,,0.0,0.0,1.0,,0,32,,False
2026-09-01,ATN001130,шт,9,30,,,,,,,,,0.0,0.0,1.0,,0,32,,False
2026-09-01,ATN001132,шт,9,30,,,,,,,,,0.0,0.0,1.0,,0,32,,False
2026-09-01,ATN001133,шт,9,30,,,,,,,,,0.0,0.0,1.0,,0,32,,False
2026-09-01,ATN001209,шт,9,30,,,,,,,,,0.0,0.0,1.0,,0,32,,False
2026-09-01,ATN001230,шт,9,30,,,,,,,,,0.0,0.0,1.0,,0,32,,False
2026-09-01,ATN001232,шт,9,30,,,1.0,,,1.0,1.5,0.7071067811865476,1.0,2.0,0.6666666666666667,0.0,2,32,,False
2026-09-01,ATN001233,шт,9,30,,,,,,,,,0.0,0.0,1.0,,0,32,,False
2026-09-01,ATN001239,шт,9,30,,,,,,,,,0.0,0.0,1.0,,0,32,,False
2026-09-01,ATN001302,шт,9,30,,,,,,,,,0.0,0.0,1.0,,0,32,,False
2026-09-01,ATN001420,шт,9,30,,,,,,,,,0.0,0.0,1.0,,0,32,,False
2026-09-01,ATN200101,шт,9,30,,,,,,,,,0.0,0.0,1.0,,0,32,,False
2026-09-01,ATN200102,шт,9,30,,,,,,,,,0.0,0.0,1.0,,0,32,,False
2026-09-01,ATN200111,шт,9,30,,,,,,,,,0.0,0.0,1.0,,0,32,,False
2026-09-01,ATN200145,шт,9,30,,,,,,,,,0.0,0.0,1.0,,0,32,,False
2026-09-01,ATN540113,шт,9,30,,,,,,,,,0.0,0.0,1.0,,0,32,,False
2026-09-01,ATN540115,шт,9,30,,,,,,,2.5,2.1213203435596424,0.0,2.0,0.6666666666666667,0.0,2,32,,False
2026-09-01,ATN544013,шт,9,30,,,,,,,,,0.0,0.0,1.0,,0,32,,False
2026-09-01,ATN544015,шт,9,30,,,,6.0,,,6.0,,0.0,1.0,0.8333333333333334,0.0,1,32,,False
2026-09-01,BLNIA045003,шт,9,30,,,,,,,,,0.0,0.0,1.0,,0,32,,False
2026-09-01,BLNRA000315,шт,9,30,,,,,,,,,0.0,0.0,1.0,,0,32,,False
2026-09-01,BLNRA000415,шт,9,30,,,,,,,,,0.0,0.0,1.0,,0,32,,False
2026-09-01,BLNRA010213,шт,9,30,,,,,,,,,0.0,0.0,1.0,,0,32,,False
2026-09-01,BLNRA010215,шт,9,30,,,,,,,,,0.0,0.0,1.0,,0,32,,False
2026-09-01,BLNRA010312,шт,9,30,,,,,,,,,0.0,0.0,1.0,,0,32,,False
2026-09-01,BLNRA010313,шт,9,30,,,,,,,,,0.0,0.0,1.0,,0,32,,False
2026-09-01,BLNRA010314,шт,9,30,,,,,,,,,0.0,0.0,1.0,,0,32,,False
2026-09-01,BLNRA010315,шт,9,30,,,,,,,,,0.0,0.0,1.0,,0,32,,False
2026-09-01,BLNRA110115,шт,9,30,,,,,,,,,0.0,0.0,1.0,,0,32,,False
2026-09-01,BLNVA101013,шт,9,30,,,,,,,,,0.0,0.0,1.0,,0,32,,False
2026-09-01,BLNVA101014,шт,9,30,,,,,,,,,0.0,0.0,1.0,,0,32,,False
2026-09-01,BLNVA101015,шт,9,30,,,,,,,,,0.0,0.0,1.0,,0,32,,False
2026-09-01,BLNVA105013,шт,9,30,,,,,,,,,0.0,0.0,1.0,,0,32,,False
2026-09-01,BLNVA105014,шт,9,30,,,,,,,,,0.0,0.0,1.0,,0,32,,False
2026-09-01,BLNVA105015,шт,9,30,,,,,,,,,0.0,0.0,1.0,,0,32,,False
2026-09-01,BLNVA106012,шт,9,30,,,,,,,,,0.0,0.0,1.0,,0,32,,False
2026-09-01,BLNVA106013,шт,9,30,,,,,,,,,0.0,0.0,1.0,,0,32,,False
2026-09-01,BLNVA106014,шт,9,30,,,,,,,,,0.0,0.0,1.0,,0,32,,False
2026-09-01,GAL000584,шт,9,30,,,,,,,,,0.0,0.0,1.0,,0,32,,False
2026-09-01,GSL000185KK,шт,9,30,,,,,,,,,0.0,0.0,1.0,,0,32,,False
2026-09-01,KD-2-48,шт,9,30,,,,,,,,,0.0,0.0,1.0,,0,32,,False
2026-09-01,KD-2-88,шт,9,30,,,,,,,,,0.0,0.0,1.0,,0,32,,False
2026-09-01,KD-3-48,шт,9,30,,,,,,,,,0.0,0.0,1.0,,0,32,,False
2026-09-01,KD-RS254-18,шт,9,30,,,,,,,,,0.0,0.0,1.0,,0,32,,False
2026-09-01,LNVA105011,шт,9,30,2.0,,20.0,,10.0,11.0,6.25,9.17877987534291,2.0,4.0,0.33333333333333337,0.0,19,32,,True
2026-09-01,RA10-164-BI,шт,9,30,,,,,,,,,0.0,0.0,1.0,,0,32,,False
2026-09-01,RA16-213-BI,шт,9,30,,,,,,,,,0.0,0.0,1.0,,0,32,,False
2026-09-01,RAT-1A3-B,шт,9,30,,,,,,,,,0.0,0.0,1.0,,0,32,,False
2026-09-01,RS16-212-S,шт,9,30,,,,,,,,,0.0,0.0,1.0,,0,32,,False
2026-09-01,RS6-253-18,шт,9,30,,,,,,,,,0.0,0.0,1.0,,0,32,,False
2026-09-01,RSI-251KK5E-28,шт,9,30,,,,,,,,,0.0,0.0,1.0,,0,32,,False
2026-09-01,RT-4A3-B,шт,9,30,,,,,,,,,0.0,0.0,1.0,,0,32,,False
2026-09-01,S56-043-BI,шт,9,30,,,,,,,,,0.0,0.0,1.0,,0,32,,False
2026-09-01,VA1U-112-B,шт,9,30,,,,,,,,,0.0,0.0,1.0,,0,32,,False
2026-09-01,VA510-228B-BI,шт,9,30,,,,,,,,,0.0,0.0,1.0,,0,32,,False
2026-09-01,VS116-153-1-86,шт,9,30,,,,,,,,,0.0,0.0,1.0,,0,32,,False
2026-09-01,VS116-154-1-86,шт,9,30,,,,,,,,,0.0,0.0,1.0,,0,32,,False
2026-09-01,VS516-252-18,шт,9,30,,,,,,,,,0.0,0.0,1.0,,0,32,,False
2026-09-01,WDE000151,шт,9,30,,,,,,,,,0.0,0.0,1.0,,0,32,,False
2026-09-01,WDE000185,шт,9,30,,,,,,,,,0.0,0.0,1.0,,0,32,,False
2026-09-01,WDE000193,шт,9,30,,,,,,,,,0.0,0.0,1.0,,0,32,,False
2026-09-01,WDE000195,шт,9,30,,,,,,,,,0.0,0.0,1.0,,0,32,,False
2026-09-01,WDE000302,шт,9,30,,,,,,,,,0.0,0.0,1.0,,0,32,,False
2026-09-01,WDE000303,шт,9,30,,,,,,,,,0.0,0.0,1.0,,0,32,,False
2026-09-01,WDE000304,шт,9,30,,,,,,,,,0.0,0.0,1.0,,0,32,,False
2026-09-01,WDE000311,шт,9,30,,,,,,,,,0.0,0.0,1.0,,0,32,,False
2026-09-01,WDE000351,шт,9,30,,,,,,,,,0.0,0.0,1.0,,0,32,,False
2026-09-01,WDE000381,шт,9,30,,,,,,,,,0.0,0.0,1.0,,0,32,,False
2026-09-01,WDE000391,шт,9,30,,,,,,,,,0.0,0.0,1.0,,0,32,,False
2026-09-01,WDE000403,шт,9,30,,,,,,,,,0.0,0.0,1.0,,0,32,,False
2026-09-01,WDE000404,шт,9,30,,,,,,,,,0.0,0.0,1.0,,0,32,,False
2026-09-01,WDE000411,шт,9,30,,,,,,,,,0.0,0.0,1.0,,0,32,,False
2026-09-01,WDE000413,шт,9,30,,,,,,,,,0.0,0.0,1.0,,0,32,,False
2026-09-01,WDE000431,шт,9,30,,,,,,,,,0.0,0.0,1.0,,0,32,,False
2026-09-01,WDE000436,шт,9,30,,,,,,,,,0.0,0.0,1.0,,0,32,,False
2026-09-01,WDE000441,шт,9,30,,,,,,,,,0.0,0.0,1.0,,0,32,,False
2026-09-01,WDE000448,шт,9,30,,,,,,,,,0.0,0.0,1.0,,0,32,,False
2026-09-01,WDE000451,шт,9,30,,,,,,,,,0.0,0.0,1.0,,0,32,,False
2026-09-01,WDE000461,шт,9,30,,,,,,,,,0.0,0.0,1.0,,0,32,,False
2026-09-01,WDE000471,шт,9,30,,,,,,,,,0.0,0.0,1.0,,0,32,,False
2026-09-01,WDE000481,шт,9,30,,,,,,,,,0.0,0.0,1.0,,0,32,,False
2026-09-01,WDE000493,шт,9,30,,,,,,,,,0.0,0.0,1.0,,0,32,,False
2026-09-01,щщщ0116254,шт,9,30,2.0,,,,,2.0,2.0,,1.0,1.0,0.8333333333333334,0.0,6,32,,True
2026-09-01,яярп5490,шт,9,30,,,,,,,,,0.0,0.0,1.0,,0,32,,False
