sku,product_name,unit,supplier_sku
010400432_,City 9 ЩРВ-П 8 Прозрач./дв. Systeme Electric,шт,EZ9E108S2FRU
010400433_,City 9 ЩРН-П 8 Прозрач./дв. Systeme Electric,шт,EZ9E108S2SRU
010400436_,City 9 ЩРВ-П 12 Прозрач./дв. Systeme Electric,шт,EZ9E112S2FRU
010400437_,City 9 ЩРН-П 12 Прозрач./дв. Systeme Electric,шт,EZ9E112S2SRU
010400440_,City 9 ЩРВ-П 18 Прозрач./дв. Systeme Electric,шт,EZ9E118S2FRU
010400441_,City 9 ЩРН-П 18 Прозрач./дв. Systeme Electric,шт,EZ9E118S2SRU
010400444_,City 9 ЩРВ-П 24 Прозрач./дв. Systeme Electric,шт,EZ9E212S2FRU
010400445_,City 9 ЩРН-П 24 Прозрач./дв. Systeme Electric,шт,EZ9E212S2SRU
010400447_,City 9 ЩРВ-П 36 Прозрач./дв. Systeme Electric,шт,EZ9E312S2FRU
010400448_,City 9 ЩРН-П 36 Прозрач./дв. Systeme Electric,шт,EZ9E312S2SRU
020100158_,"K0688 Выкл 1 кл 10А механизм ""ATLAS"" КАРБОН ATN1011 (5)",шт,ATN001011
020100159_,"K069 Выкл 1 кл с инд 10А с/у б/рамки ""ATLAS"" КАРБОН - ATN1013",шт,ATN001013
020100160_,"K0700 Выкл 2 кл 10А механизм ""ATLAS"" КАРБОН ATN1051 (5)",шт,ATN001051
020100161_,"K071 Выкл 2 кл с инд 10А с/у б/рамки ""ATLAS"" КАРБОН - ATN1053",шт,ATN001053
020100162_,"K077 Перекрест.переключ. 1 кл 10А с/у б/рамки ""ATLAS"", КАРБОН - ATN1071 (2)",шт,ATN001071
020100163_,"K0677 Роз. без з/к без шторок, 16А, механизм ""ATLAS"" КАРБОН ATN1041 (10)",шт,ATN001041
030200002_,"S239 1кл о/у. 6А IP20 ""Прима"" ВА 16-051-б (130) !!!",шт,A16-051-B
030200003_,"S242 2кл.инд о/у 6А IP20 ""Прима"" ВА 56-007-б (130) !!!",шт,A56-007-B
030200005_,"S233 1кл. инд.с/у 6А IP20 ""Прима"" ВС 16-053-б (96) !!!",шт,S16-053-B
030200006_,"S231 1кл с/у. 6А IP20 ""Прима"" ВС 16-057-б (96) !!!",шт,S16-057-B
030200007_,"S234 2кл.инд.с/у 6А IP20 ""Прима"" ВС 56-039-б (96) !!!",шт,S56-039-B
030200008_,"S232 2кл с/у. 6А IP20 ""Прима"" ВС 56-043-б (96) !!!",шт,S56-043-B
030200009_,"S243 о\у 10А IP20 ""Прима"" РА 10-164-б (168) !!!",шт,RA10-164-B
030200010_,"S245 2-я.о/у 10А IP20 ""Прима"" РА 16-213-б (112)",шт,
030200011_,"S244 о/у з/к.з/ш 16А IP20 ""Прима"" РА 16-003/1-б (111)",шт,
030200012_,"S246 2-я о\у.з/к.з/ш 16А IP20 ""Прима"" РА 16-214-б (84)",шт,
030200013_,"S235 с/у 10А IP20 ""Прима"" РС 10-184-б (99) !!!",шт,
030200015_,"S236 с/у з/к.з/ш.16А IP20 ""Прима"" РС 16-004-б (81) !!!",шт,RS16-004-B
030200016_,"S238 2-я с/у.з/к.з/ш 16А IP20 ""Прима"" РС 16-212-б (68) !!!",шт,
030200025_,"S284 2кл. о/у 6А IP44 ""Рондо"" ВА 56-225Б-би (10/60) !!!",шт,VA56-225B-BI
030200026_,"S283 о/у. 6А IP44 ""Рондо"" ВА 66-102Б-би переключатель (10/60) !!!",шт,VA66-102B-BI
030200027_,"S285 с/у.з/к.з/ш 16А IP44 ""Рондо"" РС 16-126Б-би (10/60) !!!",шт,RS16-126B-BI
030200028_,"S254 о/у. 6А IP20 ""ХИТ"" ВА 16-131-б (168) !!!",шт,VA16-131-B
030200029_,"S255 2кл.о/у. 6А IP20 ""ХИТ"" ВА 56-232-б (168) !!!",шт,VA56-232-B
030200030_,"S248 с/у. 6А IP20 ""ХИТ"" ВС 16-133-б (96) !!!",шт,VS16-133-B
030200031_,"S249 2кл. с/у. 6А IP20 ""ХИТ"" ВС 56-234-б (96) !!!",шт,VS56-234-B
030200032_,"S256 о/у.10А IP20 ""ХИТ"" РА 10-131-б (168) !!!",шт,RA10-131-B
030200034_,"S257 о/у. з/к 16А IP20 ""ХИТ"" РА 16-133-б (132) !!!",шт,RA16-133-B
030200036_,"S250 с/у 10А IP20 ""ХИТ"" РС 10-132-б / 10-135-б (114) !!!",шт,RS10-132-B
030200037_,"S252 2-я с/у 10А IP20 ""ХИТ"" РС 16-235-б / 16-230-б (80) !!!",шт,RS16-235-B
030200038_,"S251 с/у.з/к 16А IP20 ""ХИТ"" РС 16-134-б (81) !!!",шт,RS16-134-B
030200039_,"S253 2-я с/у.з/к 16А IP20 ""ХИТ"" РС 16-236-б (68) !!!",шт,RS16-236-B
030200042_,"S269 2кл.с/у.инд. 6А IP20 ""Рондо"" ВС 56-051-би (15/90) !!!",шт,
030200045_,"S273 с/у. 10А IP20 ""Рондо"" РС 10-185-би (15/90) !!!",шт,
030200047_,"S276 с/у.з/к.з/ш. 16А IP20 ""Рондо"" РС 16-121-би (12/72) !!!",шт,
030200052_,"S286 о/у.з/ш. 10А IP44 ""Рондо"" РА 10-125Б-би (12/72) !!!",шт,RA10-125B-BI
030200053_,"S287 о/у.з/к.з/ш.16А IP44 ""Рондо"" РА 16-112Б-би (10/60) !!!",шт,RA16-112B-BI
030200054_,"S288 2-я.о/у. з/к.з/ш 16А IP44 ""Рондо"" РА 16-227Б-би (5/30) !!!",шт,RA16-227B-BI
030200060_,S264 РП-1 (Розетка потолочная до15кг) (180),шт,
030200062_,"S280 с/у.телефонная ""Рондо"" РТ-4С-би (18/108) !!!",шт,
030200063_,SE Wessen Суппорт для крепления в кабель-канал 60-75 !!!,шт,
030200069_,"SE Розетка ""В45"" РН 16-113-б для каб.каналов !!!",шт,
030200072_,"S186 с/у. з/ш 16А ""Wessen 59"" РС 16-151-18 (10/60) !!!",шт,RS16-151-18
030200073_,"S1766 1кл с/у 16А ""Wessen 59"" ВС 116-154-18 (10/60)",шт,
030200075_,"S247 4-я.о/у.з/к.з/ш 16А IP20 ""Прима"" РА 16-411М-б (22) !!!",шт,RA16-411M-B
030200076_,"S263 кнопка звонка IP20 ""Wessen"" А10-4-011 !!!",шт,A1-04-011-I
030200090_,"S192 роз информ. с\у 1А ""Wessen 59"" РСИ 152 К5Е-18 (60) !!!",шт,RSI-152K5E-18
030200092_,"S175 2кл инд с/у 16А ""Wessen 59"" ВС 516-251-18 (10/60)",шт,
030200093_,"S187 с/у. з/ш. з/к.16А ""Wessen 59"" РС 16-152-18 (10/60) !!!",шт,RS16-152-18
030200094_,"S191 роз тел. с\у 1А ""Wessen 59"" РСИ 152 Т-18 (60) !!!",шт,RSI-152T-18
030200095_,"S194 2-я роз тел/комп с\у 1А ""Wessen 59"" РСИ 251 ТК5Е-18 (60) !!!",шт,RSI-251TK5E-18
030200096_,"S185 роз-ТВ. с\у ""Wessen 59"" РТС 151-18 (60) !!!",шт,RTS-151-18
030200097_,"ВЫКЛЮЧАТЕЛЬ ""ХИТ""СУ 1КЛ. ИБЕЛ. VS16-135-B Shn.Elec. !!!",шт,VS16-135-B
030200105_,"S271 1кл Перекл. с/у, с индик. 6А""Рондо"" ВС 66-004-би (15/90) !!!",шт,
030200125_,"S181 1кл с/у 16А Переключатель ""Wessen 59"" ВС 616-156-18 (10/60) !!!",шт,
030200126_,"S182 1кл с/у 16А, IP44 Переключатель ""Wessen 59"" ВС 616-156Б-18 (60) !!!",шт,
030200127_,"S183 Переключатель 1кл, с инд.,с/у 16А ""Wessen 59"" ВС 616-157-18 (60) !!!",шт,VS616-157-18
030200128_,"S174 (1кл, инд с/у 16А, IP44) Переключатель ""Wessen 59"" ВС 616-157Б-18 (60) !!!",шт,VS616-157B-18
030200129_,"S193 2-я роз тел с\у 1А ""Wessen 59"" РСИ 251 ТТ-18 !!! (60)",шт,
030200134_,"S190 с/у. з/ш. з/к.16А, IP44 ""Wessen 59"" РС 16-152Б-18 (10/60) !!!",шт,RS16-152B-18
030200135_,"S188 с/у. з/ш, 2-я 16А ""Wessen 59"" РС 16-254-18 (6/36) !!!",шт,RS16-254-18
030200136_,"S189 с/у. з/ш, з,к, 2-я 16А ""Wessen 59"" РС 16-255-18 (6/36) !!!",шт,RS16-255-18
030200140_,РС 6-253-18 Wessen 59 (60)(для плоских вилок) Shn.Elec.!!!,шт,
030200141_,"S184 Диммер (с/у 600Вт) ""Wessen 59"" ВПП-5С2-18(2/16) !!!",шт,SR-5S2-18
030200142_,"S195 2-я роз информ. с\у 1А ""Wessen 59"" РСИ 251 КК5Е-1-86 (60) !!!",шт,RSI-251KK5E-1-86
030200143_,"S196 с/у. 2-я16А ""Wessen 59"" РС 6-253-18 (60) !!!",шт,
030200174_,S314 Выкл. 2-кл. о/у IP44 Белый ЭТЮД (112) ВА10-042В!!!,шт,
030200175_,S313 Выкл. 1-кл. с инд. о/у IP44 Белый ЭТЮД ВА10-045В (112),шт,BA10-045B
030200176_,"S315 Розетка 1-я о/у, з/ш, з/к IP44 Белая ЭТЮД РА16-044В (96)",шт,PA16-044B
030200179_,S303 Выкл. 2-кл. о/у Белый ЭТЮД ВА10-002В (200),шт,
030200183_,"S297 Розетка 2-ая с/у, з/ш ЭТЮД (120) РС16-006В !!!",шт,РС16-006В
030200184_,"S296 Розетка с/у, з/к, з/ш ЭТЮД (120) РС16-004В!!!",шт,
030200191_,"S310 Розетка IP44 с/у, з/к, з/ш ЭТЮД РС16-044В (120)",шт,PC16-044B
030200192_,Установочная коробка для твердых стен 65х45 IMT35100 Systeme Electric (200),шт,IMT35100
030200193_,Установочная коробка для полых стен г/к 65х45 IMT35150 Systeme Electric (210),шт,IMT35150
030200194_,S302 Выкл. 1-кл. о/у Белый ЭТЮД ВА10-001В (25),шт,
030200198_,Выключатель 2-клавишный ВС 516-252-9-86 Wessen 59 !!!,шт,
030200200_,"Рамка 2-постовая, КД-РС-254-98 Wessen59 !!!",шт,
030200201_,Установочная коробка для твердых стен 65х60 IMT35101 Systeme Electric (120),шт,IMT35101
030200203_,Соединитель коробок IMT35150/IMT351501 Systeme Electric (900),шт,IMT35180
030200219_,Распределительная коробка с/у для твердых стен 100х50 IP30 IMT35121 Systeme Electric (84),шт,IMT35121
030200220_,Распределительная коробка с/у для твердых стен 100х100х50 IP30 IMT35122 Systeme Electric (72),шт,IMT35122
030200221_,Распределительная коробка с/у для полых стен г/к 80х45 IP20 IMT35160 Systeme Electric (120),шт,IMT35160
030200222_,Распределительная коробка с/у для полых стен г/к 100х100х50 IP20 IMT35161 Systeme Electric (72),шт,IMT35161
030200223_,Распределительная коробка о/у с сальниками 70х70х40 IP55 IMT35090 Systeme Electric (96),шт,IMT35090
030200224_,Распределительная коробка о/у с сальниками 100х100х50 IP55 IMT35091 Systeme Electric (45),шт,IMT35091
030200225_,Распределительная коробка о/у с сальниками 85х85х40 IP55 IMT35092 Systeme Electric (72),шт,IMT35092
030200226_,Распределительная коробка о/у с сальниками 65х45 IP55 IMT35093 Systeme Electric (150),шт,IMT35093
030200227_,Распределительная коробка о/у с сальниками 80х40 IP55 IMT35094 Systeme Electric (96),шт,IMT35094
030200239_,"S258 2-я.о/у. 10А IP20 ""ХИТ"" РА 16-237I-б / РА 16-233I-б (112) !!!",шт,RA16-237I-B
030200240_,"S259 2-я. о/у.з/к.16А IP20 ""ХИТ"" РА 16-238I-б (84) !!!",шт,RA16-238I-B
030200243_,"S362 Выкл 2 кл 10А с/у ""GLOSSA"" белый GSL152 (15)",шт,GSL000152
030200244_,"S363 Выкл 2 кл с инд 10А с/у б/рамки ""GLOSSA"" белый GSL153 (20)",шт,GSL000153
030200245_,"S364 Выкл 3 кл 10А с/у б/рамки ""GLOSSA"" белый GSL131 (20)",шт,GSL000131
030200246_,"S361 Выкл 1 кл с инд 10А с/у б/рамки "" белый GSL113 (20)",шт,GSL000113
030200247_,"S360 Выкл 1 кл 10А с/у ""GLOSSA"" белый GSL112 (15)",шт,GSL000112
030200248_,"S365 Переключ. 1 кл 10А с/у б/рамки ""GLOSSA"" белый GSL161 (20)",шт,GSL000161
030200249_,"S366 Переключ. 1 кл с инд 10А с/у б/рамки ""GLOSSA"" белый GSL163 (20)",шт,GSL000163
030200250_,"S379 Рамка 1-ная ""GLOSSA"" белый GSL101 (45)",шт,GSL000101
030200251_,"S380 Рамка 2-ная ""GLOSSA"" белый GSL102 (30)",шт,GSL000102
030200252_,"S381 Рамка 3-ная ""GLOSSA"" белый GSL103 (15)",шт,GSL000103
030200253_,"S382 Рамка 4-ная ""GLOSSA"" белый GSL104 (15)",шт,GSL000104
030200254_,"S383 Рамка 5-ная ""GLOSSA"" белый GSL105 (5)",шт,GSL000105
030200256_,"S369 Роз. с з/к 16А с/у ""GLOSSA"" белый GSL142 (15)",шт,GSL000142
030200257_,"S370 Роз. с з/к 16А с/у з/ш ""GLOSSA"" белый GSL144 (15)",шт,GSL000144
030200258_,"S371 Роз. с з/к 16А с/у з/ш IP44 ""GLOSSA"" белый GSL148 (10)",шт,GSL000148
030200259_,"S367 Роз. 2-ная с/у 16А ""GLOSSA"" белый GSL120 (15)",шт,GSL000120
030200260_,"S368 Роз. 2-ная с/у 16А с з/к з/ш ""GLOSSA"" белый GSL126 (10)",шт,GSL000126
030200261_,"S377 Телефонная роз. RJ11 механизм б/рамки ""GLOSSA"" белый GSL181T (10)",шт,GSL000181T
030200262_,"S375 Роз. RG11+RJ45 5Е кат 5Е механизм б/рамки ""GLOSSA"" белый GSL185 (10)",шт,GSL000185
030200263_,"S374 Комп. роз. RJ45 5Е механизм б/рамки ""GLOSSA"" белый GSL181K (10)",шт,GSL000181K
030200264_,"S373 Диммер поворотно-нажимной (с/у 600Вт) ""GLOSSA"" белый GSL136 (2)",шт,
030200265_,"S376 ТV роз. проход.с/у б/рамки ""GLOSSA"" белый GSL192 (10)",шт,GSL000192
030200266_,"S245 2-я.о/у 10А IP20 ""Прима"" РА 16-213-Iб (112) !!!",шт,
030200292_,"S378 USB розетка - 2х5В/ 1050 мА с/у б/рамки ""GLOSSA"" белый GSL133 (1)",шт,GSL000133
030200295_,Этюд РА 16-009B роз.3я без з/к,шт,
030200296_,Этюд РА 16-011B роз.3я с з/к,шт,
030200297_,"РОЗЕТКА О/У 4- ая з/к шт.16А, БЕЛЫЙ Этюд",шт,
030200298_,"РОЗЕТКА О/У 4- ая б/з б/шт.16А, БЕЛЫЙ Этюд",шт,
030200322_,Роз. 2-ная о/у с з/к з/ш 16А белый ХИТ !!!,шт,
030200323_,Роз. 2-ная с/у з/ш 16А белый ХИТ !!!,шт,
030200330_,Роз. c/у с з/к з/ш 16А 250В белый ХИТ,шт,
030200331_,Роз. 2-ная c/у с з/к з/ш 16А белый ХИТ !!!,шт,
030200345,"S181 1кл с/у 16А Переключатель ""Wessen 59"" ВС 616-156-1-86 (10/60) !!!",шт,
030200372_,"S265 2кл инд с/у 10A ""Wessen 59"" BC 510-251-1-86 (10/60) !!!",шт,
030200375_,"K097 Выкл. 1 кл. с самовозвр. механизм ""ATLAS"" КАРБОН ATN001015 (5)",,ATN001015
030200379_,"S266 1кл с/у инд 10А ""Wessen 59"" ВС 110-153-18 (10/60) !!!",шт,VS110-153-18
030200381_,"S176 1кл с/у 10А ""Wessen 59"" ВС 110-154-18 (10/60) !!!",,VS110-154-18
030200382_,"S179 2кл с/у 16А ""Wessen 59"" ВС 510-252-18 (10/60) !!!",шт,VS510-252-18
030200399_,"РА16-244В Розетка 2-я IP44 о/у, з/к, з/ш, Белая Этюд (7) Шнайдер",шт,
030201459_,Установочная коробка для полых стен г/к 65х60 IMT35151 System Electric(120),шт,IMT35151
030300013_,Распределительная коробка с/у для твердых стен 75х30 карболит IP30 У-195 Systeme Electric (108),шт,U195
030300014_,Распределительная коробка с/у для твердых стен 102х36 карболит IP30 У-192 Systeme Electric (56),шт,U192
030300078_,Распределительная коробка с/у для твердых стен 102х15 карболит IP30 У-191 Systeme Electric (100),шт,U191
130300026_,"Сжим У 731М (4-10/1,5-10) SE (140)",шт,U731M
130300027_,"Сжим У 733M (16-35/1,5-10) SE (140)",шт,U733M
130300028_,Сжим У 734М (16-35/16-25) SE (140),шт,U734M
280300174_,Распределительная коробка с/у для твердых стен 70х40 IP30 IMT35120 Systeme Electric (175),шт,IMT35120
300100003_,"S199 Рамка 3-ная ""Wessen 59"" (15/60) !!!",шт,KD-3-18
300100004_,"S178 3кл с/у 16А ""Wessen 59"" ВС 0516-351-18 (10/60)",шт,
300100006_,"S198 Рамка 2-ная ""Wessen 59"" (60) !!!",шт,KD-2-18
300100012_,"S200 Рамка 4-ная ""Wessen 59"" (15/60) !!!",шт,KD-4-18
300100015_,"S197 Рамка 1-ная ""Wessen 59"" (90) !!!",шт,KD-1-18
300100018_,"S266 3кл с/у 10А ""Wessen 59"" ВС 0510-351-18 (10/60) !!!",шт,
300200283_,"S385 Выкл 1 кл с инд 10А с/у б/рамки ""ATLAS"" белый ATN113 (20)",шт,ATN000113
300200284_,"S388 Выкл 3 кл 10А с/у б/рамки ""ATLAS"" белый ATN131 (20)",шт,ATN000131
300200285_,"S389 Диммер поворотно-нажимной с/у б/рамки 315Вт ""ATLAS"" белый ATN134 (1)",шт,
300200286_,"S398 Роз. с з/к 16А с/у б/рамки ""ATLAS"" белый ATN143 (20)",шт,ATN000143
300200287_,"S400 Роз. с з/к 16А с/у з/ш с выталкивателем б/рамки ""ATLAS"" белый ATN147 (15)",шт,ATN000147
300200288_,"S387 Выкл 2 кл с инд 10А с/у б/рамки ""ATLAS"" белый ATN153 (20)",шт,ATN000153
300200289_,"S391 Переключ. 1 кл 10А с/у б/рамки ""ATLAS"" белый ATN161 (20)",шт,ATN000161
300200290_,"S392 Переключ. 1 кл с инд 10А с/у б/рамки ""ATLAS"" белый ATN163 (20)",шт,ATN000163
300200291_,"S393 Перекрест.переключ. 1 кл 10А с/у б/рамки ""ATLAS"" белый ATN171 (5)",шт,ATN000171
300200292_,"S402 Телефонная роз. RJ11 механизм б/рамки ""ATLAS"" белый ATN181 (10)",шт,ATN000181
300200293_,"S390 Комп. роз. RJ45 5Е механизм б/рамки ""ATLAS"" белый ATN183 (10)",шт,ATN000183
300200294_,"S397 Роз. RJ45+RJ45 5Е кат 5Е механизм б/рамки ""ATLAS"" белый ATN185 (10)",шт,ATN000185
300200295_,"S401 ТV роз. оконечная с/у б/рамки ""ATLAS"" белый ATN191 (10)",шт,ATN000191
300200296_,"S384 Выкл 1 кл 10А с/у ""ATLAS"" белый ATN112 (15)",шт,ATN000112
300200297_,"S394 Роз. 2-ная с/у 16А ""ATLAS"" белый ATN120 (15)",шт,ATN000120
300200298_,"S395 Роз. 2-ная с/у 16А с з/к з/ш ""ATLAS"" белый ATN126 (10)",шт,ATN000126
300200299_,"S396 Роз. 2-ная с/у 16А с з/к з/ш со сдвиж.крыш.""ATLAS"" белый ATN128 (6)",шт,ATN000128
300200300_,"S403 ТЕРМОСТАТ для теп.пола с датч. с/у 16А ""ATLAS"" белый (1) ATN138",шт,ATN000138
300200301_,"S399 Роз. с з/к 16А с/у з/ш ""ATLAS"" белый ATN144 (15)",шт,ATN000144
300200302_,"S386 Выкл 2 кл 10А с/у ""ATLAS"" белый ATN152 (15)",шт,ATN000152
300200303_,"S405 Рамка 1-ная ""ATLAS"" белый (45) ATN101",шт,ATN000101
300200304_,"S406 Рамка 2-ная ""ATLAS"" белый (30) ATN102",шт,ATN000102
300200305_,"S407 Рамка 3-ная ""ATLAS"" белый (15) ATN103",шт,ATN000103
300200306_,"S408 Рамка 4-ная ""ATLAS"" белый (15) ATN104",шт,ATN000104
300200307_,"S409 Рамка 5-ная ""ATLAS"" белый (5) ATN105",шт,ATN000105
300200308_,"S412 Рамка 1-ная AQUA IP 44 ""ATLAS"" белый ATN0101 (10)",шт,ATN440101
300200309_,"S413 Рамка 2-ная AQUA IP 44 ""ATLAS"" белый ATN0102 (5)",шт,ATN440102
300200310_,"S410 Переключ. AQUA 1 кл 10А с/у б/рамки IP 44 ""ATLAS"" белый ATN0161 (20)",шт,ATN440161
300200311_,"S411 Роз. AQUA с з/к 16А с/у з/ш c крышкой б/рамки IP 44 ""ATLAS"" белый ATN0146 (15)",шт,ATN440146
300200312_,"S404 USB розетка - 2 порта с/у б/рамки ""ATLAS"" белый (1) ATL133",шт,ATN000133
300200313_,"S414 Выкл 1 кл с/у 6А 250B ""BLANCA"" белый BLNVS006101 (60)",шт,BLNVS006101
300200314_,"S415 Выкл 2 кл с/у 6А 250B ""BLANCA"" белый BLNVS006501 (60)",шт,BLNVS006501
300200315_,"S416 Роз с/у без з/к 16А 250В ""BLANCA"" белый BLNRS000011 (60)",шт,BLNRS000011
300200316_,"S417 Роз 2-ная с/у без з/к 16А 250В ""BLANCA"" белый BLNRS000021 (36)",шт,BLNRS000021
300200317_,"S418 Роз с/у с з/к 16А 250В ""BLANCA"" белый BLNRS001011 (60)",шт,BLNRS001011
300200318_,"S420 Роз 2-ная с/у с з/к 16А 250В ""BLANCA"" белый BLNRS001021 (36)",шт,BLNRS001021
300200319_,"S422 Выкл 1 кл о/у 6А 250B ИЗОЛ.ПЛ. ""BLANCA"" белый BLNVA061011 (90)",шт,BLNVA061011
300200320_,"S423 Выкл 2 кл о/у 6А 250B ИЗОЛ.ПЛ. ""BLANCA"" белый BLNVA065011 (90)",шт,BLNVA065011
300200321_,"S424 Роз о/у без з/к 16А 250В ИЗОЛ.ПЛ. ""BLANCA"" белый BLNRA000111 (108)",шт,BLNRA000111
300200322_,"S425 Роз 2-ная о/у без з/к 16А 250В ИЗОЛ.ПЛ. ""BLANCA"" белый BLNRA000211 (60)",шт,BLNRA000211
300200323_,"S426 Роз о/у с з/к 16А 250В ИЗОЛ.ПЛ. ""BLANCA"" белый BLNRA010111 (72)",шт,BLNRA010111
300200324_,"S427 Роз 2-ная о/у с з/к 16А 250В ИЗОЛ.ПЛ. ""BLANCA"" белый BLNRA010211 (48)",шт,BLNRA010211
300200325_,"S428 Роз 3-ная о/у без з/к 16А 250В ИЗОЛ.ПЛ. ""BLANCA"" белый BLNRA000311 (36)",шт,BLNRA000311
300200326_,"S429 Роз 3-ная о/у с з/к 16А 250В ИЗОЛ.ПЛ. ""BLANCA"" белый BLNRA010311 (30)",шт,BLNRA010311
300200327_,"S430 Роз 4-ная о/у без з/к 16А 250В ИЗОЛ.ПЛ. ""BLANCA"" белый BLNRA000411 (30)",шт,BLNRA000411
300200328_,"S431 Роз 4-ная о/у с з/к со штор. 16А 250В ИЗОЛ.ПЛ. ""BLANCA"" белый BLNRA011411 (24)",шт,BLNRA011411
300200330_,"S432 Звонок проводной о/у ""BLANCA"" белый BLNZA000011 (48)",шт,BLNZA000011
300200331_,"S3833 Выкл 1 кл 10А с/у б/рамки ""ATLAS"" белый (20) ATN111",шт,ATN000111
300200332_,"S3988 Роз. без з/к без шторок 16А механизм ""ATLAS"" белый ATN141 (20)",шт,ATN000141
300200333_,"S3866 Выкл 2 кл 10А механизм ""ATLAS"" белый ATN151 (20)",шт,ATN000151
300200335_,"K0811 Роз. с з/к с/у 16А с з/ш с з/шт мех. IP20 ""ATLAS"" КАРБОН ATN1046 (5) NEW",,ATN001046
300200343_,"K067 Роз. с з/к 16А с/у б/рамки ""ATLAS"" КАРБОН ATN1043 (5)",шт,ATN001043
300200346_,"S419 Роз с/у с з/к с штор. 16А 250В ""BLANCA"" белый BLNRS001111 (60)",шт,BLNRS001111
300200347_,"S421 Роз 2-ная с/у с з/к с штор. 16А 250В ""BLANCA"" белый BLNRS001121 (36)",шт,BLNRS001121
300200348_,"S433 Роз 2-ная с/у с з/к с крыш. IP44 16А 250B ""BLANCA"" белый BLNRS441121 (30)",шт,BLNRS441121
300200350_,"S434 Роз с/у компьютерная RJ45 кат.5Е ""BLANCA"" белый BLNIS045001 (60)",шт,BLNIS045001
300200351_,Blanca Розетка с/у двойная RJ11+ RJ45 кат 5Е бел. BLNIS045111,шт,
300200352_,"S435 Роз TV коннектор ""BLANCA"" белый BLNTS000011 (60)",шт,BLNTS000011
300200362_,"G3844 Выкл. 1-кл 10А б/рамки ""ATLAS"" ЖЕМЧУГ ATN411 (10) NEW",,ATN000411
300200363_,"G388 Выкл 3 кл 10А с/у б/рамки ""ATLAS"" жемчуг ATN431 (10)",шт,ATN000431
300200364_,"G3988 Роз. без з/к без с/ш 16А б/рамки ""ATLAS"" жемчуг ATN441 (10) NEW",шт,ATN000441
300200365_,"G398 Роз. с з/к 16А с/у б/рамки ""ATLAS"" жемчуг ATN443 (10)",шт,ATN000443
300200366_,Выкл 2 кл 10А механизм жемчуг ATN000451,шт,ATN000451
300200367_,"G391 Переключ. 1 кл 10А с/у б/рамки ""ATLAS"" жемчуг ATN461 (10)",шт,ATN000461
300200368_,"G390 Комп. роз. RJ45 5Е механизм б/рамки ""ATLAS"" жемчуг ATN483 (10)",шт,ATN000483
300200369_,"ATN000489 РОЗЕТКА дв комп+ТВ, RJ45+TV, кат.5E, ЖЕМЧУГ ""ATLAS"" Schneider",,ATN000489
300200370_,"G401 ТV роз. оконечная с/у б/рамки ""ATLAS"" жемчуг ATN491 (10)",шт,ATN000491
300200371_,"G384 Выкл 1 кл 10А с/у ""ATLAS"" жемчуг ATN412 (10)",шт,ATN000412
300200372_,"G394 Роз. 2-ная с/у 16А ""ATLAS"" жемчуг ATN420 (6)",шт,ATN000420
300200373_,"G395 Роз. 2-ная с/у 16А с з/к з/ш ""ATLAS"" жемчуг ATN426 (6)",шт,ATN000426
300200374_,"G399 Роз. с з/к 16А с/у з/ш ""ATLAS"" жемчуг ATN444 (10)",шт,ATN000444
300200375_,"G386 Выкл 2 кл 10А с/у ""ATLAS"" жемчуг ATN452 (10)",шт,ATN000452
300200376_,"G405 Рамка 1-ная ""ATLAS"" жемчуг ATN401 (20)",шт,ATN000401
300200377_,"G406 Рамка 2-ная ""ATLAS"" жемчуг ATN402 (10)",шт,ATN000402
300200378_,"G407 Рамка 3-ная ""ATLAS"" жемчуг ATN403 (15)",шт,ATN000403
300200379_,"G408 Рамка 4-ная ""ATLAS"" жемчуг ATN404 (15)",шт,ATN000404
300200380_,"G409 Рамка 5-ная ""ATLAS"" жемчуг ATN405 (5)",шт,ATN000405
300200404_,Blanca Выключатель 3кл. бел. С/У 10А 250B BLNVS100501,шт,
300200410_,Blanca Переключатель 1кл. бел. С/У 10А 250B BLNVS010601,шт,
300200412_,"Blanca Силовой Комплект С/У 2К+3 32А, 250В розетка, вилка, монт.коробка",шт,
300200413_,"Blanca Силовой Комплект О/У 2К+3 32А, 250В розетка, вилка, подъем.коробка",шт,BLNSK003231
300200417_,"ATLASDESIGN РОЗЕТКА без заземления, 16А, в сборе, БЕЛЫЙ",шт,
300200418_,"G397 Роз. RJ45+RJ45 5Е кат 5Е механизм б/рамки ""ATLAS"" жемчуг ATN485 (10)",шт,ATN000485
300200419_,"G404 USB розетка - 2 порта с/у б/рамки ""ATLAS"" жемчуг ATN433 (1) !!!",шт,ATN000433
300200420_,"G385 Выкл 1 кл с инд 10А с/у б/рамки ""ATLAS"" жемчуг ATN413 (10)",шт,ATN000413
300200421_,"G414 Переключ. 2 кл 10А с/у б/рамки ""ATLAS"" жемчуг ATN465 (10)",шт,ATN000465
300200422_,"G387 Выкл 2 кл с инд 10А с/у б/рамки ""ATLAS"" жемчуг ATN453 (10)",шт,ATN000453
300200423_,"G389 Диммер поворотно-нажимной с/у б/рамки 315Вт ""ATLAS"" жемчуг ATN434 (1)",шт,
300200424_,"G393 Перекрест.переключ. 1 кл 10А с/у б/рамки ""ATLAS"" жемчуг ATN471 (5)",шт,ATN000471
300200425_,"G402 Телефонная роз. RJ11 механизм б/рамки ""ATLAS"" жемчуг ATN481 (10)",шт,ATN000481
300200426_,"G392 Переключ. 1 кл с инд 10А с/у б/рамки ""ATLAS"" жемчуг ATN463 (10)",шт,ATN000463
300200427_,"G396 Роз. 2-ная с/у 16А с з/к з/ш со сдвиж.крыш.""ATLAS"" жемчуг ATN428 (6)",,ATN000428
300200428_,"A398 Роз. с з/к 16А с/у б/рамки ""ATLAS"" алюминий ATN343 (10)",шт,ATN000343
300200429_,"А399 Роз. с з/к 16А с/у з/ш ""ATLAS"" алюминий ATN344 (10)",шт,ATN000344
300200430_,"А384 Выкл 1 кл 10А с/у ""ATLAS"" алюминий ATN312 (10)",шт,ATN000312
300200431_,"А395 Роз. 2-ная с/у 16А с з/к з/ш ""ATLAS"" алюминий ATN326 (6)",шт,ATN000326
300200432_,"А386 Выкл 2 кл 10А с/у ""ATLAS"" алюминий ATN352 (10)",шт,ATN000352
300200433_,"А390 Комп. роз. RJ45 5Е механизм б/рамки ""ATLAS"" алюминий ATN383 (10)",шт,ATN000383
300200434_,"А397 Роз. RJ45+RJ45 5Е кат 5Е механизм б/рамки ""ATLAS"" алюминий ATN385 (10)",шт,ATN000385
300200435_,"А405 Рамка 1-ная ""ATLAS"" алюминий ATN301 (20)",шт,ATN000301
300200436_,"А394 Роз. 2-ная с/у 16А ""ATLAS"" алюминий ATN320 (6)",шт,ATN000320
300200437_,"А406 Рамка 2-ная ""ATLAS"" алюминий ATN302 (10)",шт,ATN000302
300200438_,"А407 Рамка 3-ная ""ATLAS"" алюминий ATN303 (15)",шт,ATN000303
300200439_,"А391 Переключ. 1 кл 10А с/у б/рамки ""ATLAS"" алюминий ATN361 (10)",шт,ATN000361
300200440_,"А408 Рамка 4-ная ""ATLAS"" алюминий ATN304 (15)",шт,ATN000304
300200441_,"А401 ТV роз. оконечная с/у б/рамки ""ATLAS"" алюминий ATN391(10)",шт,ATN000391
300200442_,"A404 USB розетка - 2 порта с/у б/рамки ""ATLAS"" алюминий ATN333 (1)",шт,ATN000333
300200443_,"А385 Выкл 1 кл с инд 10А с/у б/рамки ""ATLAS"" алюминий ATN313 (10)",шт,ATN000313
300200444_,"А387 Выкл 2 кл с инд 10А с/у б/рамки ""ATLAS"" алюминий ATN353 (10)",шт,ATN000353
300200445_,"А409 Рамка 5-ная ""ATLAS"" алюминий ATN305 (5)",шт,ATN000305
300200446_,"А414 Переключ. 2 кл 10А с/у б/рамки ""ATLAS"" алюминий ATN365 (10)",шт,ATN000365
300200447_,"А389 Диммер поворотно-нажимной с/у б/рамки 315Вт ""ATLAS"" алюминий ATN334 (1) !!!",шт,ATN000334
300200448_,"А393 Перекрест. переключ. 1 кл 10А с/у б/рамки ""ATLAS"" алюминий ATN371 (5)",шт,ATN000371
300200449_,"А388 Выкл 3 кл 10А с/у б/рамки ""ATLAS"" алюминий ATN331 (10)",шт,ATN000331
300200450_,"А402 Телефонная роз. RJ11 механизм б/рамки ""ATLAS"" алюминий ATN381 (10)",шт,ATN000381
300200451_,"А392 Переключ. 1 кл с инд 10А с/у б/рамки ""ATLAS"" алюминий ATN363 (10)",шт,ATN000363
300200452_,"А396 Роз. 2-ная с/у 16А с з/к з/ш со сдвиж.крыш.""ATLAS"" алюминий ATN328 (6)",шт,ATN000328
300200454_,"Blanca BLNVS010101 С/У 1-клавишный выключатель (cх.1), 10А, 250B, белый BLNVS010101 Шнейдер",шт,
300200456_,"Blanca BLNVS010501 С/У 2-клавишный выключатель (cх.1), 10А, 250B, белый Шнейдер",шт,
300200458_,"AtlasDesign Розетка 1я бел. с з/к со штор. 16А, механизм, ATN000145 !!!",шт,
300200459_,"K068 Выкл 1 кл 10А с/у ""ATLAS"" КАРБОН ATN1012 (5)",шт,ATN001012
300200460_,"K070 Выкл 2 кл 10А с/у ""ATLAS"" КАРБОН ATN1052 (5)",шт,ATN001052
300200461_,"K072 Выкл 3 кл 10А с/у б/рамки ""ATLAS"" КАРБОН ATN1031",шт,ATN001031
300200462_,"K075 Переключ. 1 кл 10А с/у б/рамки ""ATLAS"" КАРБОН ATN1061 (5)",шт,ATN001061
300200463_,"K084 Рамка 1-ая ""ATLAS"" КАРБОН ATN1001 (10)",шт,ATN001001
300200464_,"K085 Рамка 2-ая ""ATLAS"" КАРБОН ATN1002 (5)",шт,ATN001002
300200465_,"K086 Рамка 3-ая ""ATLAS"" КАРБОН ATN1003 (15)",шт,ATN001003
300200466_,"K087 Рамка 4-ая ""ATLAS"" КАРБОН ATN1004",шт,ATN001004
300200467_,"K088 Рамка 5-ая ""ATLAS"" КАРБОН ATN1005",шт,ATN001005
300200468_,"K078 Роз. 2-ная с/у 16А ""ATLAS"" КАРБОН ATN1020 (6)",шт,ATN001020
300200469_,"Роз. двойная с з/к, 16А, в сборе, карбон ""ATLAS""",шт,
300200470_,"K083 Телефонная роз. RJ11 механизм б/рамки ""ATLAS"" КАРБОН ATN1081",шт,ATN001081
300200471_,"K082 ТV роз. оконечная с/у б/рамки ""ATLAS"" КАРБОН ATN1091",шт,ATN001091
300200472_,"K074 Комп. роз. RJ45 5Е механизм б/рамки ""ATLAS"" КАРБОН ATN1083 (5)",шт,ATN001083
300200473_,Роз. 2-ная с з/к 16А в сборе жемчуг ATLASDESIGN !!!,шт,ATN000424
300200474_,"Роз 2-я.с з/к, 16А, в сб, ATLAS АЛЮМИНИЙ ATN324",,ATN000324
300200495_,"КОРОБКА ПОДЪЕМНАЯ С/У Д/СИЛ. РОЗЕТОК,БЕЛ",шт,
300200496_,"S419 Выкл. 1 кл с самовозвр. механизм ""ATLAS"" белый ATN000115 (5)",шт,ATN000115
300200497_,"КОРОБКА МОНТАЖН.С / У Д / СИЛ.РОЗЕТОК, ЗЕЛЕН",шт,BLNMK000001
300200498_,"S414 Переключ. 2 кл 10А с/у б/рамки ""ATLAS"" белый ATN165 (20)",шт,ATN000165
300200511_,"K057 Роз. RJ45+RJ45 5Е кат 5Е механизм б/рамки ""ATLAS"" ГРИФЕЛЬ ATN785 (10)",шт,ATN000785
300200515_,"K079 Роз. 2-ная с/у 16А с з/к з/ш ""ATLAS"" КАРБОН ATN1026 (6)",шт,ATN001026
300200516_,"K081 Роз. с з/к 16А с/у з/ш ""ATLAS"" КАРБОН ATN1044 (5)",шт,ATN001044
300200517_,"K076 Переключ. 1 кл с инд 10А с/у б/рамки ""ATLAS"" КАРБОН ATN1063 (2)",шт,ATN001063
300200518_,"K080 Роз. RJ45+RJ45 5Е кат 5Е механизм б/рамки ""ATLAS"" КАРБОН ATN1085 (5)",шт,ATN001085
300200519_,"K089 Переключ. 2 кл 10А с/у б/рамки ""ATLAS"" КАРБОН ATN1065 (5)",шт,ATN001065
300200520_,"K001 Роз. с з/к 16А с/у б/рамки ""ATLAS"" СТАЛЬ ATN943 (5)",шт,ATN000943
300200521_,"K002 Выкл 1 кл 10А с/у ""ATLAS"" СТАЛЬ ATN912 (5) NEW",шт,ATN000912
300200522_,"K003 Выкл 1 кл с инд 10А с/у б/рамки ""ATLAS"" СТАЛЬ ATN913 (5)",шт,ATN000913
300200523_,"K004 Выкл 2 кл 10А с/у ""ATLAS"" СТАЛЬ ATN952 (5) NEW",шт,ATN000952
300200524_,"K005 Выкл 2 кл с инд 10А с/у б/рамки ""ATLAS"" СТАЛЬ ATN953 (5)",шт,ATN000953
300200525_,"K006 Выкл 3 кл 10А с/у б/рамки ""ATLAS"" СТАЛЬ ATN931 (5)",шт,ATN000931
300200526_,"K007 Комп. роз. RJ45 5Е механизм б/рамки ""ATLAS"" СТАЛЬ ATN983 (5)",шт,ATN000983
300200527_,"K008 Переключ. 1 кл 10А с/у б/рамки ""ATLAS"" СТАЛЬ ATN961 (5)",шт,ATN000961
300200528_,"K0088 Перекл. 1-кл с инд 10А с/у б/рамки ""ATLAS"" СТАЛЬ ATN963 (2) NEW",,ATN000963
300200529_,"K010 Перекрест.переключ. 1 кл 10А с/у б/рамки ""ATLAS"" СТАЛЬ ATN971 (2)",шт,ATN000971
300200530_,"K011 Роз. 2-ная с/у 16А ""ATLAS"" СТАЛЬ ATN920 (6)",шт,ATN000920
300200531_,"K012 Роз. 2-ная с/у 16А с з/к з/ш ""ATLAS"" СТАЛЬ ATN926 (6)",шт,ATN000926
300200532_,"K013 Роз. RJ45+RJ45 5Е кат 5Е механизм б/рамки ""ATLAS"" СТАЛЬ ATN985 (5)",шт,ATN000985
300200533_,"K014 Роз. с з/к 16А с/у з/ш ""ATLAS"" СТАЛЬ ATN944 (5)",шт,ATN000944
300200534_,"K015 ТV роз. оконечная с/у б/рамки ""ATLAS"" СТАЛЬ ATN991(5)",шт,ATN000991
300200535_,"K016 Телефонная роз. RJ11 механизм б/рамки ""ATLAS"" СТАЛЬ ATN981 (5)",шт,ATN000981
300200536_,"K017 Рамка 1-ная ""ATLAS"" СТАЛЬ ATN901 (5)",шт,ATN000901
300200537_,"K018 Рамка 2-ная ""ATLAS"" СТАЛЬ ATN902 (5)",шт,ATN000902
300200538_,"K019 Рамка 3-ная ""ATLAS"" СТАЛЬ ATN903 (2)",шт,ATN000903
300200539_,"K020 Рамка 4-ная ""ATLAS"" СТАЛЬ ATN904 (2)",шт,ATN000904
300200540_,"K021 Рамка 5-ная ""ATLAS"" СТАЛЬ ATN905 (2)",шт,ATN000905
300200541_,"K022 Переключ. 2 кл 10А с/у б/рамки ""ATLAS"" СТАЛЬ ATN965 (5)",шт,ATN000965
300200542_,"K023 Роз. с з/к 16А с/у б/рамки ""ATLAS"" ШАМПАНЬ ATN543 (10)",шт,ATN000543
300200543_,"K024 Выкл 1 кл 10А с/у ""ATLAS"" ШАМПАНЬ ATN512 (10)",шт,ATN000512
300200544_,"K025 Выкл 1 кл с инд 10А с/у б/рамки ""ATLAS"" ШАМПАНЬ ATN513 (10)",шт,ATN000513
300200545_,"K026 Выкл 2 кл 10А с/у ""ATLAS"" ШАМПАНЬ ATN552 (10)",шт,ATN000552
300200546_,"K027 Выкл 2 кл с инд 10А с/у б/рамки ""ATLAS"" ШАМПАНЬ ATN553 (10)",шт,ATN000553
300200547_,"K028 Выкл 3 кл 10А с/у б/рамки ""ATLAS"" ШАМПАНЬ ATN531 (10)",шт,ATN000531
300200548_,"K029 Комп. роз. RJ45 5Е механизм б/рамки ""ATLAS"" ШАМПАНЬ ATN583 (10)",шт,ATN000583
300200549_,"K030 Переключ. 1 кл 10А с/у б/рамки ""ATLAS"" ШАМПАНЬ ATN561 (10)",шт,ATN000561
300200550_,"K031 Переключ. 1 кл с инд 10А с/у б/рамки ""ATLAS"" ШАМПАНЬ ATN563 (10)",шт,ATN000563
300200551_,"K032 Перекрест.переключ. 1 кл 10А с/у б/рамки ""ATLAS"" ШАМПАНЬ ATN571 (5)",шт,ATN000571
300200552_,"K033 Роз. 2-ная с/у 16А ""ATLAS"" ШАМПАНЬ ATN520 (6)",шт,ATN000520
300200553_,"K034 Роз. 2-ная с/у 16А с з/к з/ш ""ATLAS"" ШАМПАНЬ ATN526 (6)",шт,ATN000526
300200554_,"K035 Роз. RJ45+RJ45 5Е кат 5Е механизм б/рамки ""ATLAS"" ШАМПАНЬ ATN585 (10)",шт,ATN000585
300200555_,"K036 Роз. с з/к 16А с/у з/ш ""ATLAS"" ШАМПАНЬ ATN544 (10)",шт,ATN000544
300200556_,"K037 ТV роз. оконечная с/у б/рамки ""ATLAS"" ШАМПАНЬ ATN591(10)",шт,ATN000591
300200557_,"K038 Телефонная роз. RJ11 механизм б/рамки ""ATLAS"" ШАМПАНЬ ATN581 (10)",шт,ATN000581
300200558_,"K039 Рамка 1-ная ""ATLAS"" ШАМПАНЬ ATN501 (10)",шт,ATN000501
300200559_,"K040 Рамка 2-ная ""ATLAS"" ШАМПАНЬ ATN502 (10)",шт,ATN000502
300200560_,"K041 Рамка 3-ная ""ATLAS"" ШАМПАНЬ ATN503 (15)",шт,ATN000503
300200561_,"K042 Рамка 4-ная ""ATLAS"" ШАМПАНЬ ATN504 (15)",шт,ATN000504
300200562_,"K043 Рамка 5-ная ""ATLAS"" ШАМПАНЬ ATN505 (5)",шт,ATN000505
300200563_,"K044 Переключ. 2 кл 10А с/у б/рамки ""ATLAS"" ШАМПАНЬ ATN565 (10)",шт,ATN000565
300200564_,"K045 Роз. с з/к 16А с/у б/рамки ""ATLAS"" ГРИФЕЛЬ ATN743 (10)",шт,ATN000743
300200565_,"K046 Выкл 1 кл 10А с/у ""ATLAS"" ГРИФЕЛЬ ATN712 (10)",шт,ATN000712
300200566_,"K047 Выкл 1 кл с инд 10А с/у б/рамки ""ATLAS"" ГРИФЕЛЬ ATN713 (10)",шт,ATN000713
300200567_,"K048 Выкл 2 кл 10А с/у ""ATLAS"" ГРИФЕЛЬ ATN752 (10)",шт,ATN000752
300200568_,"K049 Выкл 2 кл с инд 10А с/у б/рамки ""ATLAS"" ГРИФЕЛЬ ATN753 (10)",шт,ATN000753
300200569_,"K050 Выкл 3 кл 10А с/у б/рамки ""ATLAS"" ГРИФЕЛЬ ATN731 (10)",шт,ATN000731
300200570_,"K051 Комп. роз. RJ45 5Е механизм б/рамки ""ATLAS"" ГРИФЕЛЬ ATN783 (10)",шт,ATN000783
300200571_,"K052 Переключ. 1 кл 10А с/у б/рамки ""ATLAS"" ГРИФЕЛЬ ATN761 (10)",шт,ATN000761
300200572_,"K053 Переключ. 1 кл с инд 10А с/у б/рамки ""ATLAS"" ГРИФЕЛЬ ATN763 (10)",шт,ATN000763
300200573_,"K054 Перекрест.переключ. 1 кл 10А с/у б/рамки ""ATLAS"" ГРИФЕЛЬ ATN771 (5)",шт,ATN000771
300200574_,"K055 Роз. 2-ная с/у 16А ""ATLAS"" ГРИФЕЛЬ ATN720 (6)",шт,ATN000720
300200575_,"K056 Роз. 2-ная с/у 16А с з/к з/ш ""ATLAS"" ГРИФЕЛЬ ATN726 (6)",шт,ATN000726
300200576_,"K058 Роз. с з/к 16А с/у з/ш ""ATLAS"" ГРИФЕЛЬ ATN744 (10)",шт,ATN000744
300200577_,"K059 ТV роз. оконечная с/у б/рамки ""ATLAS"" ГРИФЕЛЬ ATN791 (10)",шт,ATN000791
300200578_,"K0571 Телефонная роз. RJ11 мех. ГРИФЕЛЬ ""ATLAS"" ATN781 (5) NEW",,ATN000781
300200579_,"K061 Рамка 1-ная ""ATLAS"" ГРИФЕЛЬ ATN701 (10)",шт,ATN000701
300200580_,"K062 Рамка 2-ная ""ATLAS"" ГРИФЕЛЬ ATN702 (10)",шт,ATN000702
300200581_,"K063 Рамка 3-ная ""ATLAS"" ГРИФЕЛЬ ATN703 (15)",шт,ATN000703
300200582_,"K064 Рамка 4-ная ""ATLAS"" ГРИФЕЛЬ ATN704 (15)",шт,ATN000704
300200583_,"K065 Рамка 5-ная ""ATLAS"" ГРИФЕЛЬ ATN705 (5)",шт,ATN000705
300200584_,"K066 Переключ. 2 кл 10А с/у б/рамки ""ATLAS"" ГРИФЕЛЬ ATN765 (10)",шт,ATN000765
300200586_,"S4100 Выкл. AQUA 2 кл 10А мех. IP44 ""ATLAS"" БЕЛЫЙ ATN440151 (20) NEW",,ATN440151
300200588_,"А3844 Выкл 1 кл 10А механизм ""ATLAS"" алюминий ATN311 (10)",шт,ATN000311
300200589_,"А3866 Выкл 2 кл 10А механизм ""ATLAS"" алюминий ATN351 (10)",,ATN000351
300200590_,"K0461 Выкл. 1-кл 10А с/у б/рамки ""ATLAS"" ГРИФЕЛЬ ATN711 (10) NEW",шт,ATN000711
300200591_,"K0488 Выкл 2-кл 10А механизм ""ATLAS"" ГРИФЕЛЬ ATN751 (10)",шт,ATN000751
300200592_,"Выкл 1-кл, сх.1, 10АХ, механизм, шампань ""ATLAS""",шт,ATN000511
300200593_,"K0266 Выкл. 2 кл 10А б/рамки ""ATLAS"" ШАМПАНЬ ATN551 (10) NEW",шт,ATN000551
300200594_,"K0022 Выкл. 1-кл 10А с/у б/рамки ""ATLAS"" СТАЛЬ ATN911 (5) NEW",,ATN000911
300200595_,"Выкл 2-кл, сх.5, 10АХ, механизм, сталь ""ATLAS""",шт,ATN000951
300200622_,"Роз. с з/к с з/ш, 16А, механизм, сталь ""ATLAS""",,ATN000945
300200623_,"Роз. двойная с з/к, 16А, в сборе, сталь ""ATLAS""",,ATN000924
300200624_,"K0233 Роз. с з/к с з/ш, 16А, механизм ""ATLAS"" ШАМПАНЬ ATN545 (10)",шт,ATN000545
300200627_,"AtlasDesign РОЗЕТКА 2-я з/к, 16А, в сб, ГРИФЕЛЬ NEW ATN724",,ATN000724
300200632_,"А3999 Роз. без з/к без шторок 16А механизм ""ATLAS"" алюминий ATN341 (10)",шт,ATN000341
300200635_,"AtlasDesign Розетка 1я Алюминий без з/к без штор. 16А, в сборе, ATN000340 (10)",шт,
300200700_,"S4000 Роз. с з/к 16А с/у з/ш с крышкой б/рамки""ATLAS"" белый ATN146 (15)",шт,ATN000146
300200704_,"K02333 Роз. без з/к без с/ш 16А мех. ""ATLAS"" ШАМПАНЬ ATN541 (10) NEW",шт,ATN000541
300200718_,К090 Роз. с з/к 16А с/у б/рамки ATLAS ПЕСОЧНЫЙ ATN1243 (5),шт,ATN001243
300200719_,К091 Роз. с з/к с з/ш 16А механизм ATLAS ПЕСОЧНЫЙ ATN1245 (5),шт,ATN001245
300200720_,К092 Выкл 1 кл 10А с/у ATLAS ПЕСОЧНЫЙ ATN1212 (5),шт,ATN001212
300200721_,К093 Выкл 1 кл с инд 10А с/у б/рамки ATLAS ПЕСОЧНЫЙ ATN1213,шт,ATN001213
300200722_,К094 Выкл 2 кл 10А с/у ATLAS ПЕСОЧНЫЙ ATN1252 (5),шт,ATN001252
300200723_,К095 Выкл 2 кл с инд 10А с/у б/рамки ATLAS ПЕСОЧНЫЙ ATN1253,шт,ATN001253
300200724_,К096 Выкл 3 кл 10А с/у б/рамки ATLAS ПЕСОЧНЫЙ ATN1231 (5),шт,ATN001231
300200725_,К097 Комп. роз. RJ45 5Е механизм б/рамки ATLAS ПЕСОЧНЫЙ ATN1283 (5),шт,ATN001283
300200726_,К098 Переключ. 1 кл 10А с/у б/рамки ATLAS ПЕСОЧНЫЙ ATN1261 (5),шт,ATN001261
300200727_,К099 Переключ. 1 кл с инд 10А с/у б/рамки ATLAS ПЕСОЧНЫЙ ATN1263,шт,ATN001263
300200728_,К100 Перекрест.переключ. 1 кл 10А с/у б/рамки ATLAS ПЕСОЧНЫЙ ATN1271 (5),шт,ATN001271
300200729_,К101 Роз. 2-ная с/у 16А ATLAS ПЕСОЧНЫЙ ATN1220 (6),шт,ATN001220
300200730_,К102 Роз. 2-ная с/у 16А с з/к з/ш ATLAS ПЕСОЧНЫЙ ATN1226 (6),шт,ATN001226
300200731_,К103 Роз. RJ45+RJ45 5Е кат 5Е механизм б/рамки ATLAS ПЕСОЧНЫЙ ATN1285 (5),шт,ATN001285
300200732_,К104 Роз. с з/к 16А с/у з/ш ATLAS ПЕСОЧНЫЙ ATN1244 (5),шт,ATN001244
300200733_,К105 ТV роз. оконечная с/у б/рамки ATLAS ПЕСОЧНЫЙ ATN1291 (5),шт,ATN001291
300200734_,К106 Телефонная роз. RJ11 механизм б/рамки ATLAS ПЕСОЧНЫЙ ATN1281 (5),шт,ATN001281
300200735_,К107 Рамка 1-ная ATLAS ПЕСОЧНЫЙ ATN1201 (10),шт,ATN001201
300200736_,К108 Рамка 2-ная ATLAS ПЕСОЧНЫЙ ATN1202 (5),шт,ATN001202
300200737_,К109 Рамка 3-ная ATLAS ПЕСОЧНЫЙ ATN1203 (5),шт,ATN001203
300200738_,К110 Рамка 4-ная ATLAS ПЕСОЧНЫЙ ATN1204 (5),шт,ATN001204
300200739_,К111 Рамка 5-ная ATLAS ПЕСОЧНЫЙ ATN1205 (5),шт,ATN001205
300200740_,К112 Переключ. 2 кл 10А с/у б/рамки ATLAS ПЕСОЧНЫЙ ATN1265 (5),шт,ATN001265
300200741_,К113 Выкл 1-кл сх.1 10АХ механизм ПЕСОЧНЫЙ ATLAS ATN1211 (5),шт,ATN001211
300200742_,К111 Выкл 1-кл о/у IP54 10А Atlas Profi 54 БЕЛЫЙ ATN540111 (12),шт,ATN540111
300200743_,К112 Выкл 2-кл о/у IP54 10А Atlas Profi 54 БЕЛЫЙ ATN540151 (12),шт,ATN540151
300200744_,К113 Роз. з/к з/ш о/у IP54 16А 250В Atlas Profi 54 БЕЛЫЙ ATN540145 (12),шт,ATN540145
300200745_,К114 Роз. 2-я з/к о/у IP54 16А Atlas Profi 54 БЕЛЫЙ ATN540126 (6),шт,ATN540126
300200746_,К115 Перекл 1-кл о/у IP54 Atlas Profi 54 БЕЛЫЙ ATN540161 (12),шт,ATN540161
300200747_,"К116 Роз,Выкл.2-кл з/к з/ш о/у IP54 16А Atlas Profi 54 БЕЛЫЙ ATN540174 (6)",шт,ATN540174
300200748_,"К117 Роз,Выкл.1-кл з/к з/ш о/у IP54 16А Atlas Profi 54 БЕЛЫЙ ATN540170 (6)",шт,ATN540170
300200749_,К118 Выкл 1-кл о/у IP54 Atlas Profi 54 АНТРАЦИТ ATN544011 (12),шт,ATN544011
300200750_,К119 Выкл 2-кл о/у IP54 Atlas Profi 54 АНТРАЦИТ ATN544051 (12),шт,ATN544051
300200751_,К120 Роз. з/к з/ш о/у IP54 16А 250В Atlas Profi 54 АНТРАЦИТ ATN544045 (12),шт,ATN544045
300200752_,К121 Роз. 2-я з/к о/у IP54 16А Atlas Profi 54 АНТРАЦИТ ATN544026 (6),шт,ATN544026
300200753_,К122 Перекл 1-кл о/у IP54 Atlas Profi 54 АНТРАЦИТ ATN544061 (12),шт,ATN544061
300200754_,К123 Блок:Роз+выкл 2-кл з/к з/ш о/у IP54 16А Atlas Profi 54 АНТРАЦИТ ATN544074 (6),шт,ATN544074
300200755_,К124 Блок:Роз+выкл 1-кл з/к з/ш о/у IP54 16А Atlas Profi 54 АНТРАЦИТ ATN544070 (6),шт,ATN544070
300200767_,"S3899 Диммер поворотно-нажимной с/у б/рамки 400Вт ""ATLAS"" белый ATN123 (1)",шт,ATN000123
300200771_,"S417 Перекрест. перекл. 2 кл 10А с/у б/рамки мех. ""ATLAS"" белый ATN173 (5) NEW",шт,ATN000173
300200772_,"K0777 Перекрест. перекл. 2 кл 10А с/у б/рамки мех. ""ATLAS"" КАРБОН ATN1073 (5) NEW",шт,ATN001073
300200773_,"K0322 Перекрест. перекл. 2 кл 10А с/у б/рамки ""ATLAS"" ШАМПАНЬ ATN573 (5) NEW",шт,ATN000573
300200774_,"А3933 Перекрест. переключ. 2 кл 10А с/у б/рамки ""ATLAS"" алюминий ATN373 (5) NEW",шт,ATN000373
300200775_,"K090 Диммер повортно нажимной мех. LED RC 400Вт ""ATLAS"" КАРБОН ATN1023 (1) NEW",шт,ATN001023
300200776_,"K0588 Роз. без з/к без з/ш б/рамки 16А ""ATLAS"" ГРИФЕЛЬ ATN741 (10) NEW",шт,ATN000741
300200777_,"К0944 Выкл. 2 кл 10А б/рамки ""ATLAS"" ПЕСОЧНЫЙ ATN1251 (5) NEW",шт,ATN001251
300200778_,"К1044 Роз. без з/к без с/ш 16А б/рамки ""ATLAS"" ПЕСОЧНЫЙ ATN1241 (5) NEW",шт,ATN001241
300200779_,"K093 Роз. AQUA с з/к с ш/т 16А с крышкой IP44 механизам ""ATLAS"" КАРБОН ATN441046 (10) NEW",шт,ATN441046
300200780_,"K092 Перекл. AQUA 1-кл 10А с/у IP44 мех. ""ATLAS"" КАРБОН ATN441051 (20) NEW",,ATN441061
300200781_,"K091 Выкл. AQUA 2 кл IP44 мех. ""ATLAS"" КАРБОН ATN441051 (5) NEW",шт,ATN441051
300200782_,"K094 Рамка 1-ная AQUA IP44 ""ATLAS"" КАРБОН ATN441001 (10) NEW",шт,ATN441001
300200783_,"K095 Рамка 2-ная AQUA IP44 ""ATLAS"" КАРБОН ATN441002 (5) NEW",шт,ATN441002
300200784_,"G001 Роз. с з/к 16А механизм ""ARTGALLERY"" алюминий GAL0343 (10)",шт,GAL000343
300200785_,"G002 Выкл. 1 кл 10А ""ARTGALLERY"" алюминий GAL0311 (10)",шт,GAL000311
300200786_,"G003 Выкл. 1 кл с инд 10А механизм ""ARTGALLERY"" алюминий GAL0313 (10)",шт,GAL000313
300200787_,"G004 Выкл. 2 кл 10А механизм ""ARTGALLERY"" алюминий GAL0351 (10)",шт,GAL000351
300200788_,"G005 Выкл. 2 кл с инд 10А механизм ""ARTGALLERY"" алюминий GAL0353 (10)",шт,GAL000353
300200789_,"G006 Роз. комп. RJ45 6A механизм ""ARTGALLERY"" алюминий GAL0386 (5)",шт,GAL000386
300200790_,"G007 Переключ. 1 кл механизм ""ARTGALLERY"" алюминий GAL0361 (10)",шт,GAL000361
300200791_,"G008 Перекрест. переключ. 1 кл ""ARTGALLERY"" алюминий GAL0371 (5)",шт,GAL000371
300200792_,"G009 Роз. 2-ная комп. RJ45+RJ45 6A механизм ""ARTGALLERY"" алюминий GAL0388 (1)",шт,GAL000388
300200793_,"G010 Роз. с з/к с/ш 16A механизм ""ARTGALLERY"" алюминий GAL0345 (10)",шт,GAL000345
300200794_,"G011 Роз. TV оконечная механизм ""ARTGALLERY"" алюминий GAL0391 (5)",шт,GAL000391
300200795_,"G012 Рамка 1-ная ""ARTGALLERY"" алюминий GAL0301 (20)",шт,GAL000301
300200796_,"G013 Рамка 2-ная ""ARTGALLERY"" алюминий GAL0302 (10)",шт,GAL000302
300200797_,"G014 Рамка 3-ная ""ARTGALLERY"" алюминий GAL0303 (5)",шт,GAL000303
300200798_,"G015 Рамка 4-ная ""ARTGALLERY"" алюминий GAL0304 (5)",шт,GAL000304
300200799_,"G016 Рамка 5-ная ""ARTGALLERY"" алюминий GAL0305 (5)",шт,GAL000305
300200800_,"G017 Переключ. 2 кл механизм ""ARTGALLERY"" алюминий GAL0365 (10)",шт,GAL000365
300200801_,"G018 Рамка 1-ная IP44 ""ARTGALLERY"" алюминий GAL440301 (10)",шт,GAL440301
300200802_,"G019 Рамка 2-ная IP44 ""ARTGALLERY"" алюминий GAL440302 (5)",шт,GAL440302
300200803_,"G020 Роз. с з/к с/ш с крышкой 16A механизм IP44 ""ARTGALLERY"" алюминий GAL440346 (10)",шт,GAL440346
300200804_,"G021 Выкл. 1 кл кнопочный 10А механизм ""ARTGALLERY"" алюминий GAL0315 (5)",шт,GAL000315
300200805_,"G022 Вывод кабеля механизм ""ARTGALLERY"" алюминий GAL0399 (5)",шт,GAL000399
300200806_,"G023 Роз. 2-ная TV комп. RJ45 5Е ""ARTGALLERY"" алюминий GAL0389 (5)",шт,GAL000389
300200807_,"G024 Роз. USB A+C 45Вт высокоскор.заряд., механизм ""ARTGALLERY"" алюминий GAL0329 (1)",шт,GAL000329
300200808_,"G025 Диммер поворотно-нажимной механизм 400Вт ""ARTGALLERY"" алюминий GAL0323 (1)",шт,GAL000323
300200809_,"G026 Роз. с з/к с/ш LED 16A механизм IP20 ""ARTGALLERY"" алюминий GAL0346 (10)",шт,GAL000346
300200810_,"G027 Роз. с з/к механизм 16A ""ARTGALLERY"" шампань GAL0543 (10)",шт,GAL000543
300200811_,"G028 Роз. с з/к с/ш механизм ""ARTGALLERY"" шампань GAL0545 (10)",шт,GAL000545
300200812_,"G029 Выкл. 1 кл 10А ""ARTGALLERY"" шампань GAL0511 (10)",шт,GAL000511
300200813_,"G030 Выкл. 1 кл с инд 10А механизм ""ARTGALLERY"" шампань GAL0513 (10)",шт,GAL000513
300200814_,"G031 Выкл. 2 кл 10А механизм ""ARTGALLERY"" шампань GAL0551 (10)",шт,GAL000551
300200815_,"G032 Выкл. 2 кл с инд 10А механизм ""ARTGALLERY"" шампань GAL0553 (10)",шт,GAL000553
300200816_,"G033 Роз. комп. RJ45, 6A механизм ""ARTGALLERY"" шампань GAL0586 (5)",шт,GAL000586
300200817_,"G034 Переключ. 1 кл механизм ""ARTGALLERY"" шампань GAL0561 (10)",шт,GAL000561
300200818_,"G035 Перекрест. переключ. 1 кл ""ARTGALLERY"" шампань GAL0571 (5)",шт,GAL000571
300200819_,"G036 Роз. 2-ная комп. RJ45+RJ45 6A механизм ""ARTGALLERY"" шампань GAL0588 (1)",шт,GAL000588
300200820_,"G037 Роз. TV оконечная 1DB механизм ""ARTGALLERY"" шампань GAL0591 (5)",шт,GAL000591
300200821_,"G038 Рамка 1-ная ""ARTGALLERY"" шампань GAL0501 (20)",шт,GAL000501
300200822_,"G039 Рамка 2-ная ""ARTGALLERY"" шампань GAL0502 (10)",шт,GAL000502
300200823_,"G040 Рамка 3-ная ""ARTGALLERY"" шампань GAL0503 (5)",шт,GAL000503
300200824_,"G041 Рамка 4-ная ""ARTGALLERY"" шампань GAL0504 (5)",шт,GAL000504
300200825_,"G042 Рамка 5-ная ""ARTGALLERY"" шампань GAL0505 (5)",шт,GAL000505
300200826_,"G043 Переключ. 2 кл механизм ""ARTGALLERY"" шампань GAL0565 (10)",шт,GAL000565
300200827_,"G044 Выкл. 1 кл кнопочный 10А механизм ""ARTGALLERY"" шампань GAL0515 (5)",шт,GAL000515
300200828_,"G045 Вывод кабеля механизм ""ARTGALLERY"" шампань GAL0599 (5)",шт,GAL000599
300200829_,"G046 Роз. 2-ная TV комп. RJ45 5Е ""ARTGALLERY"" шампань GAL0589 (5)",шт,GAL000589
300200830_,"G047 Роз. USB A+C 45Вт высокоскор.заряд., механизм ""ARTGALLERY"" шампань GAL0529 (1)",шт,GAL000529
300200831_,"G048 Диммер поворотно-нажимной механизм 400Вт ""ARTGALLERY"" шампань GAL0523 (1)",шт,GAL000523
300200832_,"G049 Роз. с з/к с/ш с крышкой 16А механизм IP20 ""ARTGALLERY"" шампань GAL0546 (10)",шт,GAL000546
300200833_,"G050 Выкл. 1 кл 10А ""ARTGALLERY"" лотос GAL1311 (5)",шт,GAL001311
300200834_,"G051 Выкл. 1 кл с инд 10А механизм ""ARTGALLERY"" лотос GAL1313 (5)",шт,GAL001313
300200835_,"G052 Выкл. 2 кл 10А механизм ""ARTGALLERY"" лотос GAL1351 (5)",шт,GAL001351
300200836_,"G053 Выкл. 2 кл с инд 10А механизм ""ARTGALLERY"" лотос GAL1353 (5)",шт,GAL001353
300200837_,"G054 Диммер поворотно-нажимной механизм 400Вт ""ARTGALLERY"" лотос GAL1323 (1)",шт,GAL001323
300200838_,"G055 Роз. комп. RJ45 6A механизм ""ARTGALLERY"" лотос GAL1386 (5)",шт,GAL001386
300200839_,"G056 Переключ. 1 кл механизм ""ARTGALLERY"" лотос GAL1361 (5)",шт,GAL001361
300200840_,"G057 Перекрест. переключ. 1 кл ""ARTGALLERY"" лотос GAL1371 (5)",шт,GAL001371
300200841_,"G058 Роз. 2-ная комп. RJ45+RJ45 6A механизм ""ARTGALLERY"" лотос GAL1388 (1)",шт,GAL001388
300200842_,"G059 Роз. с з/к 16А механизм ""ARTGALLERY"" лотос GAL1343 (5)",шт,GAL001343
300200843_,"G060 Роз. с з/к с/ш 16А механизм ""ARTGALLERY"" лотос GAL1345 (5)",шт,GAL001345
300200844_,"G061 Роз. с з/к с/ш с крышкой 16А механизм IP20 ""ARTGALLERY"" лотос GAL1346 (5)",шт,GAL001346
300200845_,"G062 Роз. TV оконечная механизм ""ARTGALLERY"" лотос GAL1391 (5)",шт,GAL001391
300200846_,"G063 Рамка 1-ная ""ARTGALLERY"" лотос GAL1301 (10)",шт,GAL001301
300200847_,"G064 Рамка 2-ная ""ARTGALLERY"" лотос GAL1302 (5)",шт,GAL001302
300200848_,"G065 Рамка 3-ная ""ARTGALLERY"" лотос GAL1303 (5)",шт,GAL001303
300200849_,"G066 Рамка 4-ная ""ARTGALLERY"" лотос GAL1304 (5)",шт,GAL001304
300200850_,"G067 Рамка 5-ная ""ARTGALLERY"" лотос GAL1305 (5)",шт,GAL001305
300200851_,"G068 Переключ. 2 кл механизм ""ARTGALLERY"" лотос GAL1365 (5)",шт,GAL001365
300200852_,"G069 Выкл. 1 кл кнопочный 10А механизм ""ARTGALLERY"" лотос GAL1315 (5)",шт,GAL001315
300200853_,"G070 Вывод кабеля механизм ""ARTGALLERY"" лотос GAL1399 (5)",шт,GAL001399
300200854_,"G071 Роз. 2-ная TV комп. RJ45 5Е ""ARTGALLERY"" лотос GAL1389 (5)",шт,GAL001389
300200855_,"G072 Роз. USB A+C 45Вт высокоскор.заряд., механизм ""ARTGALLERY"" лотос GAL1329 (1)",шт,GAL001329
300200856_,"G073 Роз. с з/к 16А механизм ""ARTGALLERY"" карбон GAL1043 (5)",шт,GAL001043
300200857_,"G074 Выкл. 1 кл 10А ""ARTGALLERY"" карбон GAL1011 (5)",шт,GAL001011
300200858_,"G075 Выкл. 1 кл с инд 10А механизм ""ARTGALLERY"" карбон GAL1013 (5)",шт,GAL001013
300200859_,"G076 Выкл. 2 кл 10А механизм ""ARTGALLERY"" карбон GAL1051 (5)",шт,GAL001051
300200860_,"G077 Выкл. 2 кл с инд 10А механизм ""ARTGALLERY"" карбон GAL1053 (5)",шт,GAL001053
300200861_,"G078 Роз. комп. RJ45 6A механизм ""ARTGALLERY"" карбон GAL1086 (5)",шт,GAL001086
300200862_,"G079 Переключ. 1 кл механизм ""ARTGALLERY"" карбон GAL1061 (5)",шт,GAL001061
300200863_,"G080 Перекрест. переключ. 1 кл ""ARTGALLERY"" карбон GAL1071 (5)",шт,GAL001071
300200864_,"G081 Роз. 2-ная комп. RJ45+RJ45 6A механизм ""ARTGALLERY"" карбон GAL1088 (1)",шт,GAL001088
300200865_,"G082 Роз. с з/к с/ш 16А механизм ""ARTGALLERY"" карбон GAL1045 (5)",шт,GAL001045
300200866_,"G083 Роз. с з/к с/ш с крышкой 16А механизм IP20 ""ARTGALLERY"" карбон GAL1046 (5)",шт,GAL001046
300200867_,"G084 Роз. TV оконечная механизм ""ARTGALLERY"" карбон GAL1091 (5)",шт,GAL001091
300200868_,"G085 Рамка 1-ная ""ARTGALLERY"" карбон GAL1001 (10)",шт,GAL001001
300200869_,"G086 Рамка 2-ная ""ARTGALLERY"" карбон GAL1002 (5)",шт,GAL001002
300200870_,"G087 Рамка 3-ная ""ARTGALLERY"" карбон GAL1003 (5)",шт,GAL001003
300200871_,"G088 Рамка 4-ная ""ARTGALLERY"" карбон GAL1004 (5)",шт,GAL001004
300200872_,"G089 Рамка 5-ная ""ARTGALLERY"" карбон GAL1005 (5)",шт,GAL001005
300200873_,G090 Переключ. 2 кл механизм карбон GAL1065 (5),шт,GAL001065
300200874_,"G091 Диммер поворотно-нажимной механизм 400Вт ""ARTGALLERY"" карбон GAL1023 (1)",шт,GAL001023
300200875_,"G092 Роз. с з/к с/ш с крышкой 16А механизм IP44 ""ARTGALLERY"" карбон GAL441046 (5)",шт,GAL441046
300200876_,"G093 Рамка 1-ная IP44 ""ARTGALLERY"" карбон GAL441001 (5)",шт,GAL441001
300200877_,"G094 Рамка 2-ная IP44 ""ARTGALLERY"" карбон GAL441002 (5)",шт,GAL441002
300200878_,"G095 Выкл. 1 кл кнопочный 10А механизм ""ARTGALLERY"" карбон GAL1015 (5)",шт,GAL001015
300200879_,"G096 Вывод кабеля механизм ""ARTGALLERY"" карбон GAL1099 (5)",шт,GAL001099
300200880_,"G097 Роз. 2-ная TV комп. RJ45 5Е ""ARTGALLERY"" карбон GAL1089 (5)",шт,GAL001089
300200881_,"G098 Роз. USB A+C 45Вт высокоскор.заряд., механизм ""ARTGALLERY"" карбон GAL1029 (1)",шт,GAL001029
300200882_,"G099 Рамка 1-ная ""ARTGALLERY"" золото GAL1601 (5)",шт,GAL001601
300200883_,"G100 Рамка 2-ная ""ARTGALLERY"" золото GAL1602 (5)",шт,GAL001602
300200884_,"G101 Рамка 3-ная ""ARTGALLERY"" золото GAL1603 (5)",шт,GAL001603
300200885_,"G102 Рамка 4-ная ""ARTGALLERY"" золото GAL1604 (5)",шт,GAL001604
300200886_,"G103 Рамка 5-ная ""ARTGALLERY"" золото GAL1605 (5)",шт,GAL001605
300200887_,"G104 Роз. с з/к 16А механизм ""ARTGALLERY"" сталь GAL0943 (5)",шт,GAL000943
300200888_,"G105 Выкл. 1 кл 10А ""ARTGALLERY"" сталь GAL0911 (5)",шт,GAL000911
300200889_,"G106 Выкл. 1 кл с инд механизм ""ARTGALLERY"" сталь GAL0913 (5)",шт,GAL000913
300200890_,"G107 Выкл. 2 кл 10А механизм ""ARTGALLERY"" сталь GAL0951 (5)",шт,GAL000951
300200891_,"G108 Выкл. 2 кл с инд механизм ""ARTGALLERY"" сталь GAL0953 (5)",шт,GAL000953
300200892_,"G109 Роз. комп. RJ45 6A механизм ""ARTGALLERY"" сталь GAL0986 (5)",шт,GAL000986
300200893_,"G110 Переключ. 1 кл механизм ""ARTGALLERY"" сталь GAL0961 (5)",шт,GAL000961
300200894_,"G111 Перекрест. переключ. 1 кл ""ARTGALLERY"" сталь GAL0971 (5)",шт,GAL000971
300200895_,"G112 Роз. 2-ная комп. RJ45+RJ45 6А механизм ""ARTGALLERY"" сталь GAL0988 (1)",шт,GAL000988
300200896_,"G113 Роз. с з/к с/ш 16А механизм ""ARTGALLERY"" сталь GAL0945 (5)",шт,GAL000945
300200897_,"G114 Роз. TV оконечная механизм ""ARTGALLERY"" сталь GAL0991 (5)",шт,GAL000991
300200898_,"G115 Рамка 1-ная ""ARTGALLERY"" сталь GAL0901 (10)",шт,GAL000901
300200899_,"G116 Рамка 2-ная ""ARTGALLERY"" сталь GAL0902 (5)",шт,GAL000902
300200900_,"G117 Рамка 3-ная ""ARTGALLERY"" сталь GAL0903 (5)",шт,GAL000903
300200901_,"G118 Рамка 4-ная ""ARTGALLERY"" сталь GAL0904 (5)",шт,GAL000904
300200902_,"G119 Рамка 5-ная ""ARTGALLERY"" сталь GAL0905 (5)",шт,GAL000905
300200903_,"G120 Переключ. 2 кл механизм ""ARTGALLERY"" сталь GAL0965 (5)",шт,GAL000965
300200904_,"G121 Выкл. 1 кл кнопочный 10А механизм ""ARTGALLERY"" сталь GAL0915 (5)",шт,GAL000915
300200905_,"G122 Вывод кабеля механизм ""ARTGALLERY"" сталь GAL0999 (5)",шт,GAL000999
300200906_,"G123 Роз. 2-ная TV комп. RJ45 5Е ""ARTGALLERY"" сталь GAL0989 (5)",шт,GAL000989
300200907_,"G124 Роз. USB A+C 45Вт высокоскор.заряд., механизм ""ARTGALLERY"" сталь GAL0929 (1)",шт,GAL000929
300200908_,"G125 Диммер поворотно-нажимной механизм 400Вт ""ARTGALLERY"" сталь GAL0923 (1)",шт,GAL000923
300200909_,"G126 Роз. с з/к с/ш с крышкой 16А механизм IP20 ""ARTGALLERY"" сталь GAL0946 (5)",шт,GAL000946
300200910_,"G127 Роз. с з/к 16А механизм ""ARTGALLERY"" мокко GAL0643 (10)",шт,GAL000643
300200911_,"G128 Роз. с з/к с/ш 16А механизм ""ARTGALLERY"" мокко GAL0645 (10)",шт,GAL000645
300200912_,"G129 Выкл. 1 кл 10А ""ARTGALLERY"" мокко GAL0611 (10)",шт,GAL000611
300200913_,"G130 Выкл. 1 кл с инд 10А механизм ""ARTGALLERY"" мокко GAL0613 (10)",шт,GAL000613
300200914_,"G131 Выкл. 2 кл 10А механизм ""ARTGALLERY"" мокко GAL0651 (10)",шт,GAL000651
300200915_,"G132 Выкл. 2 кл с инд 10А механизм ""ARTGALLERY"" мокко GAL0653 (10)",шт,GAL000653
300200916_,"G133 Роз. комп. RJ45 6A механизм, ""ARTGALLERY"" мокко GAL0686 (5)",шт,GAL000686
300200917_,"G134 Переключ. 1 кл механизм ""ARTGALLERY"" мокко GAL0661 (10)",шт,GAL000661
300200918_,"G135 Перекрест. переключ. 1 кл ""ARTGALLERY"" мокко GAL0671 (5)",шт,GAL000671
300200919_,"G136 Роз. 2-ная комп. RJ45+RJ45 6А механизм ""ARTGALLERY"" мокко GAL0688 (1)",шт,GAL000688
300200920_,"G137 Роз. TV оконечная механизм ""ARTGALLERY"" мокко GAL0691 (5)",шт,GAL000691
300200921_,"G138 Рамка 1-ная ""ARTGALLERY"" мокко GAL0601 (20)",шт,GAL000601
300200922_,"G139 Рамка 2-ная ""ARTGALLERY"" мокко GAL0602 (10)",шт,GAL000602
300200923_,"G140 Рамка 3-ная ""ARTGALLERY"" мокко GAL0603 (5)",шт,GAL000603
300200924_,"G141 Рамка 4-ная ""ARTGALLERY"" мокко GAL0604 (5)",шт,GAL000604
300200925_,"G142 Рамка 5-ная ""ARTGALLERY"" мокко GAL0605 (5)",шт,GAL000605
300200926_,"G143 Переключ. 2 кл механизм ""ARTGALLERY"" мокко GAL0665 (10)",шт,GAL000665
300200927_,"G144 Выкл. 1 кл кнопочный 10А механизм ""ARTGALLERY"" мокко GAL0615 (5)",шт,GAL000615
300200928_,"G145 Вывод кабеля механизм ""ARTGALLERY"" мокко GAL0699 (5)",шт,GAL000699
300200929_,"G146 Роз. 2-ная TV комп. RJ45 5Е ""ARTGALLERY"" мокко GAL0689 (5)",шт,GAL000689
300200930_,"G147 Роз. USB A+C 45Вт высокоскор.заряд., механизм ""ARTGALLERY"" мокко GAL0629 (1)",шт,GAL000629
300200931_,"G148 Диммер поворотно-нажимной механизм 400Вт ""ARTGALLERY"" мокко GAL0623 (1)",шт,GAL000623
300200932_,"G149 Роз. с з/к с/ш с крышкой 16А механизм IP20 ""ARTGALLERY"" мокко GAL0646 (10)",шт,GAL000646
300200933_,"G150 Роз. с з/к 16А механизм ""ARTGALLERY"" базальт GAL1443 (5)",шт,GAL001443
300200934_,"G151 Выкл. 1 кл 10А ""ARTGALLERY"" базальт GAL1411 (5)",шт,GAL001411
300200935_,"G152 Выкл. 1 кл с инд 10А механизм ""ARTGALLERY"" базальт GAL1413 (5)",шт,GAL001413
300200936_,"G153 Выкл. 2 кл 10А механизм ""ARTGALLERY"" базальт GAL1451 (5)",шт,GAL001451
300200937_,"G154 Выкл. 2 кл с инд 10А механизм ""ARTGALLERY"" базальт GAL1453 (5)",шт,GAL001453
300200938_,"G155 Роз. комп. RJ45 6A механизм ""ARTGALLERY"" базальт GAL1486 (5)",шт,GAL001486
300200939_,"G156 Переключ. 1 кл механизм ""ARTGALLERY"" базальт GAL1461 (5)",шт,GAL001461
300200940_,"G157 Перекрест. переключ. 1 кл ""ARTGALLERY"" базальт GAL1471 (5)",шт,GAL001471
300200941_,"G158 Роз. 2-ная комп. RJ45+RJ45 6A механизм ""ARTGALLERY"" базальт GAL1488 (1)",шт,GAL001488
300200942_,"G159 Роз. с з/к с/ш 16А механизм ""ARTGALLERY"" базальт GAL1445 (5)",шт,GAL001445
300200943_,"G160 Роз. с з/к с/ш с крышкой 16А механизм IP20 ""ARTGALLERY"" базальт GAL1446 (5)",шт,GAL001446
300200944_,"G161 Роз. TV оконечная 1DB механизм ""ARTGALLERY"" базальт GAL1491 (5)",шт,GAL001491
300200945_,"G162 Рамка 1-ная ""ARTGALLERY"" базальт GAL1401 (10)",шт,GAL001401
300200946_,"G163 Рамка 2-ная ""ARTGALLERY"" базальт GAL1402 (5)",шт,GAL001402
300200947_,"G164 Рамка 3-ная ""ARTGALLERY"" базальт GAL1403 (5)",шт,GAL001403
300200948_,"G165 Рамка 4-ная ""ARTGALLERY"" базальт GAL1404 (5)",шт,GAL001404
300200949_,"G166 Рамка 5-ная ""ARTGALLERY"" базальт GAL1405 (5)",шт,GAL001405
300200950_,"G167 Переключ. 2 кл механизм ""ARTGALLERY"" базальт GAL1465 (5)",шт,GAL001465
300200951_,"G168 Диммер поворотно-нажимной механизм 400Вт ""ARTGALLERY"" базальт GAL1423 (1)",шт,GAL001423
300200952_,"G169 Выкл. 1 кл кнопочный 10А механизм ""ARTGALLERY"" базальт GAL1415 (5)",шт,GAL001415
300200953_,"G170 Вывод кабеля механизм ""ARTGALLERY"" базальт GAL1499 (5)",шт,GAL001499
300200954_,"G171 Роз. 2-ная TV комп. RJ45 5Е ""ARTGALLERY"" базальт GAL1489 (5)",шт,GAL001489
300200955_,"G172 Роз. USB A+C 45Вт высокоскор.заряд., механизм ""ARTGALLERY"" базальт GAL1429 (1)",шт,GAL001429
300200956_,"Диммер поворотно-нажимной с/у б/рамки 400Вт ""ATLAS"" жемчуг ATN423 (1)",шт,
300200959_,"S418 Вывод кабеля механизм ""ATLAS"" белый ATN000199 (10)",шт,ATN000199
300200961_,"S420 ТЕРМОСТАТ электрон.для тепл. пола с датч. с/у 10A ""ATLAS"" белый ATN000135 (1)",,ATN000135
300200962_,"K098 ТЕРМОСТАТ электрон.для тепл.пола с датч. с/у 10A ""ATLAS"" КАРБОН ATN001035 (1)",,ATN001035
300200963_,"K047 ТЕРМОСТАТ электрон.для тепл.пола с датч. с/у 10A ""ATLAS"" ШАМПАНЬ ATN000535 (1)",,ATN000535
300200964_,"K096 Вывод кабеля механизм ""ATLAS"" КАРБОН ATN001099 (5)",,ATN001099
300200965_,"K045 Вывод кабеля механизм ""ATLAS"" ШАМПАНЬ ATN000599 (10)",,ATN000599
300200966_,"K046 Выкл. 1 кл с самовозвр. механизм ""ATLAS"" ШАМПАНЬ ATN000515 (5)",,ATN000515
300200967_,"B010 Роз. 2-ная о/у с з/к без ш/т 16А 250В ""BLANCA"" антрацит BLNRA010216 (8)",шт,BLNRA010216
300200968_,"B009 Роз. о/у с з/к без ш/т 16А 250В ""BLANCA"" антрацит BLNRA010116 (12)",шт,BLNRA010116
300201148_,"B001 Выкл 1кл о/у 10А 250B""BLANCA"" антрацит BLNVA101006 (15)",шт,BLNVA101006
300201149_,"B002 Выкл 2 кл о/у 10А 250B ""BLANCA"" антрацит BLNVA105016 (15)",шт,BLNVA105016
300201150_,"B003 Роз. о/у без з/к без ш/т 16А 250В ""BLANCA"" антрацит BLNRA000116 (18)",шт,BLNRA000116
300201151_,"B004 Роз. 2-ная о/у без з/к без ш/т 16А 250В ""BLANCA"" антрацит BLNRA000216 (10)",шт,BLNRA000216
300201152_,"B005 Роз. 3-ная о/у без з/к без ш/т16А 250В ""BLANCA"" антрацит BLNRA000316 (6)",шт,BLNRA000316
300201153_,"B006 Роз. 3-ная о/у с з/к без ш/т 16А 250В ""BLANCA"" антрацит BLNRA010316 (5)",шт,BLNRA010316
300201154_,"B007 Роз. 4-ная о/у без з/к без ш/т 16А 250В ""BLANCA"" антрацит BLNRA000416 (5)",шт,BLNRA000416
300201155_,"B008 Роз. 4-ная о/у с з/к со ш/т 16А 250В ""BLANCA"" антрацит BLNRA011416 (4)",шт,BLNRA011416
ATN000108,"S415 Адаптер 45 ""ATLAS"" белый ATN108 (15)",шт,ATN000108
ATN000109,"S416 Заглушка б/с ""ATLAS"" белый ATN109 (15)",шт,ATN000109
ATN000139,"S417 USB розетка А+С 5В/2,4А ""ATLAS"" белый ATN139",шт,
ATN000330,"SO + USB РОЗЕТКА A+A, 5В/2,4А, 2х5В/1,2А, механизм ""ATLAS"" алюминий ATN330",шт,ATN000330
ATN000389,"РОЗЕТКА двойная комп+ТВ, RJ45+TV, кат.5E, механизм""ATLAS"" алюминий ATN389 !!!",шт,ATN000389
ATN000393,"ATLASDESIGN TV АНТЕННА коннектор, механизм, АЛЮМИНИЙ !!!",шт,
ATN000399,"ВЫВОД КАБЕЛЯ, механизм ""ATLAS"" алюминий ATN399 !!!",шт,ATN000399
ATN000439,"ATLASDESIGN USB РОЗЕТКА A+С, 5В/2,4А, 2х5В/1,2А, механизм, ЖЕМЧУГ",шт,
ATN000446,Роз. с з/к со з/ш с крышкой 16А IP20 механизм жемчуг ATLASDESIGN,шт,ATN000446
ATN000449,"ATLASDESIGN РОЗЕТКА без заземления со шторками, 16А, механизм, ЖЕМЧУГ !!!",шт,
ATN000487,"ATLASDESIGN АУДИОРОЗЕТКА двойная, ЖЕМЧУГ !!!",шт,
ATN000493,"ATLASDESIGN TV АНТЕННА коннектор, механизм, ЖЕМЧУГ !!!",шт,
ATN000499,"ВЫВОД КАБЕЛЯ, механизм, ЖЕМЧУГ ATN499",шт,
ATN000532,"ATLASDESIGN РОЗЕТКА 16А c 2 USB A+C, 5В/2,4А/3,0А, 2х5В/1,5А, механизм, ШАМПАНЬ",шт,ATN000532
ATN000539,"USB Роз. A+С, 5В/2,4А, 2х5В/1,2А, механизм, шампань ""ATLAS""",,ATN000539
ATN000724,"Роз. двойная с з/к, 16А, в сборе, грифель ""ATLAS""",шт,
ATN001105,"ATLASDESIGN 5-постовая РАМКА, универсальная, АКВАМАРИН",шт,
ATN001130,"ATLASDESIGN РОЗЕТКА 16А c 2 USB A+A, 5В/2,4А, 2х5В/1,2А, механизм, АКВАМАРИН",шт,
ATN001132,"ATLASDESIGN РОЗЕТКА 16А c 2 USB A+C, 5В/2,4А/3,0А, 2х5В/1,5А, механизм, АКВАМАР",шт,
ATN001133,"ATLASDESIGN USB РОЗЕТКА A+A, 5В/2,1 А, 2х5В/1,05 А, механизм, АКВАМАРИН",шт,
ATN001209,"AtlasDesign ЗАГЛУШКА без суппорта для многопостовых рамок, ПЕСОЧНЫЙ",шт,
ATN001230,"ATLASDESIGN РОЗЕТКА 16А c 2 USB A+A, 5В/2,4А, 2х5В/1,2А, механизм, ПЕСОЧНЫЙ !!!",шт,
ATN001232,"ATLASDESIGN РОЗЕТКА 16А с 2 USB A+C, 5В/2,4А/3,0А, 2х5В/1,5А, механизм, ПЕСОЧНЫЙ !!!",шт,ATN001232
ATN001233,"ATLASDESIGN USB РОЗЕТКА A+A, 5В/2,1 А, 2х5В/1,05 А, механизм, ПЕСОЧНЫЙ !!!",шт,
ATN001239,"ATLASDESIGN USB РОЗЕТКА A+С, 5В/2,4А, 2х5В/1,2А, механизм, ПЕСОЧНЫЙ !!!",шт,
ATN001302,"Рамка 2-постовая универсальная ""Atlas"" Лотос ATN001301",шт,
ATN001420,"РОЗЕТКА дв. б/з,16А, в сборе, БАЗАЛЬТ ""ATLAS"" Schneider NEW",шт,
ATN200101,"ATLASDESIGN ART 1-постовая РАМКА, БЕЛЫЙ !!!",шт,
ATN200102,"ATLASDESIGN ART 2-постовая РАМКА, БЕЛЫЙ !!!",шт,
ATN200111,"ATLASDESIGN ART 1-клавишный ВЫКЛЮЧАТЕЛЬ, сх.1, 10АХ, механизм, БЕЛЫЙ !!!",шт,
ATN200145,"ATLASDESIGN ART РОЗЕТКА с заземлением со шторками, 16А, механизм, БЕЛЫЙ !!!",шт,
ATN540113,"AtlasDesign PROFI IP54 О/У 1-клавишный ВЫКЛЮЧАТЕЛЬ с подсветкой 10 АХ, БЕЛЫЙ !!!",шт,
ATN540115,"AtlasDesign PROFI IP54 О/У 1-клавишный кнопочный ВЫКЛЮЧАТЕЛЬ 10 АХ, БЕЛЫЙ !!!",шт,ATN540115
ATN544013,"AtlasDesign PROFI IP54 О/У 1-клавишный ВЫКЛЮЧАТЕЛЬ с подсветкой 10 АХ, АНТРАЦИТ !!!",шт,
ATN544015,"AtlasDesign PROFI IP54 О/У 1-клавишный кнопочный ВЫКЛЮЧАТЕЛЬ 10 АХ, АНТРАЦИТ !!!",шт,ATN544015
BLNIA045003,"BLANCA О/У РОЗЕТКА компьютерная RJ45, кат.5E, ИЗОЛ.ПЛ.,АЛЮМИНИЙ",шт,
BLNRA000315,"BLANCA О/У РОЗЕТКА 3-ая без заземления без штор. ИЗОЛ.ПЛ., 16А, 250В, ЯСЕНЬ",шт,
BLNRA000415,"BLANCA О/У РОЗЕТКА 4-ая без заземления без штор. ИЗОЛ.ПЛ.,16А, 250В, ЯСЕНЬ",шт,
BLNRA010213,"BLANCA О/У РОЗЕТКА двойная с заземл. без штор. ИЗОЛ.ПЛ.,16А, 250В, АЛЮМИНИЙ",шт,
BLNRA010215,"BLANCA О/У РОЗЕТКА двойная с заземл. без штор. ИЗОЛ.ПЛ.,16А, 250В, ЯСЕНЬ",шт,
BLNRA010312,"BLANCA О/У РОЗЕТКА 3-я с заземлением без штор. ИЗОЛ.ПЛ 16А, 250В, МОЛОЧНЫЙ",шт,
BLNRA010313,"BLANCA О/У РОЗЕТКА 3-я с заземлением без штор. ИЗОЛ.ПЛ.,16А, 250В, АЛЮМИНИЙ",шт,
BLNRA010314,"BLANCA О/У РОЗЕТКА 3-я с заземлением без штор. ИЗОЛ.ПЛ.,16А, 250В, ТИТАН",шт,
BLNRA010315,"BLANCA О/У РОЗЕТКА 3-я с заземлением без шторок ИЗОЛ.ПЛ.,16А, 250В, ЯСЕНЬ",шт,
BLNRA110115,"BLANCA О/У РОЗЕТКА с заземлением без шторок,(КОМПАКТ) ИЗОЛ.ПЛ. 16А, 250В, ЯСЕНЬ",шт,
BLNVA101013,"BLANCA О/У 1-клавишный ВЫКЛЮЧАТЕЛЬ (сх.1) ИЗОЛ.ПЛ., 10А, 250В, АЛЮМИНИЙ",шт,
BLNVA101014,"BLANCA О/У 1-клавишный ВЫКЛЮЧАТЕЛЬ (сх.1) ИЗОЛ.ПЛ., 10А, 250В, ТИТАН",шт,
BLNVA101015,"BLANCA О/У 1-клавишный ВЫКЛЮЧАТЕЛЬ (сх.1) ИЗОЛ.ПЛ., 10А, 250В, ЯСЕНЬ",шт,
BLNVA105013,"BLANCA О/У 2-клавишный ВЫКЛЮЧАТЕЛЬ (сх.5) ИЗОЛ.ПЛ., 10А, 250В, АЛЮМИНИЙ",шт,
BLNVA105014,"BLANCA О/У 2-клавишный ВЫКЛЮЧАТЕЛЬ (сх.5) ИЗОЛ.ПЛ., 10А, 250В, ТИТАН",шт,
BLNVA105015,"BLANCA О/У 2-клавишный ВЫКЛЮЧАТЕЛЬ (сх.5) ИЗОЛ.ПЛ., 10А, 250В, ЯСЕНЬ",шт,
BLNVA106012,"BLANCA О/У 1-клавишный ПЕРЕКЛЮЧАТЕЛЬ (сх.6) ИЗОЛ.ПЛ.,10А,250В,МОЛОЧНЫЙ",шт,
BLNVA106013,"BLANCA О/У 1-клавишный ПЕРЕКЛЮЧАТЕЛЬ (сх.6) ИЗОЛ.ПЛ, 10А, 250В, АЛЮМИНИЙ",шт,
BLNVA106014,"BLANCA О/У 1-клавишный ПЕРЕКЛЮЧАТЕЛЬ (сх.6) ИЗОЛ.ПЛ, 10А, 250В, ТИТАН",шт,
GAL000584,"ARTGALLERY НАКЛАДКА для информационных функций типа Keystone, ШАМПАНЬ",шт,
GSL000185KK,"РОЗЕТКА двойная компьютерная RJ45+RJ45, кат.5E, механизм белый GSL000185KK",шт,
KD-2-48,Рамка КД-2-48 Wessen,шт,
KD-2-88,Рамка КД-2-88 Wessen,шт,
KD-3-48,Рамка КД-3-48 Wessen,шт,
KD-RS254-18,"Рамка 2-постовая, КД-РС-254-18 Wessen",шт,
LNVA105011,Выкл 2 кл о/у 10А 250B белый BLANCA,шт,BLNVA105011
RA10-164-BI,Розетка РА 10-164 Wessen одинарная наружная,шт,
RA16-213-BI,Розетка РА 16-213 Wessen,шт,
RAT-1A3-B,"ХИТ О/У РОЗЕТКА телевизионная, БЕЛЫЙ. !!!",шт,
RS16-212-S,Розетка РС 16-212 /Wessen/ двойная с заземляющим контактом со шторкой,шт,
RS6-253-18,Розетка РС 6-253-18 Wessen,шт,
RSI-251KK5E-28,Розетка РСИ-251 КК5Е-28 Wessen,шт,
RT-4A3-B,"ХИТ О/У РОЗЕТКА телефонная RJ11, БЕЛЫЙ. Россия",шт,
S56-043-BI,Выключатель 2-клавишный С 56-043 Wessen скрытой установки,шт,
VA1U-112-B,Выключатель 1-клавишный ВА1У-112-би Wessen,шт,
VA510-228B-BI,Выключатель 2-клавишный ВА 510-228Б Wessen,шт,
VS116-153-1-86,Выключатель 1-клавишный ВС 116-153-1-86 Wessen,шт,
VS116-154-1-86,Выключатель 1-клавишный ВС 116-154-1-86 Wessen,шт,
VS516-252-18,Выключатель 2-клавишный ВС 516-252-18 Wessen,шт,
WDE000151,Выключатель 2-клавишный WDE000151 скрытой установки Wessen,шт,
WDE000185,Розетка двойная RJ11+RJ45 кат.5Е белая WDE000185 Wessen,шт,
WDE000193,"Розетка WDE000193 TV-R 2DB механизм Белый, Wessen",шт,
WDE000195,"Розетка WDE000195 TV-R 11DB проходная механизм Белый, Wessen",шт,
WDE000302,"Рамка 2-постовая, WDE000302 скрытой установки Серебро Wessen",шт,
WDE000303,"Рамка 3-постовая, WDE000303 скрытой установки Серебро Wessen",шт,
WDE000304,"Рамка 4-постовая, WDE000304 скрытой установки Серебро Wessen",шт,
WDE000311,Выключатель 1-клавишный WDE000311 скрытой установки Серебро Wessen,шт,
WDE000351,Выключатель 2-клавишный WDE000351 скрытой установки Серебро Wessen,шт,
WDE000381,Розетка телефонная RJ11 серебро WDE000381 Wessen,шт,
WDE000391,Розетка TV серебро WDE000391 Wessen,шт,
WDE000403,Рамка 3-постовая WDE000403 скрытой установки Шампань Wessen,шт,
WDE000404,Рамка 4-постовая WDE000404 скрытой установки Шампань Wessen,шт,
WDE000411,Выключатель 1-клавишный WDE000411 скрытой установки Шампань Wessen,шт,
WDE000413,Выключатель 1-клавишный WDE000413 скрытой установки подсветка Шампань Wessen,шт,
WDE000431,"Выключатель 3-клавишный WDE000431 механизм, Шампань Wessen",шт,
WDE000436,Диммер WDE000436 универсальный 600Вт/ВА Шампань Wessen,шт,
WDE000441,Розетка WDE000441 скрытой установки без заземляющего контакта Шампань Wessen,шт,
WDE000448,"Розетка WDE000448 с ЗК, шторки, крышка IP44 Шампань Wessen",шт,
WDE000451,Выключатель 2-клавишный WDE000451 скрытой установки Шампань Wessen,шт,
WDE000461,"Выключатель 1-клавишный WDE000461 механизм, Шампань Wessen",шт,
WDE000471,Выключатель 1-клавишный WDE000471 механизм Шампань Wessen,шт,
WDE000481,Розетка телефонная RJ11 Шампань WDE000481 Wessen,шт,
WDE000493,Розетка WDE000493 скрытой установки одинарная TV-R 2DB Шампань Wessen,шт,
щщщ0116254,"GLOSSA 2-клавишный ВЫКЛЮЧАТЕЛЬ, сх.5, 10АХ, механизм, БЕЛЫЙ",шт,GSL000151
яярп5490,"Рамка 1-постовая универсальная ""Atlas"" Лотос ATN001301",шт,
